

Microchip MPLAB XC8 Assembler V3.10 build 20250813170317 
                                                                                               Wed Nov 12 18:03:37 2025

Microchip MPLAB XC8 C Compiler v3.10 (Free license) build 20250813170317 Og9 
     1                           	processor	16F887
     2                           	pagewidth 120
     3                           	opt	flic
     4                           	psect	idataBANK1,global,class=CODE,space=0,delta=2,noexec
     5                           	psect	strings,global,class=STRING,space=0,delta=2,noexec
     6                           	psect	cinit,global,class=CODE,space=0,merge=1,delta=2
     7                           	psect	bssBANK1,global,class=BANK1,space=1,delta=1,noexec
     8                           	psect	dataBANK1,global,class=BANK1,space=1,delta=1,noexec
     9                           	psect	bssBANK3,global,class=BANK3,space=1,delta=1,noexec
    10                           	psect	clrtext,global,class=CODE,space=0,delta=2
    11                           	psect	cstackBANK1,global,class=BANK1,space=1,delta=1,noexec
    12                           	psect	cstackCOMMON,global,class=COMMON,space=1,delta=1,noexec
    13                           	psect	cstackBANK0,global,class=BANK0,space=1,delta=1,noexec
    14                           	psect	maintext,global,class=CODE,space=0,split=1,delta=2
    15                           	psect	text1,local,class=CODE,space=0,merge=1,delta=2
    16                           	psect	text2,local,class=CODE,space=0,merge=1,delta=2
    17                           	psect	text3,local,class=CODE,space=0,merge=1,delta=2
    18                           	psect	text4,local,class=CODE,space=0,merge=1,delta=2
    19                           	psect	text5,local,class=CODE,space=0,merge=1,delta=2
    20                           	psect	text6,local,class=CODE,space=0,merge=1,delta=2,group=1
    21                           	psect	text7,local,class=CODE,space=0,merge=1,delta=2,group=1
    22                           	psect	text8,local,class=CODE,space=0,merge=1,delta=2,group=1
    23                           	psect	text9,local,class=CODE,space=0,merge=1,delta=2
    24                           	psect	text10,local,class=CODE,space=0,merge=1,delta=2,group=1
    25                           	psect	text11,local,class=CODE,space=0,merge=1,delta=2,group=1
    26                           	psect	text12,local,class=CODE,space=0,merge=1,delta=2
    27                           	psect	text13,local,class=CODE,space=0,merge=1,delta=2
    28                           	psect	text14,local,class=CODE,space=0,merge=1,delta=2
    29                           	psect	text15,local,class=CODE,space=0,merge=1,delta=2
    30                           	psect	text16,local,class=CODE,space=0,merge=1,delta=2
    31                           	psect	text17,local,class=CODE,space=0,merge=1,delta=2,group=1
    32                           	psect	text18,local,class=CODE,space=0,merge=1,delta=2,group=1
    33                           	psect	text19,local,class=CODE,space=0,merge=1,delta=2,group=1
    34                           	psect	text20,local,class=CODE,space=0,merge=1,delta=2,group=1
    35                           	psect	text21,local,class=CODE,space=0,merge=1,delta=2
    36                           	psect	text22,local,class=CODE,space=0,merge=1,delta=2,group=1
    37                           	psect	text23,local,class=CODE,space=0,merge=1,delta=2
    38                           	psect	text24,local,class=CODE,space=0,merge=1,delta=2
    39                           	psect	text25,local,class=CODE,space=0,merge=1,delta=2
    40                           	psect	text26,local,class=CODE,space=0,merge=1,delta=2
    41                           	psect	text27,local,class=CODE,space=0,merge=1,delta=2
    42                           	psect	text28,local,class=CODE,space=0,merge=1,delta=2
    43                           	psect	text29,local,class=CODE,space=0,merge=1,delta=2
    44                           	psect	text30,local,class=CODE,space=0,merge=1,delta=2
    45                           	psect	text31,local,class=CODE,space=0,merge=1,delta=2
    46                           	psect	text32,local,class=CODE,space=0,merge=1,delta=2
    47                           	psect	text33,local,class=CODE,space=0,merge=1,delta=2
    48                           	psect	text34,local,class=CODE,space=0,merge=1,delta=2
    49                           	psect	text35,local,class=CODE,space=0,merge=1,delta=2
    50                           	psect	text36,local,class=CODE,space=0,merge=1,delta=2
    51                           	psect	text37,local,class=CODE,space=0,merge=1,delta=2,group=1
    52                           	psect	text38,local,class=CODE,space=0,merge=1,delta=2
    53                           	psect	text39,local,class=CODE,space=0,merge=1,delta=2
    54                           	psect	text40,local,class=CODE,space=0,merge=1,delta=2
    55                           	psect	text41,local,class=CODE,space=0,merge=1,delta=2
    56                           	psect	text42,local,class=CODE,space=0,merge=1,delta=2
    57                           	psect	text43,local,class=CODE,space=0,merge=1,inline,delta=2
    58                           	psect	text44,local,class=CODE,space=0,merge=1,inline,delta=2
    59                           	psect	text45,local,class=CODE,space=0,merge=1,delta=2
    60                           	psect	text46,local,class=CODE,space=0,merge=1,delta=2
    61                           	psect	text47,local,class=CODE,space=0,merge=1,inline,delta=2
    62                           	psect	text48,local,class=CODE,space=0,merge=1,inline,delta=2
    63                           	psect	text49,local,class=CODE,space=0,merge=1,delta=2
    64                           	psect	text50,local,class=CODE,space=0,merge=1,delta=2,group=1
    65                           	psect	text51,local,class=CODE,space=0,merge=1,delta=2,group=1
    66                           	psect	text52,local,class=CODE,space=0,merge=1,delta=2,group=1
    67                           	psect	text53,local,class=CODE,space=0,merge=1,delta=2,group=1
    68                           	psect	text54,local,class=CODE,space=0,merge=1,delta=2
    69                           	psect	config,global,abs,ovrld,class=CONFIG,space=4,delta=2,noexec
    70                           	dabs	1,0x7E,2
    71     0000                     
    72                           ; Generated 12/10/2023 GMT
    73                           ; 
    74                           ; Copyright © 2023, Microchip Technology Inc. and its subsidiaries ("Microchip")
    75                           ; All rights reserved.
    76                           ; 
    77                           ; This software is developed by Microchip Technology Inc. and its subsidiaries ("Microch
      +                          ip").
    78                           ; 
    79                           ; Redistribution and use in source and binary forms, with or without modification, are
    80                           ; permitted provided that the following conditions are met:
    81                           ; 
    82                           ;     1. Redistributions of source code must retain the above copyright notice, this lis
      +                          t of
    83                           ;        conditions and the following disclaimer.
    84                           ; 
    85                           ;     2. Redistributions in binary form must reproduce the above copyright notice, this 
      +                          list
    86                           ;        of conditions and the following disclaimer in the documentation and/or other
    87                           ;        materials provided with the distribution. Publication is not required when
    88                           ;        this file is used in an embedded application.
    89                           ; 
    90                           ;     3. Microchip's name may not be used to endorse or promote products derived from th
      +                          is
    91                           ;        software without specific prior written permission.
    92                           ; 
    93                           ; THIS SOFTWARE IS PROVIDED BY MICROCHIP "AS IS" AND ANY EXPRESS OR IMPLIED WARRANTIES,
    94                           ; INCLUDING, BUT NOT LIMITED TO, THE IMPLIED WARRANTIES OF MERCHANTABILITY AND FITNESS F
      +                          OR
    95                           ; PURPOSE ARE DISCLAIMED.  IN NO EVENT SHALL MICROCHIP BE LIABLE FOR ANY DIRECT, INDIREC
      +                          T,
    96                           ; INCIDENTAL, SPECIAL, EXEMPLARY, OR CONSEQUENTIAL DAMAGES (INCLUDING BUT NOT LIMITED TO
    97                           ; PROCUREMENT OF SUBSTITUTE GOODS OR SERVICES; LOSS OF USE, DATA OR PROFITS; OR BUSINESS
    98                           ; INTERRUPTION) HOWSOEVER CAUSED AND ON ANY THEORY OF LIABILITY, WHETHER IN CONTRACT, ST
      +                          RICT
    99                           ; LIABILITY, OR TORT (INCLUDING NEGLIGENCE OR OTHERWISE) ARISING IN ANY WAY OUT OF THE U
      +                          SE OF
   100                           ; THIS SOFTWARE, EVEN IF ADVISED OF THE POSSIBILITY OF SUCH DAMAGE.
   101                           ; 
   102                           ; 
   103                           ; Code-generator required, PIC16F887 Definitions
   104                           ; 
   105                           ; SFR Addresses
   106     0004                     fsr             equ	4
   107     0004                     fsr0            equ	4
   108     0000                     indf            equ	0
   109     0000                     indf0           equ	0
   110     0002                     pc              equ	2
   111     0002                     pcl             equ	2
   112     000A                     pclath          equ	10
   113     0003                     status          equ	3
   114     0000                     INDF            equ	0	;# 
   115     0001                     TMR0            equ	1	;# 
   116     0002                     PCL             equ	2	;# 
   117     0003                     STATUS          equ	3	;# 
   118     0004                     FSR             equ	4	;# 
   119     0005                     PORTA           equ	5	;# 
   120     0006                     PORTB           equ	6	;# 
   121     0007                     PORTC           equ	7	;# 
   122     0008                     PORTD           equ	8	;# 
   123     0009                     PORTE           equ	9	;# 
   124     000A                     PCLATH          equ	10	;# 
   125     000B                     INTCON          equ	11	;# 
   126     000C                     PIR1            equ	12	;# 
   127     000D                     PIR2            equ	13	;# 
   128     000E                     TMR1            equ	14	;# 
   129     000E                     TMR1L           equ	14	;# 
   130     000F                     TMR1H           equ	15	;# 
   131     0010                     T1CON           equ	16	;# 
   132     0011                     TMR2            equ	17	;# 
   133     0012                     T2CON           equ	18	;# 
   134     0013                     SSPBUF          equ	19	;# 
   135     0014                     SSPCON          equ	20	;# 
   136     0015                     CCPR1           equ	21	;# 
   137     0015                     CCPR1L          equ	21	;# 
   138     0016                     CCPR1H          equ	22	;# 
   139     0017                     CCP1CON         equ	23	;# 
   140     0018                     RCSTA           equ	24	;# 
   141     0019                     TXREG           equ	25	;# 
   142     001A                     RCREG           equ	26	;# 
   143     001B                     CCPR2           equ	27	;# 
   144     001B                     CCPR2L          equ	27	;# 
   145     001C                     CCPR2H          equ	28	;# 
   146     001D                     CCP2CON         equ	29	;# 
   147     001E                     ADRESH          equ	30	;# 
   148     001F                     ADCON0          equ	31	;# 
   149     0081                     OPTION_REG      equ	129	;# 
   150     0085                     TRISA           equ	133	;# 
   151     0086                     TRISB           equ	134	;# 
   152     0087                     TRISC           equ	135	;# 
   153     0088                     TRISD           equ	136	;# 
   154     0089                     TRISE           equ	137	;# 
   155     008C                     PIE1            equ	140	;# 
   156     008D                     PIE2            equ	141	;# 
   157     008E                     PCON            equ	142	;# 
   158     008F                     OSCCON          equ	143	;# 
   159     0090                     OSCTUNE         equ	144	;# 
   160     0091                     SSPCON2         equ	145	;# 
   161     0092                     PR2             equ	146	;# 
   162     0093                     SSPADD          equ	147	;# 
   163     0093                     SSPMSK          equ	147	;# 
   164     0093                     MSK             equ	147	;# 
   165     0094                     SSPSTAT         equ	148	;# 
   166     0095                     WPUB            equ	149	;# 
   167     0096                     IOCB            equ	150	;# 
   168     0097                     VRCON           equ	151	;# 
   169     0098                     TXSTA           equ	152	;# 
   170     0099                     SPBRG           equ	153	;# 
   171     009A                     SPBRGH          equ	154	;# 
   172     009B                     PWM1CON         equ	155	;# 
   173     009C                     ECCPAS          equ	156	;# 
   174     009D                     PSTRCON         equ	157	;# 
   175     009E                     ADRESL          equ	158	;# 
   176     009F                     ADCON1          equ	159	;# 
   177     0105                     WDTCON          equ	261	;# 
   178     0107                     CM1CON0         equ	263	;# 
   179     0108                     CM2CON0         equ	264	;# 
   180     0109                     CM2CON1         equ	265	;# 
   181     010C                     EEDATA          equ	268	;# 
   182     010C                     EEDAT           equ	268	;# 
   183     010D                     EEADR           equ	269	;# 
   184     010E                     EEDATH          equ	270	;# 
   185     010F                     EEADRH          equ	271	;# 
   186     0185                     SRCON           equ	389	;# 
   187     0187                     BAUDCTL         equ	391	;# 
   188     0188                     ANSEL           equ	392	;# 
   189     0189                     ANSELH          equ	393	;# 
   190     018C                     EECON1          equ	396	;# 
   191     018D                     EECON2          equ	397	;# 
   192     0000                     INDF            equ	0	;# 
   193     0001                     TMR0            equ	1	;# 
   194     0002                     PCL             equ	2	;# 
   195     0003                     STATUS          equ	3	;# 
   196     0004                     FSR             equ	4	;# 
   197     0005                     PORTA           equ	5	;# 
   198     0006                     PORTB           equ	6	;# 
   199     0007                     PORTC           equ	7	;# 
   200     0008                     PORTD           equ	8	;# 
   201     0009                     PORTE           equ	9	;# 
   202     000A                     PCLATH          equ	10	;# 
   203     000B                     INTCON          equ	11	;# 
   204     000C                     PIR1            equ	12	;# 
   205     000D                     PIR2            equ	13	;# 
   206     000E                     TMR1            equ	14	;# 
   207     000E                     TMR1L           equ	14	;# 
   208     000F                     TMR1H           equ	15	;# 
   209     0010                     T1CON           equ	16	;# 
   210     0011                     TMR2            equ	17	;# 
   211     0012                     T2CON           equ	18	;# 
   212     0013                     SSPBUF          equ	19	;# 
   213     0014                     SSPCON          equ	20	;# 
   214     0015                     CCPR1           equ	21	;# 
   215     0015                     CCPR1L          equ	21	;# 
   216     0016                     CCPR1H          equ	22	;# 
   217     0017                     CCP1CON         equ	23	;# 
   218     0018                     RCSTA           equ	24	;# 
   219     0019                     TXREG           equ	25	;# 
   220     001A                     RCREG           equ	26	;# 
   221     001B                     CCPR2           equ	27	;# 
   222     001B                     CCPR2L          equ	27	;# 
   223     001C                     CCPR2H          equ	28	;# 
   224     001D                     CCP2CON         equ	29	;# 
   225     001E                     ADRESH          equ	30	;# 
   226     001F                     ADCON0          equ	31	;# 
   227     0081                     OPTION_REG      equ	129	;# 
   228     0085                     TRISA           equ	133	;# 
   229     0086                     TRISB           equ	134	;# 
   230     0087                     TRISC           equ	135	;# 
   231     0088                     TRISD           equ	136	;# 
   232     0089                     TRISE           equ	137	;# 
   233     008C                     PIE1            equ	140	;# 
   234     008D                     PIE2            equ	141	;# 
   235     008E                     PCON            equ	142	;# 
   236     008F                     OSCCON          equ	143	;# 
   237     0090                     OSCTUNE         equ	144	;# 
   238     0091                     SSPCON2         equ	145	;# 
   239     0092                     PR2             equ	146	;# 
   240     0093                     SSPADD          equ	147	;# 
   241     0093                     SSPMSK          equ	147	;# 
   242     0093                     MSK             equ	147	;# 
   243     0094                     SSPSTAT         equ	148	;# 
   244     0095                     WPUB            equ	149	;# 
   245     0096                     IOCB            equ	150	;# 
   246     0097                     VRCON           equ	151	;# 
   247     0098                     TXSTA           equ	152	;# 
   248     0099                     SPBRG           equ	153	;# 
   249     009A                     SPBRGH          equ	154	;# 
   250     009B                     PWM1CON         equ	155	;# 
   251     009C                     ECCPAS          equ	156	;# 
   252     009D                     PSTRCON         equ	157	;# 
   253     009E                     ADRESL          equ	158	;# 
   254     009F                     ADCON1          equ	159	;# 
   255     0105                     WDTCON          equ	261	;# 
   256     0107                     CM1CON0         equ	263	;# 
   257     0108                     CM2CON0         equ	264	;# 
   258     0109                     CM2CON1         equ	265	;# 
   259     010C                     EEDATA          equ	268	;# 
   260     010C                     EEDAT           equ	268	;# 
   261     010D                     EEADR           equ	269	;# 
   262     010E                     EEDATH          equ	270	;# 
   263     010F                     EEADRH          equ	271	;# 
   264     0185                     SRCON           equ	389	;# 
   265     0187                     BAUDCTL         equ	391	;# 
   266     0188                     ANSEL           equ	392	;# 
   267     0189                     ANSELH          equ	393	;# 
   268     018C                     EECON1          equ	396	;# 
   269     018D                     EECON2          equ	397	;# 
   270     0000                     INDF            equ	0	;# 
   271     0001                     TMR0            equ	1	;# 
   272     0002                     PCL             equ	2	;# 
   273     0003                     STATUS          equ	3	;# 
   274     0004                     FSR             equ	4	;# 
   275     0005                     PORTA           equ	5	;# 
   276     0006                     PORTB           equ	6	;# 
   277     0007                     PORTC           equ	7	;# 
   278     0008                     PORTD           equ	8	;# 
   279     0009                     PORTE           equ	9	;# 
   280     000A                     PCLATH          equ	10	;# 
   281     000B                     INTCON          equ	11	;# 
   282     000C                     PIR1            equ	12	;# 
   283     000D                     PIR2            equ	13	;# 
   284     000E                     TMR1            equ	14	;# 
   285     000E                     TMR1L           equ	14	;# 
   286     000F                     TMR1H           equ	15	;# 
   287     0010                     T1CON           equ	16	;# 
   288     0011                     TMR2            equ	17	;# 
   289     0012                     T2CON           equ	18	;# 
   290     0013                     SSPBUF          equ	19	;# 
   291     0014                     SSPCON          equ	20	;# 
   292     0015                     CCPR1           equ	21	;# 
   293     0015                     CCPR1L          equ	21	;# 
   294     0016                     CCPR1H          equ	22	;# 
   295     0017                     CCP1CON         equ	23	;# 
   296     0018                     RCSTA           equ	24	;# 
   297     0019                     TXREG           equ	25	;# 
   298     001A                     RCREG           equ	26	;# 
   299     001B                     CCPR2           equ	27	;# 
   300     001B                     CCPR2L          equ	27	;# 
   301     001C                     CCPR2H          equ	28	;# 
   302     001D                     CCP2CON         equ	29	;# 
   303     001E                     ADRESH          equ	30	;# 
   304     001F                     ADCON0          equ	31	;# 
   305     0081                     OPTION_REG      equ	129	;# 
   306     0085                     TRISA           equ	133	;# 
   307     0086                     TRISB           equ	134	;# 
   308     0087                     TRISC           equ	135	;# 
   309     0088                     TRISD           equ	136	;# 
   310     0089                     TRISE           equ	137	;# 
   311     008C                     PIE1            equ	140	;# 
   312     008D                     PIE2            equ	141	;# 
   313     008E                     PCON            equ	142	;# 
   314     008F                     OSCCON          equ	143	;# 
   315     0090                     OSCTUNE         equ	144	;# 
   316     0091                     SSPCON2         equ	145	;# 
   317     0092                     PR2             equ	146	;# 
   318     0093                     SSPADD          equ	147	;# 
   319     0093                     SSPMSK          equ	147	;# 
   320     0093                     MSK             equ	147	;# 
   321     0094                     SSPSTAT         equ	148	;# 
   322     0095                     WPUB            equ	149	;# 
   323     0096                     IOCB            equ	150	;# 
   324     0097                     VRCON           equ	151	;# 
   325     0098                     TXSTA           equ	152	;# 
   326     0099                     SPBRG           equ	153	;# 
   327     009A                     SPBRGH          equ	154	;# 
   328     009B                     PWM1CON         equ	155	;# 
   329     009C                     ECCPAS          equ	156	;# 
   330     009D                     PSTRCON         equ	157	;# 
   331     009E                     ADRESL          equ	158	;# 
   332     009F                     ADCON1          equ	159	;# 
   333     0105                     WDTCON          equ	261	;# 
   334     0107                     CM1CON0         equ	263	;# 
   335     0108                     CM2CON0         equ	264	;# 
   336     0109                     CM2CON1         equ	265	;# 
   337     010C                     EEDATA          equ	268	;# 
   338     010C                     EEDAT           equ	268	;# 
   339     010D                     EEADR           equ	269	;# 
   340     010E                     EEDATH          equ	270	;# 
   341     010F                     EEADRH          equ	271	;# 
   342     0185                     SRCON           equ	389	;# 
   343     0187                     BAUDCTL         equ	391	;# 
   344     0188                     ANSEL           equ	392	;# 
   345     0189                     ANSELH          equ	393	;# 
   346     018C                     EECON1          equ	396	;# 
   347     018D                     EECON2          equ	397	;# 
   348     0000                     INDF            equ	0	;# 
   349     0001                     TMR0            equ	1	;# 
   350     0002                     PCL             equ	2	;# 
   351     0003                     STATUS          equ	3	;# 
   352     0004                     FSR             equ	4	;# 
   353     0005                     PORTA           equ	5	;# 
   354     0006                     PORTB           equ	6	;# 
   355     0007                     PORTC           equ	7	;# 
   356     0008                     PORTD           equ	8	;# 
   357     0009                     PORTE           equ	9	;# 
   358     000A                     PCLATH          equ	10	;# 
   359     000B                     INTCON          equ	11	;# 
   360     000C                     PIR1            equ	12	;# 
   361     000D                     PIR2            equ	13	;# 
   362     000E                     TMR1            equ	14	;# 
   363     000E                     TMR1L           equ	14	;# 
   364     000F                     TMR1H           equ	15	;# 
   365     0010                     T1CON           equ	16	;# 
   366     0011                     TMR2            equ	17	;# 
   367     0012                     T2CON           equ	18	;# 
   368     0013                     SSPBUF          equ	19	;# 
   369     0014                     SSPCON          equ	20	;# 
   370     0015                     CCPR1           equ	21	;# 
   371     0015                     CCPR1L          equ	21	;# 
   372     0016                     CCPR1H          equ	22	;# 
   373     0017                     CCP1CON         equ	23	;# 
   374     0018                     RCSTA           equ	24	;# 
   375     0019                     TXREG           equ	25	;# 
   376     001A                     RCREG           equ	26	;# 
   377     001B                     CCPR2           equ	27	;# 
   378     001B                     CCPR2L          equ	27	;# 
   379     001C                     CCPR2H          equ	28	;# 
   380     001D                     CCP2CON         equ	29	;# 
   381     001E                     ADRESH          equ	30	;# 
   382     001F                     ADCON0          equ	31	;# 
   383     0081                     OPTION_REG      equ	129	;# 
   384     0085                     TRISA           equ	133	;# 
   385     0086                     TRISB           equ	134	;# 
   386     0087                     TRISC           equ	135	;# 
   387     0088                     TRISD           equ	136	;# 
   388     0089                     TRISE           equ	137	;# 
   389     008C                     PIE1            equ	140	;# 
   390     008D                     PIE2            equ	141	;# 
   391     008E                     PCON            equ	142	;# 
   392     008F                     OSCCON          equ	143	;# 
   393     0090                     OSCTUNE         equ	144	;# 
   394     0091                     SSPCON2         equ	145	;# 
   395     0092                     PR2             equ	146	;# 
   396     0093                     SSPADD          equ	147	;# 
   397     0093                     SSPMSK          equ	147	;# 
   398     0093                     MSK             equ	147	;# 
   399     0094                     SSPSTAT         equ	148	;# 
   400     0095                     WPUB            equ	149	;# 
   401     0096                     IOCB            equ	150	;# 
   402     0097                     VRCON           equ	151	;# 
   403     0098                     TXSTA           equ	152	;# 
   404     0099                     SPBRG           equ	153	;# 
   405     009A                     SPBRGH          equ	154	;# 
   406     009B                     PWM1CON         equ	155	;# 
   407     009C                     ECCPAS          equ	156	;# 
   408     009D                     PSTRCON         equ	157	;# 
   409     009E                     ADRESL          equ	158	;# 
   410     009F                     ADCON1          equ	159	;# 
   411     0105                     WDTCON          equ	261	;# 
   412     0107                     CM1CON0         equ	263	;# 
   413     0108                     CM2CON0         equ	264	;# 
   414     0109                     CM2CON1         equ	265	;# 
   415     010C                     EEDATA          equ	268	;# 
   416     010C                     EEDAT           equ	268	;# 
   417     010D                     EEADR           equ	269	;# 
   418     010E                     EEDATH          equ	270	;# 
   419     010F                     EEADRH          equ	271	;# 
   420     0185                     SRCON           equ	389	;# 
   421     0187                     BAUDCTL         equ	391	;# 
   422     0188                     ANSEL           equ	392	;# 
   423     0189                     ANSELH          equ	393	;# 
   424     018C                     EECON1          equ	396	;# 
   425     018D                     EECON2          equ	397	;# 
   426     0000                     INDF            equ	0	;# 
   427     0001                     TMR0            equ	1	;# 
   428     0002                     PCL             equ	2	;# 
   429     0003                     STATUS          equ	3	;# 
   430     0004                     FSR             equ	4	;# 
   431     0005                     PORTA           equ	5	;# 
   432     0006                     PORTB           equ	6	;# 
   433     0007                     PORTC           equ	7	;# 
   434     0008                     PORTD           equ	8	;# 
   435     0009                     PORTE           equ	9	;# 
   436     000A                     PCLATH          equ	10	;# 
   437     000B                     INTCON          equ	11	;# 
   438     000C                     PIR1            equ	12	;# 
   439     000D                     PIR2            equ	13	;# 
   440     000E                     TMR1            equ	14	;# 
   441     000E                     TMR1L           equ	14	;# 
   442     000F                     TMR1H           equ	15	;# 
   443     0010                     T1CON           equ	16	;# 
   444     0011                     TMR2            equ	17	;# 
   445     0012                     T2CON           equ	18	;# 
   446     0013                     SSPBUF          equ	19	;# 
   447     0014                     SSPCON          equ	20	;# 
   448     0015                     CCPR1           equ	21	;# 
   449     0015                     CCPR1L          equ	21	;# 
   450     0016                     CCPR1H          equ	22	;# 
   451     0017                     CCP1CON         equ	23	;# 
   452     0018                     RCSTA           equ	24	;# 
   453     0019                     TXREG           equ	25	;# 
   454     001A                     RCREG           equ	26	;# 
   455     001B                     CCPR2           equ	27	;# 
   456     001B                     CCPR2L          equ	27	;# 
   457     001C                     CCPR2H          equ	28	;# 
   458     001D                     CCP2CON         equ	29	;# 
   459     001E                     ADRESH          equ	30	;# 
   460     001F                     ADCON0          equ	31	;# 
   461     0081                     OPTION_REG      equ	129	;# 
   462     0085                     TRISA           equ	133	;# 
   463     0086                     TRISB           equ	134	;# 
   464     0087                     TRISC           equ	135	;# 
   465     0088                     TRISD           equ	136	;# 
   466     0089                     TRISE           equ	137	;# 
   467     008C                     PIE1            equ	140	;# 
   468     008D                     PIE2            equ	141	;# 
   469     008E                     PCON            equ	142	;# 
   470     008F                     OSCCON          equ	143	;# 
   471     0090                     OSCTUNE         equ	144	;# 
   472     0091                     SSPCON2         equ	145	;# 
   473     0092                     PR2             equ	146	;# 
   474     0093                     SSPADD          equ	147	;# 
   475     0093                     SSPMSK          equ	147	;# 
   476     0093                     MSK             equ	147	;# 
   477     0094                     SSPSTAT         equ	148	;# 
   478     0095                     WPUB            equ	149	;# 
   479     0096                     IOCB            equ	150	;# 
   480     0097                     VRCON           equ	151	;# 
   481     0098                     TXSTA           equ	152	;# 
   482     0099                     SPBRG           equ	153	;# 
   483     009A                     SPBRGH          equ	154	;# 
   484     009B                     PWM1CON         equ	155	;# 
   485     009C                     ECCPAS          equ	156	;# 
   486     009D                     PSTRCON         equ	157	;# 
   487     009E                     ADRESL          equ	158	;# 
   488     009F                     ADCON1          equ	159	;# 
   489     0105                     WDTCON          equ	261	;# 
   490     0107                     CM1CON0         equ	263	;# 
   491     0108                     CM2CON0         equ	264	;# 
   492     0109                     CM2CON1         equ	265	;# 
   493     010C                     EEDATA          equ	268	;# 
   494     010C                     EEDAT           equ	268	;# 
   495     010D                     EEADR           equ	269	;# 
   496     010E                     EEDATH          equ	270	;# 
   497     010F                     EEADRH          equ	271	;# 
   498     0185                     SRCON           equ	389	;# 
   499     0187                     BAUDCTL         equ	391	;# 
   500     0188                     ANSEL           equ	392	;# 
   501     0189                     ANSELH          equ	393	;# 
   502     018C                     EECON1          equ	396	;# 
   503     018D                     EECON2          equ	397	;# 
   504     0000                     INDF            equ	0	;# 
   505     0001                     TMR0            equ	1	;# 
   506     0002                     PCL             equ	2	;# 
   507     0003                     STATUS          equ	3	;# 
   508     0004                     FSR             equ	4	;# 
   509     0005                     PORTA           equ	5	;# 
   510     0006                     PORTB           equ	6	;# 
   511     0007                     PORTC           equ	7	;# 
   512     0008                     PORTD           equ	8	;# 
   513     0009                     PORTE           equ	9	;# 
   514     000A                     PCLATH          equ	10	;# 
   515     000B                     INTCON          equ	11	;# 
   516     000C                     PIR1            equ	12	;# 
   517     000D                     PIR2            equ	13	;# 
   518     000E                     TMR1            equ	14	;# 
   519     000E                     TMR1L           equ	14	;# 
   520     000F                     TMR1H           equ	15	;# 
   521     0010                     T1CON           equ	16	;# 
   522     0011                     TMR2            equ	17	;# 
   523     0012                     T2CON           equ	18	;# 
   524     0013                     SSPBUF          equ	19	;# 
   525     0014                     SSPCON          equ	20	;# 
   526     0015                     CCPR1           equ	21	;# 
   527     0015                     CCPR1L          equ	21	;# 
   528     0016                     CCPR1H          equ	22	;# 
   529     0017                     CCP1CON         equ	23	;# 
   530     0018                     RCSTA           equ	24	;# 
   531     0019                     TXREG           equ	25	;# 
   532     001A                     RCREG           equ	26	;# 
   533     001B                     CCPR2           equ	27	;# 
   534     001B                     CCPR2L          equ	27	;# 
   535     001C                     CCPR2H          equ	28	;# 
   536     001D                     CCP2CON         equ	29	;# 
   537     001E                     ADRESH          equ	30	;# 
   538     001F                     ADCON0          equ	31	;# 
   539     0081                     OPTION_REG      equ	129	;# 
   540     0085                     TRISA           equ	133	;# 
   541     0086                     TRISB           equ	134	;# 
   542     0087                     TRISC           equ	135	;# 
   543     0088                     TRISD           equ	136	;# 
   544     0089                     TRISE           equ	137	;# 
   545     008C                     PIE1            equ	140	;# 
   546     008D                     PIE2            equ	141	;# 
   547     008E                     PCON            equ	142	;# 
   548     008F                     OSCCON          equ	143	;# 
   549     0090                     OSCTUNE         equ	144	;# 
   550     0091                     SSPCON2         equ	145	;# 
   551     0092                     PR2             equ	146	;# 
   552     0093                     SSPADD          equ	147	;# 
   553     0093                     SSPMSK          equ	147	;# 
   554     0093                     MSK             equ	147	;# 
   555     0094                     SSPSTAT         equ	148	;# 
   556     0095                     WPUB            equ	149	;# 
   557     0096                     IOCB            equ	150	;# 
   558     0097                     VRCON           equ	151	;# 
   559     0098                     TXSTA           equ	152	;# 
   560     0099                     SPBRG           equ	153	;# 
   561     009A                     SPBRGH          equ	154	;# 
   562     009B                     PWM1CON         equ	155	;# 
   563     009C                     ECCPAS          equ	156	;# 
   564     009D                     PSTRCON         equ	157	;# 
   565     009E                     ADRESL          equ	158	;# 
   566     009F                     ADCON1          equ	159	;# 
   567     0105                     WDTCON          equ	261	;# 
   568     0107                     CM1CON0         equ	263	;# 
   569     0108                     CM2CON0         equ	264	;# 
   570     0109                     CM2CON1         equ	265	;# 
   571     010C                     EEDATA          equ	268	;# 
   572     010C                     EEDAT           equ	268	;# 
   573     010D                     EEADR           equ	269	;# 
   574     010E                     EEDATH          equ	270	;# 
   575     010F                     EEADRH          equ	271	;# 
   576     0185                     SRCON           equ	389	;# 
   577     0187                     BAUDCTL         equ	391	;# 
   578     0188                     ANSEL           equ	392	;# 
   579     0189                     ANSELH          equ	393	;# 
   580     018C                     EECON1          equ	396	;# 
   581     018D                     EECON2          equ	397	;# 
   582     0000                     INDF            equ	0	;# 
   583     0001                     TMR0            equ	1	;# 
   584     0002                     PCL             equ	2	;# 
   585     0003                     STATUS          equ	3	;# 
   586     0004                     FSR             equ	4	;# 
   587     0005                     PORTA           equ	5	;# 
   588     0006                     PORTB           equ	6	;# 
   589     0007                     PORTC           equ	7	;# 
   590     0008                     PORTD           equ	8	;# 
   591     0009                     PORTE           equ	9	;# 
   592     000A                     PCLATH          equ	10	;# 
   593     000B                     INTCON          equ	11	;# 
   594     000C                     PIR1            equ	12	;# 
   595     000D                     PIR2            equ	13	;# 
   596     000E                     TMR1            equ	14	;# 
   597     000E                     TMR1L           equ	14	;# 
   598     000F                     TMR1H           equ	15	;# 
   599     0010                     T1CON           equ	16	;# 
   600     0011                     TMR2            equ	17	;# 
   601     0012                     T2CON           equ	18	;# 
   602     0013                     SSPBUF          equ	19	;# 
   603     0014                     SSPCON          equ	20	;# 
   604     0015                     CCPR1           equ	21	;# 
   605     0015                     CCPR1L          equ	21	;# 
   606     0016                     CCPR1H          equ	22	;# 
   607     0017                     CCP1CON         equ	23	;# 
   608     0018                     RCSTA           equ	24	;# 
   609     0019                     TXREG           equ	25	;# 
   610     001A                     RCREG           equ	26	;# 
   611     001B                     CCPR2           equ	27	;# 
   612     001B                     CCPR2L          equ	27	;# 
   613     001C                     CCPR2H          equ	28	;# 
   614     001D                     CCP2CON         equ	29	;# 
   615     001E                     ADRESH          equ	30	;# 
   616     001F                     ADCON0          equ	31	;# 
   617     0081                     OPTION_REG      equ	129	;# 
   618     0085                     TRISA           equ	133	;# 
   619     0086                     TRISB           equ	134	;# 
   620     0087                     TRISC           equ	135	;# 
   621     0088                     TRISD           equ	136	;# 
   622     0089                     TRISE           equ	137	;# 
   623     008C                     PIE1            equ	140	;# 
   624     008D                     PIE2            equ	141	;# 
   625     008E                     PCON            equ	142	;# 
   626     008F                     OSCCON          equ	143	;# 
   627     0090                     OSCTUNE         equ	144	;# 
   628     0091                     SSPCON2         equ	145	;# 
   629     0092                     PR2             equ	146	;# 
   630     0093                     SSPADD          equ	147	;# 
   631     0093                     SSPMSK          equ	147	;# 
   632     0093                     MSK             equ	147	;# 
   633     0094                     SSPSTAT         equ	148	;# 
   634     0095                     WPUB            equ	149	;# 
   635     0096                     IOCB            equ	150	;# 
   636     0097                     VRCON           equ	151	;# 
   637     0098                     TXSTA           equ	152	;# 
   638     0099                     SPBRG           equ	153	;# 
   639     009A                     SPBRGH          equ	154	;# 
   640     009B                     PWM1CON         equ	155	;# 
   641     009C                     ECCPAS          equ	156	;# 
   642     009D                     PSTRCON         equ	157	;# 
   643     009E                     ADRESL          equ	158	;# 
   644     009F                     ADCON1          equ	159	;# 
   645     0105                     WDTCON          equ	261	;# 
   646     0107                     CM1CON0         equ	263	;# 
   647     0108                     CM2CON0         equ	264	;# 
   648     0109                     CM2CON1         equ	265	;# 
   649     010C                     EEDATA          equ	268	;# 
   650     010C                     EEDAT           equ	268	;# 
   651     010D                     EEADR           equ	269	;# 
   652     010E                     EEDATH          equ	270	;# 
   653     010F                     EEADRH          equ	271	;# 
   654     0185                     SRCON           equ	389	;# 
   655     0187                     BAUDCTL         equ	391	;# 
   656     0188                     ANSEL           equ	392	;# 
   657     0189                     ANSELH          equ	393	;# 
   658     018C                     EECON1          equ	396	;# 
   659     018D                     EECON2          equ	397	;# 
   660                           
   661                           	psect	idataBANK1
   662     19E0                     __pidataBANK1:
   663                           
   664                           ;initializer for _data_sector
   665     19E0  34E8               	retlw	232
   666     19E1  3403               	retlw	3
   667     19E2  3400               	retlw	0
   668     19E3  3400               	retlw	0
   669                           
   670                           ;initializer for main@last_min
   671     19E4  34FF               	retlw	255
   672                           
   673                           ;initializer for read_button_press@last_button
   674     19E5  3401               	retlw	1
   675     0006                     _PORTBbits      set	6
   676     0008                     _PORTDbits      set	8
   677     0005                     _PORTAbits      set	5
   678     0007                     _PORTCbits      set	7
   679     0086                     _TRISBbits      set	134
   680     0088                     _TRISDbits      set	136
   681     0085                     _TRISAbits      set	133
   682     0087                     _TRISCbits      set	135
   683     0189                     _ANSELH         set	393
   684     0188                     _ANSEL          set	392
   685                           
   686                           	psect	strings
   687     1000                     __pstrings:
   688     1000                     stringtab:
   689     1000                     __stringtab:
   690                           
   691                           ;	String table - string pointers are 1 byte each
   692     1000  1BFF               	btfsc	btemp+1,7
   693     1001  280A               	ljmp	stringcode
   694     1002  1383               	bcf	3,7
   695     1003  187F               	btfsc	btemp+1,0
   696     1004  1783               	bsf	3,7
   697     1005  0800               	movf	0,w
   698     1006  0A84               	incf	4,f
   699     1007  1903               	skipnz
   700     1008  0AFF               	incf	btemp+1,f
   701     1009  0008               	return
   702     100A                     stringcode:
   703     100A                     stringdir:
   704     100A  3010               	movlw	high stringdir
   705     100B  008A               	movwf	10
   706     100C  0804               	movf	4,w
   707     100D  0A84               	incf	4,f
   708     100E  0782               	addwf	2,f
   709     100F                     __stringbase:
   710     100F  3400               	retlw	0
   711     1010                     __end_of__stringtab:
   712     1010                     STR_17:
   713     1010  3446               	retlw	70	;'F'
   714     1011  3465               	retlw	101	;'e'
   715     1012  3463               	retlw	99	;'c'
   716     1013  3468               	retlw	104	;'h'
   717     1014  3461               	retlw	97	;'a'
   718     1015  342C               	retlw	44	;','
   719     1016  3448               	retlw	72	;'H'
   720     1017  346F               	retlw	111	;'o'
   721     1018  3472               	retlw	114	;'r'
   722     1019  3461               	retlw	97	;'a'
   723     101A  342C               	retlw	44	;','
   724     101B  3454               	retlw	84	;'T'
   725     101C  3465               	retlw	101	;'e'
   726     101D  346D               	retlw	109	;'m'
   727     101E  3470               	retlw	112	;'p'
   728     101F  342C               	retlw	44	;','
   729     1020  3448               	retlw	72	;'H'
   730     1021  3475               	retlw	117	;'u'
   731     1022  346D               	retlw	109	;'m'
   732     1023  340D               	retlw	13
   733     1024  340A               	retlw	10
   734     1025  3400               	retlw	0
   735     1026                     STR_15:
   736     1026  3453               	retlw	83	;'S'
   737     1027  3444               	retlw	68	;'D'
   738     1028  3420               	retlw	32	;' '
   739     1029  344F               	retlw	79	;'O'
   740     102A  344B               	retlw	75	;'K'
   741     102B  3421               	retlw	33	;'!'
   742     102C  3420               	retlw	32	;' '
   743     102D  3420               	retlw	32	;' '
   744     102E  3420               	retlw	32	;' '
   745     102F  3420               	retlw	32	;' '
   746     1030  3420               	retlw	32	;' '
   747     1031  3420               	retlw	32	;' '
   748     1032  3420               	retlw	32	;' '
   749     1033  3420               	retlw	32	;' '
   750     1034  3400               	retlw	0
   751     1035                     STR_21:
   752     1035  3453               	retlw	83	;'S'
   753     1036  3444               	retlw	68	;'D'
   754     1037  3420               	retlw	32	;' '
   755     1038  3446               	retlw	70	;'F'
   756     1039  3441               	retlw	65	;'A'
   757     103A  3449               	retlw	73	;'I'
   758     103B  344C               	retlw	76	;'L'
   759     103C  3421               	retlw	33	;'!'
   760     103D  3420               	retlw	32	;' '
   761     103E  3420               	retlw	32	;' '
   762     103F  3420               	retlw	32	;' '
   763     1040  3420               	retlw	32	;' '
   764     1041  3420               	retlw	32	;' '
   765     1042  3420               	retlw	32	;' '
   766     1043  3400               	retlw	0
   767     1044                     STR_18:
   768     1044  3453               	retlw	83	;'S'
   769     1045  3444               	retlw	68	;'D'
   770     1046  3420               	retlw	32	;' '
   771     1047  3445               	retlw	69	;'E'
   772     1048  3472               	retlw	114	;'r'
   773     1049  3472               	retlw	114	;'r'
   774     104A  346F               	retlw	111	;'o'
   775     104B  3472               	retlw	114	;'r'
   776     104C  3421               	retlw	33	;'!'
   777     104D  3420               	retlw	32	;' '
   778     104E  3420               	retlw	32	;' '
   779     104F  3420               	retlw	32	;' '
   780     1050  3420               	retlw	32	;' '
   781     1051  3420               	retlw	32	;' '
   782     1052  3400               	retlw	0
   783     1053                     STR_13:
   784     1053  3449               	retlw	73	;'I'
   785     1054  346E               	retlw	110	;'n'
   786     1055  3469               	retlw	105	;'i'
   787     1056  3474               	retlw	116	;'t'
   788     1057  3420               	retlw	32	;' '
   789     1058  3453               	retlw	83	;'S'
   790     1059  3465               	retlw	101	;'e'
   791     105A  346E               	retlw	110	;'n'
   792     105B  3473               	retlw	115	;'s'
   793     105C  346F               	retlw	111	;'o'
   794     105D  3472               	retlw	114	;'r'
   795     105E  3473               	retlw	115	;'s'
   796     105F  3400               	retlw	0
   797     1060                     STR_14:
   798     1060  3449               	retlw	73	;'I'
   799     1061  346E               	retlw	110	;'n'
   800     1062  3469               	retlw	105	;'i'
   801     1063  3474               	retlw	116	;'t'
   802     1064  3420               	retlw	32	;' '
   803     1065  3453               	retlw	83	;'S'
   804     1066  3444               	retlw	68	;'D'
   805     1067  342E               	retlw	46	;'.'
   806     1068  342E               	retlw	46	;'.'
   807     1069  342E               	retlw	46	;'.'
   808     106A  3400               	retlw	0
   809     106B                     STR_16:
   810     106B  3444               	retlw	68	;'D'
   811     106C  3441               	retlw	65	;'A'
   812     106D  3454               	retlw	84	;'T'
   813     106E  3441               	retlw	65	;'A'
   814     106F  342E               	retlw	46	;'.'
   815     1070  3454               	retlw	84	;'T'
   816     1071  3458               	retlw	88	;'X'
   817     1072  3454               	retlw	84	;'T'
   818     1073  3400               	retlw	0
   819     1074                     STR_12:
   820     1074  3443               	retlw	67	;'C'
   821     1075  3420               	retlw	32	;' '
   822     1076  3420               	retlw	32	;' '
   823     1077  3420               	retlw	32	;' '
   824     1078  3420               	retlw	32	;' '
   825     1079  3420               	retlw	32	;' '
   826     107A  3420               	retlw	32	;' '
   827     107B  3400               	retlw	0
   828     107C                     STR_6:
   829     107C  3420               	retlw	32	;' '
   830     107D  344D               	retlw	77	;'M'
   831     107E  3461               	retlw	97	;'a'
   832     107F  3478               	retlw	120	;'x'
   833     1080  343A               	retlw	58	;':'
   834     1081  3400               	retlw	0
   835     1082                     STR_4:
   836     1082  3425               	retlw	37	;'%'
   837     1083  3420               	retlw	32	;' '
   838     1084  3420               	retlw	32	;' '
   839     1085  3420               	retlw	32	;' '
   840     1086  3400               	retlw	0
   841     1087                     STR_10:
   842     1087  3420               	retlw	32	;' '
   843     1088  3451               	retlw	81	;'Q'
   844     1089  3433               	retlw	51	;'3'
   845     108A  343A               	retlw	58	;':'
   846     108B  3400               	retlw	0
   847     108C                     STR_3:
   848     108C  3443               	retlw	67	;'C'
   849     108D  3420               	retlw	32	;' '
   850     108E  3448               	retlw	72	;'H'
   851     108F  343A               	retlw	58	;':'
   852     1090  3400               	retlw	0
   853     1091                     STR_7:
   854     1091  344D               	retlw	77	;'M'
   855     1092  3465               	retlw	101	;'e'
   856     1093  3464               	retlw	100	;'d'
   857     1094  343A               	retlw	58	;':'
   858     1095  3400               	retlw	0
   859     1096                     STR_5:
   860     1096  344D               	retlw	77	;'M'
   861     1097  3469               	retlw	105	;'i'
   862     1098  346E               	retlw	110	;'n'
   863     1099  343A               	retlw	58	;':'
   864     109A  3400               	retlw	0
   865     109B                     STR_8:
   866     109B  3443               	retlw	67	;'C'
   867     109C  3420               	retlw	32	;' '
   868     109D  346E               	retlw	110	;'n'
   869     109E  343D               	retlw	61	;'='
   870     109F  3400               	retlw	0
   871     10A0                     STR_9:
   872     10A0  3451               	retlw	81	;'Q'
   873     10A1  3431               	retlw	49	;'1'
   874     10A2  343A               	retlw	58	;':'
   875     10A3  3400               	retlw	0
   876     10A4                     STR_11:
   877     10A4  3451               	retlw	81	;'Q'
   878     10A5  3432               	retlw	50	;'2'
   879     10A6  343A               	retlw	58	;':'
   880     10A7  3400               	retlw	0
   881     10A8                     STR_2:
   882     10A8  3454               	retlw	84	;'T'
   883     10A9  343A               	retlw	58	;':'
   884     10AA  3400               	retlw	0
   885     106B                     STR_19          equ	STR_16
   886     106B                     STR_20          equ	STR_16
   887     1033                     STR_1           equ	STR_15+13
   888                           
   889                           	psect	cinit
   890     07C7                     start_initialization:	
   891                           ; #config settings
   892                           
   893     07C7                     __initialization:
   894                           
   895                           ; Initialize objects allocated to BANK1
   896     07C7  1683               	bsf	3,5	;RP0=1, select bank1
   897     07C8  160A  158A  21E0  120A  118A  	fcall	__pidataBANK1	;fetch initializer
   898     07CD  00E9               	movwf	__pdataBANK1& (0+127)
   899     07CE  160A  158A  21E1  120A  118A  	fcall	__pidataBANK1+1	;fetch initializer
   900     07D3  00EA               	movwf	(__pdataBANK1+1)& (0+127)
   901     07D4  160A  158A  21E2  120A  118A  	fcall	__pidataBANK1+2	;fetch initializer
   902     07D9  00EB               	movwf	(__pdataBANK1+2)& (0+127)
   903     07DA  160A  158A  21E3  120A  118A  	fcall	__pidataBANK1+3	;fetch initializer
   904     07DF  00EC               	movwf	(__pdataBANK1+3)& (0+127)
   905     07E0  160A  158A  21E4  120A  118A  	fcall	__pidataBANK1+4	;fetch initializer
   906     07E5  00ED               	movwf	(__pdataBANK1+4)& (0+127)
   907     07E6  160A  158A  21E5  120A  118A  	fcall	__pidataBANK1+5	;fetch initializer
   908     07EB  00EE               	movwf	(__pdataBANK1+5)& (0+127)
   909                           
   910                           ; Clear objects allocated to BANK3
   911     07EC  1783               	bsf	3,7	;select IRP bank2
   912     07ED  3090               	movlw	low __pbssBANK3
   913     07EE  0084               	movwf	4
   914     07EF  30ED               	movlw	low (__pbssBANK3+93)
   915     07F0  160A  158A  21E6  120A  118A  	fcall	clear_ram0
   916                           
   917                           ; Clear objects allocated to BANK1
   918     07F5  1383               	bcf	3,7	;select IRP bank0
   919     07F6  30DF               	movlw	low __pbssBANK1
   920     07F7  0084               	movwf	4
   921     07F8  30E9               	movlw	low (__pbssBANK1+10)
   922     07F9  160A  158A  21E6   	fcall	clear_ram0
   923     07FC                     end_of_initialization:	
   924                           ;End of C runtime variable initialization code
   925                           
   926     07FC                     __end_of__initialization:
   927     07FC  0183               	clrf	3
   928     07FD  120A  118A  2A76   	ljmp	_main	;jump to C main() function
   929                           
   930                           	psect	bssBANK1
   931     00DF                     __pbssBANK1:
   932     00DF                     _fat32:
   933     00DF                     	ds	8
   934     00E7                     _temp_buffer_full:
   935     00E7                     	ds	1
   936     00E8                     _temp_buffer_idx:
   937     00E8                     	ds	1
   938                           
   939                           	psect	dataBANK1
   940     00E9                     __pdataBANK1:
   941     00E9                     _data_sector:
   942     00E9                     	ds	4
   943     00ED                     main@last_min:
   944     00ED                     	ds	1
   945     00EE                     read_button_press@last_button:
   946     00EE                     	ds	1
   947                           
   948                           	psect	bssBANK3
   949     0190                     __pbssBANK3:
   950     0190                     _temp_stats:
   951     0190                     	ds	29
   952     01AD                     _temp_buffer:
   953     01AD                     	ds	24
   954     01C5                     _csv:
   955     01C5                     	ds	40
   956                           
   957                           	psect	clrtext
   958     19E6                     clear_ram0:	
   959                           ;	Called with FSR containing the base address, and
   960                           ;	W with the last address+1
   961                           
   962     19E6  0064               	clrwdt	;clear the watchdog before getting into this loop
   963     19E7                     clrloop0:
   964     19E7  0180               	clrf	0	;clear RAM location pointed to by FSR
   965     19E8  0A84               	incf	4,f	;increment pointer
   966     19E9  0604               	xorwf	4,w	;XOR with final address
   967     19EA  1903               	btfsc	3,2	;have we reached the end yet?
   968     19EB  3400               	retlw	0	;all done for this memory range, return
   969     19EC  0604               	xorwf	4,w	;XOR again to restore value
   970     19ED  29E7               	goto	clrloop0	;do the next byte
   971                           
   972                           	psect	cstackBANK1
   973     00A0                     __pcstackBANK1:
   974     00A0                     ___fltol@sign1:
   975     00A0                     calculate_temp_stats@sorted:	
   976                           ; 1 bytes @ 0x0
   977                           
   978                           
   979                           ; 24 bytes @ 0x0
   980     00A0                     	ds	1
   981     00A1                     ___fltol@exp1:
   982                           
   983                           ; 1 bytes @ 0x1
   984     00A1                     	ds	1
   985     00A2                     ?_pf:
   986     00A2                     pf@f:	
   987                           ; 1 bytes @ 0x2
   988                           
   989                           
   990                           ; 4 bytes @ 0x2
   991     00A2                     	ds	4
   992     00A6                     _pf$226:
   993                           
   994                           ; 4 bytes @ 0x6
   995     00A6                     	ds	4
   996     00AA                     pf@v:
   997                           
   998                           ; 2 bytes @ 0xA
   999     00AA                     	ds	2
  1000     00AC                     ?_display_main_screen:
  1001     00AC                     display_main_screen@t:	
  1002                           ; 1 bytes @ 0xC
  1003                           
  1004     00AC                     ??_display_stats_screen:	
  1005                           ; 2 bytes @ 0xC
  1006                           
  1007     00AC                     ??_display_quartiles_screen:	
  1008                           ; 1 bytes @ 0xC
  1009                           
  1010                           
  1011                           ; 1 bytes @ 0xC
  1012     00AC                     	ds	2
  1013     00AE                     display_main_screen@temp:
  1014                           
  1015                           ; 4 bytes @ 0xE
  1016     00AE                     	ds	4
  1017     00B2                     display_main_screen@hum:
  1018                           
  1019                           ; 4 bytes @ 0x12
  1020     00B2                     	ds	4
  1021     00B6                     ??_display_main_screen:
  1022                           
  1023                           ; 1 bytes @ 0x16
  1024     00B6                     	ds	2
  1025     00B8                     _calculate_temp_stats$237:
  1026                           
  1027                           ; 2 bytes @ 0x18
  1028     00B8                     	ds	2
  1029     00BA                     calculate_temp_stats@sum:
  1030                           
  1031                           ; 4 bytes @ 0x1A
  1032     00BA                     	ds	4
  1033     00BE                     calculate_temp_stats@n:
  1034                           
  1035                           ; 1 bytes @ 0x1E
  1036     00BE                     	ds	1
  1037     00BF                     calculate_temp_stats@i:
  1038                           
  1039                           ; 1 bytes @ 0x1F
  1040     00BF                     	ds	1
  1041     00C0                     ??_main:
  1042                           
  1043                           ; 1 bytes @ 0x20
  1044     00C0                     	ds	3
  1045     00C3                     _main$327:
  1046                           
  1047                           ; 4 bytes @ 0x23
  1048     00C3                     	ds	4
  1049     00C7                     main@dht_ok:
  1050                           
  1051                           ; 1 bytes @ 0x27
  1052     00C7                     	ds	1
  1053     00C8                     main@cnt:
  1054                           
  1055                           ; 1 bytes @ 0x28
  1056     00C8                     	ds	1
  1057     00C9                     main@sd:
  1058                           
  1059                           ; 1 bytes @ 0x29
  1060     00C9                     	ds	1
  1061     00CA                     main@h10:
  1062                           
  1063                           ; 2 bytes @ 0x2A
  1064     00CA                     	ds	2
  1065     00CC                     main@temp_int:
  1066                           
  1067                           ; 2 bytes @ 0x2C
  1068     00CC                     	ds	2
  1069     00CE                     main@view_mode:
  1070                           
  1071                           ; 1 bytes @ 0x2E
  1072     00CE                     	ds	1
  1073     00CF                     main@hum:
  1074                           
  1075                           ; 4 bytes @ 0x2F
  1076     00CF                     	ds	4
  1077     00D3                     main@temp:
  1078                           
  1079                           ; 4 bytes @ 0x33
  1080     00D3                     	ds	4
  1081     00D7                     main@t:
  1082                           
  1083                           ; 7 bytes @ 0x37
  1084     00D7                     	ds	7
  1085     00DE                     main@p:
  1086                           
  1087                           ; 1 bytes @ 0x3E
  1088     00DE                     	ds	1
  1089                           
  1090                           	psect	cstackCOMMON
  1091     0070                     __pcstackCOMMON:
  1092     0070                     ?_Lcd_Write_Char:
  1093     0070                     ?_Lcd_Init:	
  1094                           ; 1 bytes @ 0x0
  1095                           
  1096     0070                     ?_Lcd_Clear:	
  1097                           ; 1 bytes @ 0x0
  1098                           
  1099     0070                     ?_DS3231_Init:	
  1100                           ; 1 bytes @ 0x0
  1101                           
  1102     0070                     ?_SD_Init:	
  1103                           ; 1 bytes @ 0x0
  1104                           
  1105     0070                     ?_FAT32_Init:	
  1106                           ; 1 bytes @ 0x0
  1107                           
  1108     0070                     ?_DHT22_init:	
  1109                           ; 1 bytes @ 0x0
  1110                           
  1111     0070                     ?_p2:	
  1112                           ; 1 bytes @ 0x0
  1113                           
  1114     0070                     ?_calculate_temp_stats:	
  1115                           ; 1 bytes @ 0x0
  1116                           
  1117     0070                     ?_display_stats_screen:	
  1118                           ; 1 bytes @ 0x0
  1119                           
  1120     0070                     ?_display_quartiles_screen:	
  1121                           ; 1 bytes @ 0x0
  1122                           
  1123     0070                     ?_read_button_press:	
  1124                           ; 1 bytes @ 0x0
  1125                           
  1126     0070                     ?_main:	
  1127                           ; 1 bytes @ 0x0
  1128                           
  1129     0070                     ?_Lcd_Port:	
  1130                           ; 1 bytes @ 0x0
  1131                           
  1132     0070                     ?_Lcd_Cmd:	
  1133                           ; 1 bytes @ 0x0
  1134                           
  1135     0070                     ?_SDA_release:	
  1136                           ; 1 bytes @ 0x0
  1137                           
  1138     0070                     ?_SDA_drive0:	
  1139                           ; 1 bytes @ 0x0
  1140                           
  1141     0070                     ?_SCL_release:	
  1142                           ; 1 bytes @ 0x0
  1143                           
  1144     0070                     ?_SCL_drive0:	
  1145                           ; 1 bytes @ 0x0
  1146                           
  1147     0070                     ?_I2C_Init:	
  1148                           ; 1 bytes @ 0x0
  1149                           
  1150     0070                     ?_I2C_Start:	
  1151                           ; 1 bytes @ 0x0
  1152                           
  1153     0070                     ?_I2C_Stop:	
  1154                           ; 1 bytes @ 0x0
  1155                           
  1156     0070                     ?_I2C_Write:	
  1157                           ; 1 bytes @ 0x0
  1158                           
  1159     0070                     ?_I2C_Read:	
  1160                           ; 1 bytes @ 0x0
  1161                           
  1162     0070                     ?_bcd2dec:	
  1163                           ; 1 bytes @ 0x0
  1164                           
  1165     0070                     ?_DS3231_IsPresent:	
  1166                           ; 1 bytes @ 0x0
  1167                           
  1168     0070                     ?_clr:	
  1169                           ; 1 bytes @ 0x0
  1170                           
  1171     0070                     ?_SD_SPI_Init:	
  1172                           ; 1 bytes @ 0x0
  1173                           
  1174     0070                     ?_SD_SPI_Transfer:	
  1175                           ; 1 bytes @ 0x0
  1176                           
  1177     0070                     ?___bmul:	
  1178                           ; 1 bytes @ 0x0
  1179                           
  1180     0070                     ?___flge:	
  1181                           ; 1 bytes @ 0x0
  1182                           
  1183     0070                     ?___lbdiv:	
  1184                           ; 1 bit 
  1185                           
  1186     0070                     ?___lbmod:	
  1187                           ; 1 bytes @ 0x0
  1188                           
  1189     0070                     ?__Umul8_16:	
  1190                           ; 1 bytes @ 0x0
  1191                           
  1192     0070                     ?___wmul:	
  1193                           ; 2 bytes @ 0x0
  1194                           
  1195     0070                     ?___lwdiv:	
  1196                           ; 2 bytes @ 0x0
  1197                           
  1198     0070                     ?___xxtofl:	
  1199                           ; 2 bytes @ 0x0
  1200                           
  1201     0070                     Lcd_Port@a:	
  1202                           ; 4 bytes @ 0x0
  1203                           
  1204     0070                     ___bmul@multiplicand:	
  1205                           ; 1 bytes @ 0x0
  1206                           
  1207     0070                     ___lbdiv@divisor:	
  1208                           ; 1 bytes @ 0x0
  1209                           
  1210     0070                     ___lbmod@divisor:	
  1211                           ; 1 bytes @ 0x0
  1212                           
  1213     0070                     __Umul8_16@multiplicand:	
  1214                           ; 1 bytes @ 0x0
  1215                           
  1216     0070                     clr@t:	
  1217                           ; 1 bytes @ 0x0
  1218                           
  1219     0070                     ___wmul@multiplier:	
  1220                           ; 2 bytes @ 0x0
  1221                           
  1222     0070                     ___lwdiv@divisor:	
  1223                           ; 2 bytes @ 0x0
  1224                           
  1225     0070                     ___flge@ff1:	
  1226                           ; 2 bytes @ 0x0
  1227                           
  1228     0070                     ___xxtofl@val:	
  1229                           ; 4 bytes @ 0x0
  1230                           
  1231     0070                     ??_FAT32_Init:	
  1232                           ; 4 bytes @ 0x0
  1233                           
  1234     0070                     ??_DHT22_init:	
  1235                           ; 1 bytes @ 0x0
  1236                           
  1237     0070                     ??_read_button_press:	
  1238                           ; 1 bytes @ 0x0
  1239                           
  1240     0070                     ??_Lcd_Port:	
  1241                           ; 1 bytes @ 0x0
  1242                           
  1243     0070                     ??_SDA_release:	
  1244                           ; 1 bytes @ 0x0
  1245                           
  1246     0070                     ??_SDA_drive0:	
  1247                           ; 1 bytes @ 0x0
  1248                           
  1249     0070                     ??_SCL_release:	
  1250                           ; 1 bytes @ 0x0
  1251                           
  1252     0070                     ??_SCL_drive0:	
  1253                           ; 1 bytes @ 0x0
  1254                           
  1255     0070                     ??_I2C_Init:	
  1256                           ; 1 bytes @ 0x0
  1257                           
  1258     0070                     ??_I2C_Start:	
  1259                           ; 1 bytes @ 0x0
  1260                           
  1261     0070                     ??_I2C_Stop:	
  1262                           ; 1 bytes @ 0x0
  1263                           
  1264     0070                     ??_I2C_Write:	
  1265                           ; 1 bytes @ 0x0
  1266                           
  1267     0070                     ??_I2C_Read:	
  1268                           ; 1 bytes @ 0x0
  1269                           
  1270     0070                     ??_SD_SPI_Init:	
  1271                           ; 1 bytes @ 0x0
  1272                           
  1273     0070                     ??_SD_SPI_Transfer:	
  1274                           ; 1 bytes @ 0x0
  1275                           
  1276                           
  1277                           ; 1 bytes @ 0x0
  1278     0070                     	ds	1
  1279     0071                     I2C_Write@data:
  1280     0071                     I2C_Read@ack:	
  1281                           ; 1 bytes @ 0x1
  1282                           
  1283     0071                     ___bmul@product:	
  1284                           ; 1 bytes @ 0x1
  1285                           
  1286     0071                     ___lbdiv@dividend:	
  1287                           ; 1 bytes @ 0x1
  1288                           
  1289     0071                     ??_DS3231_Init:	
  1290                           ; 1 bytes @ 0x1
  1291                           
  1292     0071                     ??_Lcd_Cmd:	
  1293                           ; 1 bytes @ 0x1
  1294                           
  1295     0071                     ??___bmul:	
  1296                           ; 1 bytes @ 0x1
  1297                           
  1298     0071                     ??___lbdiv:	
  1299                           ; 1 bytes @ 0x1
  1300                           
  1301     0071                     ??___lbmod:	
  1302                           ; 1 bytes @ 0x1
  1303                           
  1304                           
  1305                           ; 1 bytes @ 0x1
  1306     0071                     	ds	1
  1307     0072                     read_button_press@current_button:
  1308     0072                     I2C_Write@ack:	
  1309                           ; 1 bytes @ 0x2
  1310                           
  1311     0072                     I2C_Read@d:	
  1312                           ; 1 bytes @ 0x2
  1313                           
  1314     0072                     ___bmul@multiplier:	
  1315                           ; 1 bytes @ 0x2
  1316                           
  1317     0072                     ___lbdiv@counter:	
  1318                           ; 1 bytes @ 0x2
  1319                           
  1320     0072                     ___wmul@multiplicand:	
  1321                           ; 1 bytes @ 0x2
  1322                           
  1323     0072                     ___lwdiv@dividend:	
  1324                           ; 2 bytes @ 0x2
  1325                           
  1326     0072                     ??__Umul8_16:	
  1327                           ; 2 bytes @ 0x2
  1328                           
  1329     0072                     ??_clr:	
  1330                           ; 1 bytes @ 0x2
  1331                           
  1332                           
  1333                           ; 1 bytes @ 0x2
  1334     0072                     	ds	1
  1335     0073                     Lcd_Cmd@a:
  1336     0073                     I2C_Write@i:	
  1337                           ; 1 bytes @ 0x3
  1338                           
  1339     0073                     I2C_Read@i:	
  1340                           ; 1 bytes @ 0x3
  1341                           
  1342     0073                     SD_SPI_Transfer@data:	
  1343                           ; 1 bytes @ 0x3
  1344                           
  1345     0073                     ___lbdiv@quotient:	
  1346                           ; 1 bytes @ 0x3
  1347                           
  1348     0073                     ___lbmod@dividend:	
  1349                           ; 1 bytes @ 0x3
  1350                           
  1351     0073                     ??_bcd2dec:	
  1352                           ; 1 bytes @ 0x3
  1353                           
  1354                           
  1355                           ; 1 bytes @ 0x3
  1356     0073                     	ds	1
  1357     0074                     ?_Lcd_Set_Cursor:
  1358     0074                     Lcd_Set_Cursor@b:	
  1359                           ; 1 bytes @ 0x4
  1360                           
  1361     0074                     DS3231_IsPresent@ok:	
  1362                           ; 1 bytes @ 0x4
  1363                           
  1364     0074                     SD_SPI_Transfer@i:	
  1365                           ; 1 bytes @ 0x4
  1366                           
  1367     0074                     ___lbmod@counter:	
  1368                           ; 1 bytes @ 0x4
  1369                           
  1370     0074                     ___wmul@product:	
  1371                           ; 1 bytes @ 0x4
  1372                           
  1373     0074                     ___lwdiv@quotient:	
  1374                           ; 2 bytes @ 0x4
  1375                           
  1376     0074                     __Umul8_16@product:	
  1377                           ; 2 bytes @ 0x4
  1378                           
  1379     0074                     ___flge@ff2:	
  1380                           ; 2 bytes @ 0x4
  1381                           
  1382     0074                     ??_Lcd_Init:	
  1383                           ; 4 bytes @ 0x4
  1384                           
  1385     0074                     ??_Lcd_Clear:	
  1386                           ; 1 bytes @ 0x4
  1387                           
  1388     0074                     ??_DS3231_IsPresent:	
  1389                           ; 1 bytes @ 0x4
  1390                           
  1391     0074                     ??___wmul:	
  1392                           ; 1 bytes @ 0x4
  1393                           
  1394     0074                     ??___lwdiv:	
  1395                           ; 1 bytes @ 0x4
  1396                           
  1397     0074                     ??___xxtofl:	
  1398                           ; 1 bytes @ 0x4
  1399                           
  1400                           
  1401                           ; 1 bytes @ 0x4
  1402     0074                     	ds	1
  1403     0075                     bcd2dec@b:
  1404     0075                     SD_SPI_Transfer@result:	
  1405                           ; 1 bytes @ 0x5
  1406                           
  1407     0075                     ___lbmod@rem:	
  1408                           ; 1 bytes @ 0x5
  1409                           
  1410     0075                     ??_Lcd_Set_Cursor:	
  1411                           ; 1 bytes @ 0x5
  1412                           
  1413                           
  1414                           ; 1 bytes @ 0x5
  1415     0075                     	ds	1
  1416     0076                     ?_SD_Cmd:
  1417     0076                     ?___awdiv:	
  1418                           ; 1 bytes @ 0x6
  1419                           
  1420     0076                     Lcd_Set_Cursor@a:	
  1421                           ; 2 bytes @ 0x6
  1422                           
  1423     0076                     ___lwdiv@counter:	
  1424                           ; 1 bytes @ 0x6
  1425                           
  1426     0076                     ___awdiv@divisor:	
  1427                           ; 1 bytes @ 0x6
  1428                           
  1429     0076                     __Umul8_16@word_mpld:	
  1430                           ; 2 bytes @ 0x6
  1431                           
  1432     0076                     SD_Cmd@arg:	
  1433                           ; 2 bytes @ 0x6
  1434                           
  1435                           
  1436                           ; 4 bytes @ 0x6
  1437     0076                     	ds	1
  1438     0077                     ?___lwmod:
  1439     0077                     Lcd_Set_Cursor@z:	
  1440                           ; 2 bytes @ 0x7
  1441                           
  1442     0077                     ___lwmod@divisor:	
  1443                           ; 1 bytes @ 0x7
  1444                           
  1445                           
  1446                           ; 2 bytes @ 0x7
  1447     0077                     	ds	1
  1448     0078                     Lcd_Set_Cursor@y:
  1449     0078                     __Umul8_16@multiplier:	
  1450                           ; 1 bytes @ 0x8
  1451                           
  1452     0078                     ___xxtofl@sign:	
  1453                           ; 1 bytes @ 0x8
  1454                           
  1455     0078                     ___awdiv@dividend:	
  1456                           ; 1 bytes @ 0x8
  1457                           
  1458     0078                     ??___flge:	
  1459                           ; 2 bytes @ 0x8
  1460                           
  1461                           
  1462                           ; 1 bytes @ 0x8
  1463     0078                     	ds	1
  1464     0079                     Lcd_Set_Cursor@temp:
  1465     0079                     ___xxtofl@exp:	
  1466                           ; 1 bytes @ 0x9
  1467                           
  1468     0079                     ___lwmod@dividend:	
  1469                           ; 1 bytes @ 0x9
  1470                           
  1471                           
  1472                           ; 2 bytes @ 0x9
  1473     0079                     	ds	1
  1474     007A                     ?_DS3231_ReadTime:
  1475     007A                     SD_Cmd@crc:	
  1476                           ; 1 bytes @ 0xA
  1477                           
  1478     007A                     ___awdiv@counter:	
  1479                           ; 1 bytes @ 0xA
  1480                           
  1481     007A                     DS3231_ReadTime@time:	
  1482                           ; 1 bytes @ 0xA
  1483                           
  1484     007A                     ___xxtofl@arg:	
  1485                           ; 2 bytes @ 0xA
  1486                           
  1487     007A                     ??_SD_Cmd:	
  1488                           ; 4 bytes @ 0xA
  1489                           
  1490     007A                     ??___awdiv:	
  1491                           ; 1 bytes @ 0xA
  1492                           
  1493                           
  1494                           ; 1 bytes @ 0xA
  1495     007A                     	ds	1
  1496     007B                     SD_Cmd@r:
  1497     007B                     ___awdiv@sign:	
  1498                           ; 1 bytes @ 0xB
  1499                           
  1500     007B                     ___lwmod@counter:	
  1501                           ; 1 bytes @ 0xB
  1502                           
  1503     007B                     ??___lwmod:	
  1504                           ; 1 bytes @ 0xB
  1505                           
  1506                           
  1507                           ; 1 bytes @ 0xB
  1508     007B                     	ds	1
  1509     007C                     ?_sort_temps:
  1510     007C                     sort_temps@arr:	
  1511                           ; 1 bytes @ 0xC
  1512                           
  1513     007C                     SD_Cmd@i:	
  1514                           ; 1 bytes @ 0xC
  1515                           
  1516     007C                     ___awdiv@quotient:	
  1517                           ; 1 bytes @ 0xC
  1518                           
  1519     007C                     ??_Lcd_Write_Char:	
  1520                           ; 2 bytes @ 0xC
  1521                           
  1522     007C                     ??_DS3231_ReadTime:	
  1523                           ; 1 bytes @ 0xC
  1524                           
  1525                           
  1526                           ; 1 bytes @ 0xC
  1527     007C                     	ds	1
  1528     007D                     sort_temps@n:
  1529     007D                     SD_Cmd@cmd:	
  1530                           ; 1 bytes @ 0xD
  1531                           
  1532                           
  1533                           ; 1 bytes @ 0xD
  1534     007D                     	ds	1
  1535     007E                     ??_Lcd_Write_String:
  1536     007E                     ??_FAT32_AppendLine:	
  1537                           ; 1 bytes @ 0xE
  1538                           
  1539     007E                     ??_p2:	
  1540                           ; 1 bytes @ 0xE
  1541                           
  1542     007E                     ??_pf:	
  1543                           ; 1 bytes @ 0xE
  1544                           
  1545     007E                     ??___awmod:	
  1546                           ; 1 bytes @ 0xE
  1547                           
  1548                           
  1549                           	psect	cstackBANK0
  1550     0020                     __pcstackBANK0:	
  1551                           ; 1 bytes @ 0xE
  1552                           
  1553     0020                     ?_SD_WriteBytes:
  1554     0020                     ?___awmod:	
  1555                           ; 1 bytes @ 0x0
  1556                           
  1557     0020                     ?___fldiv:	
  1558                           ; 2 bytes @ 0x0
  1559                           
  1560     0020                     Lcd_Write_Char@temp:	
  1561                           ; 4 bytes @ 0x0
  1562                           
  1563     0020                     DS3231_ReadTime@r:	
  1564                           ; 1 bytes @ 0x0
  1565                           
  1566     0020                     ___awmod@divisor:	
  1567                           ; 1 bytes @ 0x0
  1568                           
  1569     0020                     SD_WriteBytes@sector:	
  1570                           ; 2 bytes @ 0x0
  1571                           
  1572     0020                     ___fldiv@a:	
  1573                           ; 4 bytes @ 0x0
  1574                           
  1575     0020                     ??_SD_Init:	
  1576                           ; 4 bytes @ 0x0
  1577                           
  1578     0020                     ??_sort_temps:	
  1579                           ; 1 bytes @ 0x0
  1580                           
  1581                           
  1582                           ; 1 bytes @ 0x0
  1583     0020                     	ds	1
  1584     0021                     Lcd_Write_Char@y:
  1585                           
  1586                           ; 1 bytes @ 0x1
  1587     0021                     	ds	1
  1588     0022                     Lcd_Write_Char@a:
  1589     0022                     SD_Init@r:	
  1590                           ; 1 bytes @ 0x2
  1591                           
  1592     0022                     ___awmod@dividend:	
  1593                           ; 1 bytes @ 0x2
  1594                           
  1595                           
  1596                           ; 2 bytes @ 0x2
  1597     0022                     	ds	1
  1598     0023                     ?_Lcd_Write_String:
  1599     0023                     p2@v:	
  1600                           ; 1 bytes @ 0x3
  1601                           
  1602     0023                     Lcd_Write_String@a:	
  1603                           ; 1 bytes @ 0x3
  1604                           
  1605     0023                     SD_Init@i:	
  1606                           ; 1 bytes @ 0x3
  1607                           
  1608                           
  1609                           ; 1 bytes @ 0x3
  1610     0023                     	ds	1
  1611     0024                     ___awmod@counter:
  1612     0024                     Lcd_Write_String@i:	
  1613                           ; 1 bytes @ 0x4
  1614                           
  1615     0024                     SD_Init@retry:	
  1616                           ; 2 bytes @ 0x4
  1617                           
  1618     0024                     SD_WriteBytes@offset:	
  1619                           ; 2 bytes @ 0x4
  1620                           
  1621     0024                     ___fldiv@b:	
  1622                           ; 2 bytes @ 0x4
  1623                           
  1624                           
  1625                           ; 4 bytes @ 0x4
  1626     0024                     	ds	1
  1627     0025                     ___awmod@sign:
  1628                           
  1629                           ; 1 bytes @ 0x5
  1630     0025                     	ds	1
  1631     0026                     ?_add_temp_to_buffer:
  1632     0026                     SD_WriteBytes@buf:	
  1633                           ; 1 bytes @ 0x6
  1634                           
  1635     0026                     add_temp_to_buffer@temp:	
  1636                           ; 2 bytes @ 0x6
  1637                           
  1638                           
  1639                           ; 4 bytes @ 0x6
  1640     0026                     	ds	2
  1641     0028                     SD_WriteBytes@len:
  1642     0028                     sort_temps@temp:	
  1643                           ; 1 bytes @ 0x8
  1644                           
  1645     0028                     ??___fldiv:	
  1646                           ; 4 bytes @ 0x8
  1647                           
  1648                           
  1649                           ; 1 bytes @ 0x8
  1650     0028                     	ds	1
  1651     0029                     ??_SD_WriteBytes:
  1652                           
  1653                           ; 1 bytes @ 0x9
  1654     0029                     	ds	1
  1655     002A                     ??_add_temp_to_buffer:
  1656                           
  1657                           ; 1 bytes @ 0xA
  1658     002A                     	ds	1
  1659     002B                     SD_WriteBytes@data_byte:
  1660                           
  1661                           ; 1 bytes @ 0xB
  1662     002B                     	ds	1
  1663     002C                     sort_temps@i:
  1664     002C                     SD_WriteBytes@resp:	
  1665                           ; 1 bytes @ 0xC
  1666                           
  1667                           
  1668                           ; 1 bytes @ 0xC
  1669     002C                     	ds	1
  1670     002D                     sort_temps@j:
  1671     002D                     SD_WriteBytes@i:	
  1672                           ; 1 bytes @ 0xD
  1673                           
  1674     002D                     ___fldiv@rem:	
  1675                           ; 2 bytes @ 0xD
  1676                           
  1677                           
  1678                           ; 4 bytes @ 0xD
  1679     002D                     	ds	2
  1680     002F                     ?_FAT32_AppendLine:
  1681     002F                     FAT32_AppendLine@filename:	
  1682                           ; 1 bytes @ 0xF
  1683                           
  1684                           
  1685                           ; 1 bytes @ 0xF
  1686     002F                     	ds	1
  1687     0030                     FAT32_AppendLine@line:
  1688                           
  1689                           ; 2 bytes @ 0x10
  1690     0030                     	ds	1
  1691     0031                     ___fldiv@sign:
  1692                           
  1693                           ; 1 bytes @ 0x11
  1694     0031                     	ds	1
  1695     0032                     FAT32_AppendLine@len:
  1696     0032                     ___fldiv@new_exp:	
  1697                           ; 1 bytes @ 0x12
  1698                           
  1699                           
  1700                           ; 2 bytes @ 0x12
  1701     0032                     	ds	2
  1702     0034                     ___fldiv@grs:
  1703                           
  1704                           ; 4 bytes @ 0x14
  1705     0034                     	ds	4
  1706     0038                     ___fldiv@bexp:
  1707                           
  1708                           ; 1 bytes @ 0x18
  1709     0038                     	ds	1
  1710     0039                     ___fldiv@aexp:
  1711                           
  1712                           ; 1 bytes @ 0x19
  1713     0039                     	ds	1
  1714     003A                     ?___flmul:
  1715     003A                     ___flmul@b:	
  1716                           ; 4 bytes @ 0x1A
  1717                           
  1718                           
  1719                           ; 4 bytes @ 0x1A
  1720     003A                     	ds	4
  1721     003E                     ___flmul@a:
  1722                           
  1723                           ; 4 bytes @ 0x1E
  1724     003E                     	ds	4
  1725     0042                     ??___flmul:
  1726                           
  1727                           ; 1 bytes @ 0x22
  1728     0042                     	ds	5
  1729     0047                     ___flmul@sign:
  1730                           
  1731                           ; 1 bytes @ 0x27
  1732     0047                     	ds	1
  1733     0048                     ___flmul@aexp:
  1734                           
  1735                           ; 1 bytes @ 0x28
  1736     0048                     	ds	1
  1737     0049                     ___flmul@grs:
  1738                           
  1739                           ; 4 bytes @ 0x29
  1740     0049                     	ds	4
  1741     004D                     ___flmul@bexp:
  1742                           
  1743                           ; 1 bytes @ 0x2D
  1744     004D                     	ds	1
  1745     004E                     ___flmul@prod:
  1746                           
  1747                           ; 4 bytes @ 0x2E
  1748     004E                     	ds	4
  1749     0052                     ___flmul@temp:
  1750                           
  1751                           ; 2 bytes @ 0x32
  1752     0052                     	ds	2
  1753     0054                     ?_DHT22_read:
  1754     0054                     ?___fladd:	
  1755                           ; 1 bytes @ 0x34
  1756                           
  1757     0054                     DHT22_read@dht_temperatura:	
  1758                           ; 4 bytes @ 0x34
  1759                           
  1760     0054                     ___fladd@b:	
  1761                           ; 1 bytes @ 0x34
  1762                           
  1763                           
  1764                           ; 4 bytes @ 0x34
  1765     0054                     	ds	1
  1766     0055                     DHT22_read@dht_humedad:
  1767                           
  1768                           ; 1 bytes @ 0x35
  1769     0055                     	ds	1
  1770     0056                     ??_DHT22_read:
  1771                           
  1772                           ; 1 bytes @ 0x36
  1773     0056                     	ds	2
  1774     0058                     ___fladd@a:
  1775                           
  1776                           ; 4 bytes @ 0x38
  1777     0058                     	ds	2
  1778     005A                     DHT22_read@rawhumidity:
  1779                           
  1780                           ; 2 bytes @ 0x3A
  1781     005A                     	ds	2
  1782     005C                     DHT22_read@result:
  1783     005C                     ??___fladd:	
  1784                           ; 1 bytes @ 0x3C
  1785                           
  1786                           
  1787                           ; 1 bytes @ 0x3C
  1788     005C                     	ds	1
  1789     005D                     DHT22_read@bits:
  1790                           
  1791                           ; 5 bytes @ 0x3D
  1792     005D                     	ds	5
  1793     0062                     DHT22_read@rawtemperature:
  1794                           
  1795                           ; 2 bytes @ 0x42
  1796     0062                     	ds	2
  1797     0064                     DHT22_read@i:
  1798     0064                     ___fladd@signs:	
  1799                           ; 1 bytes @ 0x44
  1800                           
  1801                           
  1802                           ; 1 bytes @ 0x44
  1803     0064                     	ds	1
  1804     0065                     DHT22_read@j:
  1805     0065                     ___fladd@aexp:	
  1806                           ; 1 bytes @ 0x45
  1807                           
  1808                           
  1809                           ; 1 bytes @ 0x45
  1810     0065                     	ds	1
  1811     0066                     ___fladd@bexp:
  1812                           
  1813                           ; 1 bytes @ 0x46
  1814     0066                     	ds	1
  1815     0067                     ___fladd@grs:
  1816                           
  1817                           ; 1 bytes @ 0x47
  1818     0067                     	ds	1
  1819     0068                     ?___fltol:
  1820     0068                     ___fltol@f1:	
  1821                           ; 4 bytes @ 0x48
  1822                           
  1823     0068                     ??_calculate_temp_stats:	
  1824                           ; 4 bytes @ 0x48
  1825                           
  1826                           
  1827                           ; 1 bytes @ 0x48
  1828     0068                     	ds	4
  1829     006C                     ??___fltol:
  1830                           
  1831                           ; 1 bytes @ 0x4C
  1832     006C                     	ds	4
  1833                           
  1834                           	psect	maintext
  1835     0276                     __pmaintext:	
  1836 ;;
  1837 ;;Main: autosize = 0, tempsize = 3, incstack = 0, save=0
  1838 ;;
  1839 ;; *************** function _main *****************
  1840 ;; Defined at:
  1841 ;;		line 200 in file "main.c"
  1842 ;; Parameters:    Size  Location     Type
  1843 ;;		None
  1844 ;; Auto vars:     Size  Location     Type
  1845 ;;  t               7   55[BANK1 ] struct .
  1846 ;;  temp            4   51[BANK1 ] float 
  1847 ;;  hum             4   47[BANK1 ] float 
  1848 ;;  temp_int        2   44[BANK1 ] short 
  1849 ;;  h10             2   42[BANK1 ] unsigned short 
  1850 ;;  p               1   62[BANK1 ] unsigned char 
  1851 ;;  view_mode       1   46[BANK1 ] unsigned char 
  1852 ;;  sd              1   41[BANK1 ] unsigned char 
  1853 ;;  cnt             1   40[BANK1 ] unsigned char 
  1854 ;;  dht_ok          1   39[BANK1 ] unsigned char 
  1855 ;;  stats_displa    1    0        unsigned char 
  1856 ;;  view_changed    1    0        unsigned char 
  1857 ;; Return value:  Size  Location     Type
  1858 ;;                  1    wreg      void 
  1859 ;; Registers used:
  1860 ;;		wreg, fsr0l, fsr0h, status,2, status,0, pclath, btemp1, cstack
  1861 ;; Tracked objects:
  1862 ;;		On entry : B00/0
  1863 ;;		On exit  : 0/0
  1864 ;;		Unchanged: 0/0
  1865 ;; Data sizes:     COMMON   BANK0   BANK1   BANK3   BANK2
  1866 ;;      Params:         0       0       0       0       0
  1867 ;;      Locals:         0       0      28       0       0
  1868 ;;      Temps:          0       0       3       0       0
  1869 ;;      Totals:         0       0      31       0       0
  1870 ;;Total ram usage:       31 bytes
  1871 ;; Hardware stack levels required when called: 4
  1872 ;; This function calls:
  1873 ;;		_DHT22_init
  1874 ;;		_DHT22_read
  1875 ;;		_DS3231_Init
  1876 ;;		_DS3231_ReadTime
  1877 ;;		_FAT32_AppendLine
  1878 ;;		_FAT32_Init
  1879 ;;		_Lcd_Clear
  1880 ;;		_Lcd_Init
  1881 ;;		_Lcd_Set_Cursor
  1882 ;;		_Lcd_Write_Char
  1883 ;;		_Lcd_Write_String
  1884 ;;		_SD_Init
  1885 ;;		___awdiv
  1886 ;;		___awmod
  1887 ;;		___fladd
  1888 ;;		___flge
  1889 ;;		___flmul
  1890 ;;		___fltol
  1891 ;;		___lbdiv
  1892 ;;		___lbmod
  1893 ;;		___lwdiv
  1894 ;;		___lwmod
  1895 ;;		_add_temp_to_buffer
  1896 ;;		_calculate_temp_stats
  1897 ;;		_display_main_screen
  1898 ;;		_display_quartiles_screen
  1899 ;;		_display_stats_screen
  1900 ;;		_read_button_press
  1901 ;; This function is called by:
  1902 ;;		Startup code after reset
  1903 ;; This function uses a non-reentrant model
  1904 ;;
  1905                           
  1906     0276                     _main:	
  1907                           ;psect for function _main
  1908                           
  1909                           
  1910                           ;main.c: 201:     DS3231_Time t;;main.c: 202:     float temp = 0, hum = 0;
  1911                           
  1912                           ;incstack = 0
  1913                           ; Regs used in _main: [wreg-fsr0h+status,2+status,0+pclath+btemp1+cstack]
  1914     0276  3000               	movlw	0
  1915     0277  1683               	bsf	3,5	;RP0=1, select bank1
  1916     0278  00D6               	movwf	(main@temp+3)^(0+128)
  1917     0279  3000               	movlw	0
  1918     027A  00D5               	movwf	(main@temp+2)^(0+128)
  1919     027B  3000               	movlw	0
  1920     027C  00D4               	movwf	(main@temp+1)^(0+128)
  1921     027D  3000               	movlw	0
  1922     027E  00D3               	movwf	main@temp^(0+128)
  1923     027F  3000               	movlw	0
  1924     0280  00D2               	movwf	(main@hum+3)^(0+128)
  1925     0281  3000               	movlw	0
  1926     0282  00D1               	movwf	(main@hum+2)^(0+128)
  1927     0283  3000               	movlw	0
  1928     0284  00D0               	movwf	(main@hum+1)^(0+128)
  1929     0285  3000               	movlw	0
  1930     0286  00CF               	movwf	main@hum^(0+128)
  1931                           
  1932                           ;main.c: 203:     uint8_t sd = 0, p, cnt = 0, dht_ok = 0;
  1933     0287  01C9               	clrf	main@sd^(0+128)
  1934     0288  01C8               	clrf	main@cnt^(0+128)
  1935                           
  1936                           ;main.c: 207:     uint16_t h10;;main.c: 208:     int16_t temp_int;;main.c: 209:     stat
      +                          ic uint8_t last_min = 0xFF;;main.c: 211:     ANSEL = 0x00;
  1937     0289  1703               	bsf	3,6	;RP1=1, select bank3
  1938     028A  0188               	clrf	8	;volatile
  1939                           
  1940                           ;main.c: 212:     ANSELH = 0x00;
  1941     028B  0189               	clrf	9	;volatile
  1942                           
  1943                           ;main.c: 215:     TRISAbits.TRISA2 = 1;
  1944     028C  1303               	bcf	3,6	;RP1=0, select bank1
  1945     028D  1505               	bsf	5,2	;volatile
  1946                           
  1947                           ;main.c: 218:     Lcd_Init();
  1948     028E  160A  118A  20B8  120A  118A  	fcall	_Lcd_Init
  1949                           
  1950                           ;main.c: 219:     Lcd_Clear();
  1951     0293  160A  158A  2272  120A  118A  	fcall	_Lcd_Clear
  1952                           
  1953                           ;main.c: 220:     Lcd_Set_Cursor(1, 1);
  1954     0298  01F4               	clrf	Lcd_Set_Cursor@b
  1955     0299  0AF4               	incf	Lcd_Set_Cursor@b,f
  1956     029A  3001               	movlw	1
  1957     029B  160A  158A  2382  120A  118A  	fcall	_Lcd_Set_Cursor
  1958                           
  1959                           ;main.c: 221:     Lcd_Write_String("Init Sensors");
  1960     02A0  3044               	movlw	(low ((STR_13-__stringbase)| (0+32768)))& (0+255)
  1961     02A1  1283               	bcf	3,5	;RP0=0, select bank0
  1962     02A2  1303               	bcf	3,6	;RP1=0, select bank0
  1963     02A3  00A3               	movwf	Lcd_Write_String@a
  1964     02A4  160A  158A  23A5  120A  118A  	fcall	_Lcd_Write_String
  1965                           
  1966                           ;main.c: 223:     DHT22_init();
  1967     02A9  160A  158A  2236  120A  118A  	fcall	_DHT22_init
  1968                           
  1969                           ;main.c: 224:     DS3231_Init();
  1970     02AE  160A  158A  21F9  120A  118A  	fcall	_DS3231_Init
  1971                           
  1972                           ;main.c: 225:     _delay((unsigned long)((100)*(20000000/4000.0)));
  1973     02B3  3003               	movlw	3
  1974     02B4  1683               	bsf	3,5	;RP0=1, select bank1
  1975     02B5  1303               	bcf	3,6	;RP1=0, select bank1
  1976     02B6  00C2               	movwf	(??_main^(0+128)+2)
  1977     02B7  308A               	movlw	138
  1978     02B8  00C1               	movwf	(??_main^(0+128)+1)
  1979     02B9  3055               	movlw	85
  1980     02BA  00C0               	movwf	??_main^(0+128)
  1981     02BB                     u6097:
  1982     02BB  0BC0               	decfsz	??_main^(0+128),f
  1983     02BC  2ABB               	goto	u6097
  1984     02BD  0BC1               	decfsz	(??_main^(0+128)+1),f
  1985     02BE  2ABB               	goto	u6097
  1986     02BF  0BC2               	decfsz	(??_main^(0+128)+2),f
  1987     02C0  2ABB               	goto	u6097
  1988                           
  1989                           ;main.c: 227:     Lcd_Set_Cursor(2, 1);
  1990     02C1  01F4               	clrf	Lcd_Set_Cursor@b
  1991     02C2  0AF4               	incf	Lcd_Set_Cursor@b,f
  1992     02C3  3002               	movlw	2
  1993     02C4  160A  158A  2382  120A  118A  	fcall	_Lcd_Set_Cursor
  1994                           
  1995                           ;main.c: 228:     Lcd_Write_String("Init SD...");
  1996     02C9  3051               	movlw	(low ((STR_14-__stringbase)| (0+32768)))& (0+255)
  1997     02CA  1283               	bcf	3,5	;RP0=0, select bank0
  1998     02CB  1303               	bcf	3,6	;RP1=0, select bank0
  1999     02CC  00A3               	movwf	Lcd_Write_String@a
  2000     02CD  160A  158A  23A5  120A  118A  	fcall	_Lcd_Write_String
  2001                           
  2002                           ;main.c: 229:     _delay((unsigned long)((100)*(20000000/4000.0)));
  2003     02D2  3003               	movlw	3
  2004     02D3  1683               	bsf	3,5	;RP0=1, select bank1
  2005     02D4  1303               	bcf	3,6	;RP1=0, select bank1
  2006     02D5  00C2               	movwf	(??_main^(0+128)+2)
  2007     02D6  308A               	movlw	138
  2008     02D7  00C1               	movwf	(??_main^(0+128)+1)
  2009     02D8  3055               	movlw	85
  2010     02D9  00C0               	movwf	??_main^(0+128)
  2011     02DA                     u6107:
  2012     02DA  0BC0               	decfsz	??_main^(0+128),f
  2013     02DB  2ADA               	goto	u6107
  2014     02DC  0BC1               	decfsz	(??_main^(0+128)+1),f
  2015     02DD  2ADA               	goto	u6107
  2016     02DE  0BC2               	decfsz	(??_main^(0+128)+2),f
  2017     02DF  2ADA               	goto	u6107
  2018                           
  2019                           ;main.c: 231:     if(SD_Init()) {
  2020     02E0  160A  118A  233C  120A  118A  	fcall	_SD_Init
  2021     02E5  3A00               	xorlw	0
  2022     02E6  1903               	skipnz
  2023     02E7  2B3A               	goto	l4351
  2024                           
  2025                           ;main.c: 232:         _delay((unsigned long)((50)*(20000000/4000.0)));
  2026     02E8  3002               	movlw	2
  2027     02E9  1683               	bsf	3,5	;RP0=1, select bank1
  2028     02EA  1303               	bcf	3,6	;RP1=0, select bank1
  2029     02EB  00C2               	movwf	(??_main^(0+128)+2)
  2030     02EC  3045               	movlw	69
  2031     02ED  00C1               	movwf	(??_main^(0+128)+1)
  2032     02EE  30A9               	movlw	169
  2033     02EF  00C0               	movwf	??_main^(0+128)
  2034     02F0                     u6117:
  2035     02F0  0BC0               	decfsz	??_main^(0+128),f
  2036     02F1  2AF0               	goto	u6117
  2037     02F2  0BC1               	decfsz	(??_main^(0+128)+1),f
  2038     02F3  2AF0               	goto	u6117
  2039     02F4  0BC2               	decfsz	(??_main^(0+128)+2),f
  2040     02F5  2AF0               	goto	u6117
  2041                           
  2042                           ;main.c: 233:         if(FAT32_Init()) {
  2043     02F6  160A  118A  20AC  120A  118A  	fcall	_FAT32_Init
  2044     02FB  3A00               	xorlw	0
  2045     02FC  1903               	skipnz
  2046     02FD  2B3A               	goto	l4351
  2047                           
  2048                           ;main.c: 234:             sd = 1;
  2049     02FE  3001               	movlw	1
  2050     02FF  00C9               	movwf	main@sd^(0+128)
  2051                           
  2052                           ;main.c: 235:             Lcd_Set_Cursor(2, 1);
  2053     0300  01F4               	clrf	Lcd_Set_Cursor@b
  2054     0301  0AF4               	incf	Lcd_Set_Cursor@b,f
  2055     0302  3002               	movlw	2
  2056     0303  160A  158A  2382  120A  118A  	fcall	_Lcd_Set_Cursor
  2057                           
  2058                           ;main.c: 236:             Lcd_Write_String("SD OK!        ");
  2059     0308  3017               	movlw	(low ((STR_15-__stringbase)| (0+32768)))& (0+255)
  2060     0309  1283               	bcf	3,5	;RP0=0, select bank0
  2061     030A  1303               	bcf	3,6	;RP1=0, select bank0
  2062     030B  00A3               	movwf	Lcd_Write_String@a
  2063     030C  160A  158A  23A5  120A  118A  	fcall	_Lcd_Write_String
  2064                           
  2065                           ;main.c: 237:             _delay((unsigned long)((200)*(20000000/4000.0)));
  2066     0311  3006               	movlw	6
  2067     0312  1683               	bsf	3,5	;RP0=1, select bank1
  2068     0313  1303               	bcf	3,6	;RP1=0, select bank1
  2069     0314  00C2               	movwf	(??_main^(0+128)+2)
  2070     0315  3013               	movlw	19
  2071     0316  00C1               	movwf	(??_main^(0+128)+1)
  2072     0317  30AD               	movlw	173
  2073     0318  00C0               	movwf	??_main^(0+128)
  2074     0319                     u6127:
  2075     0319  0BC0               	decfsz	??_main^(0+128),f
  2076     031A  2B19               	goto	u6127
  2077     031B  0BC1               	decfsz	(??_main^(0+128)+1),f
  2078     031C  2B19               	goto	u6127
  2079     031D  0BC2               	decfsz	(??_main^(0+128)+2),f
  2080     031E  2B19               	goto	u6127
  2081                           
  2082                           ;main.c: 240:             FAT32_AppendLine("DATA.TXT", "Fecha,Hora,Temp,Hum\r\n");
  2083     031F  305C               	movlw	(low ((STR_16-__stringbase)| (0+32768)))& (0+255)
  2084     0320  1283               	bcf	3,5	;RP0=0, select bank0
  2085     0321  1303               	bcf	3,6	;RP1=0, select bank0
  2086     0322  00AF               	movwf	FAT32_AppendLine@filename
  2087     0323  3001               	movlw	(low ((STR_17-__stringbase)| (0+32768)))& (0+255)
  2088     0324  00B0               	movwf	FAT32_AppendLine@line
  2089     0325  3080               	movlw	128
  2090     0326  00B1               	movwf	FAT32_AppendLine@line+1
  2091     0327  160A  158A  2547  120A  118A  	fcall	_FAT32_AppendLine
  2092                           
  2093                           ;main.c: 241:             _delay((unsigned long)((100)*(20000000/4000.0)));
  2094     032C  3003               	movlw	3
  2095     032D  1683               	bsf	3,5	;RP0=1, select bank1
  2096     032E  1303               	bcf	3,6	;RP1=0, select bank1
  2097     032F  00C2               	movwf	(??_main^(0+128)+2)
  2098     0330  308A               	movlw	138
  2099     0331  00C1               	movwf	(??_main^(0+128)+1)
  2100     0332  3055               	movlw	85
  2101     0333  00C0               	movwf	??_main^(0+128)
  2102     0334                     u6137:
  2103     0334  0BC0               	decfsz	??_main^(0+128),f
  2104     0335  2B34               	goto	u6137
  2105     0336  0BC1               	decfsz	(??_main^(0+128)+1),f
  2106     0337  2B34               	goto	u6137
  2107     0338  0BC2               	decfsz	(??_main^(0+128)+2),f
  2108     0339  2B34               	goto	u6137
  2109     033A                     l4351:
  2110                           
  2111                           ;main.c: 245:     if(!sd) {
  2112     033A  1683               	bsf	3,5	;RP0=1, select bank1
  2113     033B  1303               	bcf	3,6	;RP1=0, select bank1
  2114     033C  0849               	movf	main@sd^(0+128),w
  2115     033D  1D03               	btfss	3,2
  2116     033E  2B50               	goto	l4357
  2117                           
  2118                           ;main.c: 246:         Lcd_Set_Cursor(2, 1);
  2119     033F  01F4               	clrf	Lcd_Set_Cursor@b
  2120     0340  0AF4               	incf	Lcd_Set_Cursor@b,f
  2121     0341  3002               	movlw	2
  2122     0342  160A  158A  2382  120A  118A  	fcall	_Lcd_Set_Cursor
  2123                           
  2124                           ;main.c: 247:         Lcd_Write_String("SD Error!     ");
  2125     0347  3035               	movlw	(low ((STR_18-__stringbase)| (0+32768)))& (0+255)
  2126     0348  1283               	bcf	3,5	;RP0=0, select bank0
  2127     0349  1303               	bcf	3,6	;RP1=0, select bank0
  2128     034A  00A3               	movwf	Lcd_Write_String@a
  2129     034B  160A  158A  23A5  120A  118A  	fcall	_Lcd_Write_String
  2130     0350                     l4357:
  2131                           
  2132                           ;main.c: 250:     _delay((unsigned long)((500)*(20000000/4000.0)));
  2133     0350  300D               	movlw	13
  2134     0351  1683               	bsf	3,5	;RP0=1, select bank1
  2135     0352  1303               	bcf	3,6	;RP1=0, select bank1
  2136     0353  00C2               	movwf	(??_main^(0+128)+2)
  2137     0354  30AF               	movlw	175
  2138     0355  00C1               	movwf	(??_main^(0+128)+1)
  2139     0356  30B5               	movlw	181
  2140     0357  00C0               	movwf	??_main^(0+128)
  2141     0358                     u6147:
  2142     0358  0BC0               	decfsz	??_main^(0+128),f
  2143     0359  2B58               	goto	u6147
  2144     035A  0BC1               	decfsz	(??_main^(0+128)+1),f
  2145     035B  2B58               	goto	u6147
  2146     035C  0BC2               	decfsz	(??_main^(0+128)+2),f
  2147     035D  2B58               	goto	u6147
  2148     035E  2B5F               	nop2
  2149                           
  2150                           ;main.c: 251:     Lcd_Clear();
  2151     035F  160A  158A  2272  120A  118A  	fcall	_Lcd_Clear
  2152                           
  2153                           ;main.c: 254:     DS3231_ReadTime(&t);
  2154     0364  30D7               	movlw	low main@t
  2155     0365  00FA               	movwf	DS3231_ReadTime@time
  2156     0366  3000               	movlw	high main@t
  2157     0367  00FB               	movwf	DS3231_ReadTime@time+1
  2158     0368  120A  158A  2034  120A  118A  	fcall	_DS3231_ReadTime
  2159                           
  2160                           ;main.c: 255:     dht_ok = DHT22_read(&temp, &hum);
  2161     036D  30D3               	movlw	(low (main@temp| 0))& (0+255)
  2162     036E  1283               	bcf	3,5	;RP0=0, select bank0
  2163     036F  1303               	bcf	3,6	;RP1=0, select bank0
  2164     0370  00D4               	movwf	DHT22_read@dht_temperatura
  2165     0371  30CF               	movlw	(low (main@hum| 0))& (0+255)
  2166     0372  00D5               	movwf	DHT22_read@dht_humedad
  2167     0373  160A  118A  26C6  120A  118A  	fcall	_DHT22_read
  2168     0378  1683               	bsf	3,5	;RP0=1, select bank1
  2169     0379  00C7               	movwf	main@dht_ok^(0+128)
  2170                           
  2171                           ;main.c: 256:     add_temp_to_buffer(temp);
  2172     037A  0856               	movf	(main@temp+3)^(0+128),w
  2173     037B  1283               	bcf	3,5	;RP0=0, select bank0
  2174     037C  00A9               	movwf	add_temp_to_buffer@temp+3
  2175     037D  1683               	bsf	3,5	;RP0=1, select bank1
  2176     037E  0855               	movf	(main@temp+2)^(0+128),w
  2177     037F  1283               	bcf	3,5	;RP0=0, select bank0
  2178     0380  00A8               	movwf	add_temp_to_buffer@temp+2
  2179     0381  1683               	bsf	3,5	;RP0=1, select bank1
  2180     0382  0854               	movf	(main@temp+1)^(0+128),w
  2181     0383  1283               	bcf	3,5	;RP0=0, select bank0
  2182     0384  00A7               	movwf	add_temp_to_buffer@temp+1
  2183     0385  1683               	bsf	3,5	;RP0=1, select bank1
  2184     0386  0853               	movf	main@temp^(0+128),w
  2185     0387  1283               	bcf	3,5	;RP0=0, select bank0
  2186     0388  00A6               	movwf	add_temp_to_buffer@temp
  2187     0389  160A  158A  2418  120A  118A  	fcall	_add_temp_to_buffer
  2188                           
  2189                           ;main.c: 259:     view_mode = 0;
  2190     038E  01CE               	clrf	main@view_mode^(0+128)
  2191                           
  2192                           ;main.c: 260:     display_main_screen(&t, temp, hum);
  2193     038F  30D7               	movlw	low main@t
  2194     0390  00AC               	movwf	display_main_screen@t^(0+128)
  2195     0391  3000               	movlw	high main@t
  2196     0392  00AD               	movwf	(display_main_screen@t^(0+128)+1)
  2197     0393  0856               	movf	(main@temp+3)^(0+128),w
  2198     0394  00B1               	movwf	(display_main_screen@temp+3)^(0+128)
  2199     0395  0855               	movf	(main@temp+2)^(0+128),w
  2200     0396  00B0               	movwf	(display_main_screen@temp+2)^(0+128)
  2201     0397  0854               	movf	(main@temp+1)^(0+128),w
  2202     0398  00AF               	movwf	(display_main_screen@temp+1)^(0+128)
  2203     0399  0853               	movf	main@temp^(0+128),w
  2204     039A  00AE               	movwf	display_main_screen@temp^(0+128)
  2205     039B  0852               	movf	(main@hum+3)^(0+128),w
  2206     039C  00B5               	movwf	(display_main_screen@hum+3)^(0+128)
  2207     039D  0851               	movf	(main@hum+2)^(0+128),w
  2208     039E  00B4               	movwf	(display_main_screen@hum+2)^(0+128)
  2209     039F  0850               	movf	(main@hum+1)^(0+128),w
  2210     03A0  00B3               	movwf	(display_main_screen@hum+1)^(0+128)
  2211     03A1  084F               	movf	main@hum^(0+128),w
  2212     03A2  00B2               	movwf	display_main_screen@hum^(0+128)
  2213     03A3  160A  118A  2273  120A  118A  	fcall	_display_main_screen
  2214                           
  2215                           ;main.c: 262:     _delay((unsigned long)((1000)*(20000000/4000.0)));
  2216     03A8  301A               	movlw	26
  2217     03A9  1683               	bsf	3,5	;RP0=1, select bank1
  2218     03AA  1303               	bcf	3,6	;RP1=0, select bank1
  2219     03AB  00C2               	movwf	(??_main^(0+128)+2)
  2220     03AC  305E               	movlw	94
  2221     03AD  00C1               	movwf	(??_main^(0+128)+1)
  2222     03AE  306D               	movlw	109
  2223     03AF  00C0               	movwf	??_main^(0+128)
  2224     03B0                     u6157:
  2225     03B0  0BC0               	decfsz	??_main^(0+128),f
  2226     03B1  2BB0               	goto	u6157
  2227     03B2  0BC1               	decfsz	(??_main^(0+128)+1),f
  2228     03B3  2BB0               	goto	u6157
  2229     03B4  0BC2               	decfsz	(??_main^(0+128)+2),f
  2230     03B5  2BB0               	goto	u6157
  2231     03B6  2BB7               	nop2
  2232     03B7                     l4373:
  2233                           
  2234                           ;main.c: 266:         if(read_button_press()) {
  2235     03B7  160A  158A  23C8  120A  118A  	fcall	_read_button_press
  2236     03BC  3A00               	xorlw	0
  2237     03BD  1903               	skipnz
  2238     03BE  2C1B               	goto	l4389
  2239                           
  2240                           ;main.c: 267:             view_mode = (view_mode + 1) % 3;
  2241     03BF  3003               	movlw	3
  2242     03C0  1283               	bcf	3,5	;RP0=0, select bank0
  2243     03C1  00A0               	movwf	___awmod@divisor
  2244     03C2  3000               	movlw	0
  2245     03C3  00A1               	movwf	___awmod@divisor+1
  2246     03C4  1683               	bsf	3,5	;RP0=1, select bank1
  2247     03C5  084E               	movf	main@view_mode^(0+128),w
  2248     03C6  3E01               	addlw	1
  2249     03C7  1283               	bcf	3,5	;RP0=0, select bank0
  2250     03C8  00A2               	movwf	___awmod@dividend
  2251     03C9  3000               	movlw	0
  2252     03CA  1803               	skipnc
  2253     03CB  3001               	movlw	1
  2254     03CC  00A3               	movwf	___awmod@dividend+1
  2255     03CD  160A  158A  258C  120A  118A  	fcall	___awmod
  2256     03D2  0820               	movf	?___awmod,w
  2257     03D3  1683               	bsf	3,5	;RP0=1, select bank1
  2258     03D4  00CE               	movwf	main@view_mode^(0+128)
  2259                           
  2260                           ;main.c: 268:             Lcd_Clear();
  2261     03D5  160A  158A  2272  120A  118A  	fcall	_Lcd_Clear
  2262                           
  2263                           ;main.c: 270:             if(view_mode == 1) {
  2264     03DA  1683               	bsf	3,5	;RP0=1, select bank1
  2265     03DB  1303               	bcf	3,6	;RP1=0, select bank1
  2266     03DC  034E               	decf	main@view_mode^(0+128),w
  2267     03DD  1D03               	btfss	3,2
  2268     03DE  2BEA               	goto	l4381
  2269                           
  2270                           ;main.c: 272:                 calculate_temp_stats();
  2271     03DF  120A  118A  2055  120A  118A  	fcall	_calculate_temp_stats
  2272                           
  2273                           ;main.c: 273:                 display_stats_screen();
  2274     03E4  160A  158A  2776  120A  118A  	fcall	_display_stats_screen
  2275                           
  2276                           ;main.c: 274:             } else if(view_mode == 2) {
  2277     03E9  2C0D               	goto	l4387
  2278     03EA                     l4381:
  2279     03EA  3002               	movlw	2
  2280     03EB  064E               	xorwf	main@view_mode^(0+128),w
  2281     03EC  1D03               	btfss	3,2
  2282     03ED  2BF4               	goto	l4385
  2283                           
  2284                           ;main.c: 276:                 display_quartiles_screen();
  2285     03EE  160A  158A  26F5  120A  118A  	fcall	_display_quartiles_screen
  2286                           
  2287                           ;main.c: 277:             } else {
  2288     03F3  2C0D               	goto	l4387
  2289     03F4                     l4385:
  2290                           
  2291                           ;main.c: 279:                 display_main_screen(&t, temp, hum);
  2292     03F4  30D7               	movlw	low main@t
  2293     03F5  00AC               	movwf	display_main_screen@t^(0+128)
  2294     03F6  3000               	movlw	high main@t
  2295     03F7  00AD               	movwf	(display_main_screen@t^(0+128)+1)
  2296     03F8  0856               	movf	(main@temp+3)^(0+128),w
  2297     03F9  00B1               	movwf	(display_main_screen@temp+3)^(0+128)
  2298     03FA  0855               	movf	(main@temp+2)^(0+128),w
  2299     03FB  00B0               	movwf	(display_main_screen@temp+2)^(0+128)
  2300     03FC  0854               	movf	(main@temp+1)^(0+128),w
  2301     03FD  00AF               	movwf	(display_main_screen@temp+1)^(0+128)
  2302     03FE  0853               	movf	main@temp^(0+128),w
  2303     03FF  00AE               	movwf	display_main_screen@temp^(0+128)
  2304     0400  0852               	movf	(main@hum+3)^(0+128),w
  2305     0401  00B5               	movwf	(display_main_screen@hum+3)^(0+128)
  2306     0402  0851               	movf	(main@hum+2)^(0+128),w
  2307     0403  00B4               	movwf	(display_main_screen@hum+2)^(0+128)
  2308     0404  0850               	movf	(main@hum+1)^(0+128),w
  2309     0405  00B3               	movwf	(display_main_screen@hum+1)^(0+128)
  2310     0406  084F               	movf	main@hum^(0+128),w
  2311     0407  00B2               	movwf	display_main_screen@hum^(0+128)
  2312     0408  160A  118A  2273  120A  118A  	fcall	_display_main_screen
  2313     040D                     l4387:
  2314                           
  2315                           ;main.c: 282:             _delay((unsigned long)((200)*(20000000/4000.0)));
  2316     040D  3006               	movlw	6
  2317     040E  1683               	bsf	3,5	;RP0=1, select bank1
  2318     040F  1303               	bcf	3,6	;RP1=0, select bank1
  2319     0410  00C2               	movwf	(??_main^(0+128)+2)
  2320     0411  3013               	movlw	19
  2321     0412  00C1               	movwf	(??_main^(0+128)+1)
  2322     0413  30AD               	movlw	173
  2323     0414  00C0               	movwf	??_main^(0+128)
  2324     0415                     u6167:
  2325     0415  0BC0               	decfsz	??_main^(0+128),f
  2326     0416  2C15               	goto	u6167
  2327     0417  0BC1               	decfsz	(??_main^(0+128)+1),f
  2328     0418  2C15               	goto	u6167
  2329     0419  0BC2               	decfsz	(??_main^(0+128)+2),f
  2330     041A  2C15               	goto	u6167
  2331     041B                     l4389:
  2332                           
  2333                           ;main.c: 286:         DS3231_ReadTime(&t);
  2334     041B  30D7               	movlw	low main@t
  2335     041C  00FA               	movwf	DS3231_ReadTime@time
  2336     041D  3000               	movlw	high main@t
  2337     041E  00FB               	movwf	DS3231_ReadTime@time+1
  2338     041F  120A  158A  2034  120A  118A  	fcall	_DS3231_ReadTime
  2339                           
  2340                           ;main.c: 289:         if(cnt == 0) {
  2341     0424  1683               	bsf	3,5	;RP0=1, select bank1
  2342     0425  1303               	bcf	3,6	;RP1=0, select bank1
  2343     0426  0848               	movf	main@cnt^(0+128),w
  2344     0427  1D03               	btfss	3,2
  2345     0428  2C49               	goto	l4397
  2346                           
  2347                           ;main.c: 290:             dht_ok = DHT22_read(&temp, &hum);
  2348     0429  30D3               	movlw	(low (main@temp| 0))& (0+255)
  2349     042A  1283               	bcf	3,5	;RP0=0, select bank0
  2350     042B  00D4               	movwf	DHT22_read@dht_temperatura
  2351     042C  30CF               	movlw	(low (main@hum| 0))& (0+255)
  2352     042D  00D5               	movwf	DHT22_read@dht_humedad
  2353     042E  160A  118A  26C6  120A  118A  	fcall	_DHT22_read
  2354     0433  1683               	bsf	3,5	;RP0=1, select bank1
  2355     0434  00C7               	movwf	main@dht_ok^(0+128)
  2356                           
  2357                           ;main.c: 291:             add_temp_to_buffer(temp);
  2358     0435  0856               	movf	(main@temp+3)^(0+128),w
  2359     0436  1283               	bcf	3,5	;RP0=0, select bank0
  2360     0437  00A9               	movwf	add_temp_to_buffer@temp+3
  2361     0438  1683               	bsf	3,5	;RP0=1, select bank1
  2362     0439  0855               	movf	(main@temp+2)^(0+128),w
  2363     043A  1283               	bcf	3,5	;RP0=0, select bank0
  2364     043B  00A8               	movwf	add_temp_to_buffer@temp+2
  2365     043C  1683               	bsf	3,5	;RP0=1, select bank1
  2366     043D  0854               	movf	(main@temp+1)^(0+128),w
  2367     043E  1283               	bcf	3,5	;RP0=0, select bank0
  2368     043F  00A7               	movwf	add_temp_to_buffer@temp+1
  2369     0440  1683               	bsf	3,5	;RP0=1, select bank1
  2370     0441  0853               	movf	main@temp^(0+128),w
  2371     0442  1283               	bcf	3,5	;RP0=0, select bank0
  2372     0443  00A6               	movwf	add_temp_to_buffer@temp
  2373     0444  160A  158A  2418  120A  118A  	fcall	_add_temp_to_buffer
  2374     0449                     l4397:
  2375                           
  2376                           ;main.c: 295:         if(view_mode == 0) {
  2377     0449  084E               	movf	main@view_mode^(0+128),w
  2378     044A  1D03               	btfss	3,2
  2379     044B  2C65               	goto	l4401
  2380                           
  2381                           ;main.c: 296:             display_main_screen(&t, temp, hum);
  2382     044C  30D7               	movlw	low main@t
  2383     044D  00AC               	movwf	display_main_screen@t^(0+128)
  2384     044E  3000               	movlw	high main@t
  2385     044F  00AD               	movwf	(display_main_screen@t^(0+128)+1)
  2386     0450  0856               	movf	(main@temp+3)^(0+128),w
  2387     0451  00B1               	movwf	(display_main_screen@temp+3)^(0+128)
  2388     0452  0855               	movf	(main@temp+2)^(0+128),w
  2389     0453  00B0               	movwf	(display_main_screen@temp+2)^(0+128)
  2390     0454  0854               	movf	(main@temp+1)^(0+128),w
  2391     0455  00AF               	movwf	(display_main_screen@temp+1)^(0+128)
  2392     0456  0853               	movf	main@temp^(0+128),w
  2393     0457  00AE               	movwf	display_main_screen@temp^(0+128)
  2394     0458  0852               	movf	(main@hum+3)^(0+128),w
  2395     0459  00B5               	movwf	(display_main_screen@hum+3)^(0+128)
  2396     045A  0851               	movf	(main@hum+2)^(0+128),w
  2397     045B  00B4               	movwf	(display_main_screen@hum+2)^(0+128)
  2398     045C  0850               	movf	(main@hum+1)^(0+128),w
  2399     045D  00B3               	movwf	(display_main_screen@hum+1)^(0+128)
  2400     045E  084F               	movf	main@hum^(0+128),w
  2401     045F  00B2               	movwf	display_main_screen@hum^(0+128)
  2402     0460  160A  118A  2273  120A  118A  	fcall	_display_main_screen
  2403     0465                     l4401:
  2404                           
  2405                           ;main.c: 299:         cnt = (cnt + 1) % 5;
  2406     0465  3005               	movlw	5
  2407     0466  1283               	bcf	3,5	;RP0=0, select bank0
  2408     0467  00A0               	movwf	___awmod@divisor
  2409     0468  3000               	movlw	0
  2410     0469  00A1               	movwf	___awmod@divisor+1
  2411     046A  1683               	bsf	3,5	;RP0=1, select bank1
  2412     046B  0848               	movf	main@cnt^(0+128),w
  2413     046C  3E01               	addlw	1
  2414     046D  1283               	bcf	3,5	;RP0=0, select bank0
  2415     046E  00A2               	movwf	___awmod@dividend
  2416     046F  3000               	movlw	0
  2417     0470  1803               	skipnc
  2418     0471  3001               	movlw	1
  2419     0472  00A3               	movwf	___awmod@dividend+1
  2420     0473  160A  158A  258C  120A  118A  	fcall	___awmod
  2421     0478  0820               	movf	?___awmod,w
  2422     0479  1683               	bsf	3,5	;RP0=1, select bank1
  2423     047A  00C8               	movwf	main@cnt^(0+128)
  2424                           
  2425                           ;main.c: 302:         if(view_mode == 0 && t.minutes % 5 == 0 && t.minutes != last_min) 
      +                          {
  2426     047B  084E               	movf	main@view_mode^(0+128),w
  2427     047C  1D03               	btfss	3,2
  2428     047D  2FB7               	goto	l4563
  2429     047E  3005               	movlw	5
  2430     047F  00F0               	movwf	___lbmod@divisor
  2431     0480  0858               	movf	(main@t^(0+128)+1),w
  2432     0481  160A  158A  22DE  120A  118A  	fcall	___lbmod
  2433     0486  3A00               	xorlw	0
  2434     0487  1D03               	skipz
  2435     0488  2FB7               	goto	l4563
  2436     0489  1683               	bsf	3,5	;RP0=1, select bank1
  2437     048A  0858               	movf	(main@t^(0+128)+1),w
  2438     048B  066D               	xorwf	main@last_min^(0+128),w
  2439     048C  1903               	skipnz
  2440     048D  2FB7               	goto	l4563
  2441                           
  2442                           ;main.c: 303:             last_min = t.minutes;
  2443     048E  0858               	movf	(main@t^(0+128)+1),w
  2444     048F  00ED               	movwf	main@last_min^(0+128)
  2445                           
  2446                           ;main.c: 306:             if(sd && dht_ok && temp > -40.0 && temp < 80.0 && hum > 0.0 &&
      +                           hum < 100.0) {
  2447     0490  0849               	movf	main@sd^(0+128),w
  2448     0491  1903               	btfsc	3,2
  2449     0492  2FB7               	goto	l4563
  2450     0493  0847               	movf	main@dht_ok^(0+128),w
  2451     0494  1903               	btfsc	3,2
  2452     0495  2FB7               	goto	l4563
  2453     0496  30C2               	movlw	194
  2454     0497  00F3               	movwf	___flge@ff1+3
  2455     0498  3020               	movlw	32
  2456     0499  00F2               	movwf	___flge@ff1+2
  2457     049A  3000               	movlw	0
  2458     049B  00F1               	movwf	___flge@ff1+1
  2459     049C  3000               	movlw	0
  2460     049D  00F0               	movwf	___flge@ff1
  2461     049E  0856               	movf	(main@temp+3)^(0+128),w
  2462     049F  00F7               	movwf	___flge@ff2+3
  2463     04A0  0855               	movf	(main@temp+2)^(0+128),w
  2464     04A1  00F6               	movwf	___flge@ff2+2
  2465     04A2  0854               	movf	(main@temp+1)^(0+128),w
  2466     04A3  00F5               	movwf	___flge@ff2+1
  2467     04A4  0853               	movf	main@temp^(0+128),w
  2468     04A5  00F4               	movwf	___flge@ff2
  2469     04A6  160A  118A  2143  120A  118A  	fcall	___flge
  2470     04AB  1803               	btfsc	3,0
  2471     04AC  2FB7               	goto	l4563
  2472     04AD  1683               	bsf	3,5	;RP0=1, select bank1
  2473     04AE  0856               	movf	(main@temp+3)^(0+128),w
  2474     04AF  00F3               	movwf	___flge@ff1+3
  2475     04B0  0855               	movf	(main@temp+2)^(0+128),w
  2476     04B1  00F2               	movwf	___flge@ff1+2
  2477     04B2  0854               	movf	(main@temp+1)^(0+128),w
  2478     04B3  00F1               	movwf	___flge@ff1+1
  2479     04B4  0853               	movf	main@temp^(0+128),w
  2480     04B5  00F0               	movwf	___flge@ff1
  2481     04B6  3042               	movlw	66
  2482     04B7  00F7               	movwf	___flge@ff2+3
  2483     04B8  30A0               	movlw	160
  2484     04B9  00F6               	movwf	___flge@ff2+2
  2485     04BA  3000               	movlw	0
  2486     04BB  00F5               	movwf	___flge@ff2+1
  2487     04BC  3000               	movlw	0
  2488     04BD  00F4               	movwf	___flge@ff2
  2489     04BE  160A  118A  2143  120A  118A  	fcall	___flge
  2490     04C3  1803               	btfsc	3,0
  2491     04C4  2FB7               	goto	l4563
  2492     04C5  3000               	movlw	0
  2493     04C6  00F3               	movwf	___flge@ff1+3
  2494     04C7  3000               	movlw	0
  2495     04C8  00F2               	movwf	___flge@ff1+2
  2496     04C9  3000               	movlw	0
  2497     04CA  00F1               	movwf	___flge@ff1+1
  2498     04CB  3000               	movlw	0
  2499     04CC  00F0               	movwf	___flge@ff1
  2500     04CD  1683               	bsf	3,5	;RP0=1, select bank1
  2501     04CE  0852               	movf	(main@hum+3)^(0+128),w
  2502     04CF  00F7               	movwf	___flge@ff2+3
  2503     04D0  0851               	movf	(main@hum+2)^(0+128),w
  2504     04D1  00F6               	movwf	___flge@ff2+2
  2505     04D2  0850               	movf	(main@hum+1)^(0+128),w
  2506     04D3  00F5               	movwf	___flge@ff2+1
  2507     04D4  084F               	movf	main@hum^(0+128),w
  2508     04D5  00F4               	movwf	___flge@ff2
  2509     04D6  160A  118A  2143  120A  118A  	fcall	___flge
  2510     04DB  1803               	btfsc	3,0
  2511     04DC  2FB7               	goto	l4563
  2512     04DD  1683               	bsf	3,5	;RP0=1, select bank1
  2513     04DE  0852               	movf	(main@hum+3)^(0+128),w
  2514     04DF  00F3               	movwf	___flge@ff1+3
  2515     04E0  0851               	movf	(main@hum+2)^(0+128),w
  2516     04E1  00F2               	movwf	___flge@ff1+2
  2517     04E2  0850               	movf	(main@hum+1)^(0+128),w
  2518     04E3  00F1               	movwf	___flge@ff1+1
  2519     04E4  084F               	movf	main@hum^(0+128),w
  2520     04E5  00F0               	movwf	___flge@ff1
  2521     04E6  3042               	movlw	66
  2522     04E7  00F7               	movwf	___flge@ff2+3
  2523     04E8  30C8               	movlw	200
  2524     04E9  00F6               	movwf	___flge@ff2+2
  2525     04EA  3000               	movlw	0
  2526     04EB  00F5               	movwf	___flge@ff2+1
  2527     04EC  3000               	movlw	0
  2528     04ED  00F4               	movwf	___flge@ff2
  2529     04EE  160A  118A  2143  120A  118A  	fcall	___flge
  2530     04F3  1803               	btfsc	3,0
  2531     04F4  2FB7               	goto	l4563
  2532                           
  2533                           ;main.c: 308:                 p = 0;
  2534     04F5  1683               	bsf	3,5	;RP0=1, select bank1
  2535     04F6  01DE               	clrf	main@p^(0+128)
  2536                           
  2537                           ;main.c: 314:                 csv[p++] = '0' + (t.date / 10);
  2538     04F7  085E               	movf	main@p^(0+128),w
  2539     04F8  3EC5               	addlw	(low (_csv| (0+256)))& (0+255)
  2540     04F9  0084               	movwf	4
  2541     04FA  300A               	movlw	10
  2542     04FB  00F0               	movwf	___lbdiv@divisor
  2543     04FC  085B               	movf	(main@t^(0+128)+4),w
  2544     04FD  160A  158A  22BF  120A  118A  	fcall	___lbdiv
  2545     0502  3E30               	addlw	48
  2546     0503  1783               	bsf	3,7	;select IRP bank3
  2547     0504  0080               	movwf	0
  2548     0505  3001               	movlw	1
  2549     0506  1683               	bsf	3,5	;RP0=1, select bank1
  2550     0507  07DE               	addwf	main@p^(0+128),f
  2551                           
  2552                           ;main.c: 315:                 csv[p++] = '0' + (t.date % 10);
  2553     0508  085E               	movf	main@p^(0+128),w
  2554     0509  3EC5               	addlw	(low (_csv| (0+256)))& (0+255)
  2555     050A  0084               	movwf	4
  2556     050B  300A               	movlw	10
  2557     050C  00F0               	movwf	___lbmod@divisor
  2558     050D  085B               	movf	(main@t^(0+128)+4),w
  2559     050E  160A  158A  22DE  120A  118A  	fcall	___lbmod
  2560     0513  3E30               	addlw	48
  2561     0514  1783               	bsf	3,7	;select IRP bank3
  2562     0515  0080               	movwf	0
  2563     0516  3001               	movlw	1
  2564     0517  1683               	bsf	3,5	;RP0=1, select bank1
  2565     0518  07DE               	addwf	main@p^(0+128),f
  2566                           
  2567                           ;main.c: 316:                 csv[p++] = '/';
  2568     0519  085E               	movf	main@p^(0+128),w
  2569     051A  3EC5               	addlw	(low (_csv| (0+256)))& (0+255)
  2570     051B  0084               	movwf	4
  2571     051C  302F               	movlw	47
  2572     051D  0080               	movwf	0
  2573     051E  3001               	movlw	1
  2574     051F  07DE               	addwf	main@p^(0+128),f
  2575                           
  2576                           ;main.c: 317:                 csv[p++] = '0' + (t.month / 10);
  2577     0520  085E               	movf	main@p^(0+128),w
  2578     0521  3EC5               	addlw	(low (_csv| (0+256)))& (0+255)
  2579     0522  0084               	movwf	4
  2580     0523  300A               	movlw	10
  2581     0524  00F0               	movwf	___lbdiv@divisor
  2582     0525  085C               	movf	(main@t^(0+128)+5),w
  2583     0526  160A  158A  22BF  120A  118A  	fcall	___lbdiv
  2584     052B  3E30               	addlw	48
  2585     052C  1783               	bsf	3,7	;select IRP bank3
  2586     052D  0080               	movwf	0
  2587     052E  3001               	movlw	1
  2588     052F  1683               	bsf	3,5	;RP0=1, select bank1
  2589     0530  07DE               	addwf	main@p^(0+128),f
  2590                           
  2591                           ;main.c: 318:                 csv[p++] = '0' + (t.month % 10);
  2592     0531  085E               	movf	main@p^(0+128),w
  2593     0532  3EC5               	addlw	(low (_csv| (0+256)))& (0+255)
  2594     0533  0084               	movwf	4
  2595     0534  300A               	movlw	10
  2596     0535  00F0               	movwf	___lbmod@divisor
  2597     0536  085C               	movf	(main@t^(0+128)+5),w
  2598     0537  160A  158A  22DE  120A  118A  	fcall	___lbmod
  2599     053C  3E30               	addlw	48
  2600     053D  1783               	bsf	3,7	;select IRP bank3
  2601     053E  0080               	movwf	0
  2602     053F  3001               	movlw	1
  2603     0540  1683               	bsf	3,5	;RP0=1, select bank1
  2604     0541  07DE               	addwf	main@p^(0+128),f
  2605                           
  2606                           ;main.c: 319:                 csv[p++] = '/';
  2607     0542  085E               	movf	main@p^(0+128),w
  2608     0543  3EC5               	addlw	(low (_csv| (0+256)))& (0+255)
  2609     0544  0084               	movwf	4
  2610     0545  302F               	movlw	47
  2611     0546  0080               	movwf	0
  2612     0547  3001               	movlw	1
  2613     0548  07DE               	addwf	main@p^(0+128),f
  2614                           
  2615                           ;main.c: 320:                 csv[p++] = '0' + (t.year / 10);
  2616     0549  085E               	movf	main@p^(0+128),w
  2617     054A  3EC5               	addlw	(low (_csv| (0+256)))& (0+255)
  2618     054B  0084               	movwf	4
  2619     054C  300A               	movlw	10
  2620     054D  00F0               	movwf	___lbdiv@divisor
  2621     054E  085D               	movf	(main@t^(0+128)+6),w
  2622     054F  160A  158A  22BF  120A  118A  	fcall	___lbdiv
  2623     0554  3E30               	addlw	48
  2624     0555  1783               	bsf	3,7	;select IRP bank3
  2625     0556  0080               	movwf	0
  2626     0557  3001               	movlw	1
  2627     0558  1683               	bsf	3,5	;RP0=1, select bank1
  2628     0559  07DE               	addwf	main@p^(0+128),f
  2629                           
  2630                           ;main.c: 321:                 csv[p++] = '0' + (t.year % 10);
  2631     055A  085E               	movf	main@p^(0+128),w
  2632     055B  3EC5               	addlw	(low (_csv| (0+256)))& (0+255)
  2633     055C  0084               	movwf	4
  2634     055D  300A               	movlw	10
  2635     055E  00F0               	movwf	___lbmod@divisor
  2636     055F  085D               	movf	(main@t^(0+128)+6),w
  2637     0560  160A  158A  22DE  120A  118A  	fcall	___lbmod
  2638     0565  3E30               	addlw	48
  2639     0566  1783               	bsf	3,7	;select IRP bank3
  2640     0567  0080               	movwf	0
  2641     0568  3001               	movlw	1
  2642     0569  1683               	bsf	3,5	;RP0=1, select bank1
  2643     056A  07DE               	addwf	main@p^(0+128),f
  2644                           
  2645                           ;main.c: 322:                 csv[p++] = ',';
  2646     056B  085E               	movf	main@p^(0+128),w
  2647     056C  3EC5               	addlw	(low (_csv| (0+256)))& (0+255)
  2648     056D  0084               	movwf	4
  2649     056E  302C               	movlw	44
  2650     056F  0080               	movwf	0
  2651     0570  3001               	movlw	1
  2652     0571  07DE               	addwf	main@p^(0+128),f
  2653                           
  2654                           ;main.c: 325:                 csv[p++] = '0' + (t.hours / 10);
  2655     0572  085E               	movf	main@p^(0+128),w
  2656     0573  3EC5               	addlw	(low (_csv| (0+256)))& (0+255)
  2657     0574  0084               	movwf	4
  2658     0575  300A               	movlw	10
  2659     0576  00F0               	movwf	___lbdiv@divisor
  2660     0577  0859               	movf	(main@t^(0+128)+2),w
  2661     0578  160A  158A  22BF  120A  118A  	fcall	___lbdiv
  2662     057D  3E30               	addlw	48
  2663     057E  1783               	bsf	3,7	;select IRP bank3
  2664     057F  0080               	movwf	0
  2665     0580  3001               	movlw	1
  2666     0581  1683               	bsf	3,5	;RP0=1, select bank1
  2667     0582  07DE               	addwf	main@p^(0+128),f
  2668                           
  2669                           ;main.c: 326:                 csv[p++] = '0' + (t.hours % 10);
  2670     0583  085E               	movf	main@p^(0+128),w
  2671     0584  3EC5               	addlw	(low (_csv| (0+256)))& (0+255)
  2672     0585  0084               	movwf	4
  2673     0586  300A               	movlw	10
  2674     0587  00F0               	movwf	___lbmod@divisor
  2675     0588  0859               	movf	(main@t^(0+128)+2),w
  2676     0589  160A  158A  22DE  120A  118A  	fcall	___lbmod
  2677     058E  3E30               	addlw	48
  2678     058F  1783               	bsf	3,7	;select IRP bank3
  2679     0590  0080               	movwf	0
  2680     0591  3001               	movlw	1
  2681     0592  1683               	bsf	3,5	;RP0=1, select bank1
  2682     0593  07DE               	addwf	main@p^(0+128),f
  2683                           
  2684                           ;main.c: 327:                 csv[p++] = ':';
  2685     0594  085E               	movf	main@p^(0+128),w
  2686     0595  3EC5               	addlw	(low (_csv| (0+256)))& (0+255)
  2687     0596  0084               	movwf	4
  2688     0597  303A               	movlw	58
  2689     0598  0080               	movwf	0
  2690     0599  3001               	movlw	1
  2691     059A  07DE               	addwf	main@p^(0+128),f
  2692                           
  2693                           ;main.c: 328:                 csv[p++] = '0' + (t.minutes / 10);
  2694     059B  085E               	movf	main@p^(0+128),w
  2695     059C  3EC5               	addlw	(low (_csv| (0+256)))& (0+255)
  2696     059D  0084               	movwf	4
  2697     059E  300A               	movlw	10
  2698     059F  00F0               	movwf	___lbdiv@divisor
  2699     05A0  0858               	movf	(main@t^(0+128)+1),w
  2700     05A1  160A  158A  22BF  120A  118A  	fcall	___lbdiv
  2701     05A6  3E30               	addlw	48
  2702     05A7  1783               	bsf	3,7	;select IRP bank3
  2703     05A8  0080               	movwf	0
  2704     05A9  3001               	movlw	1
  2705     05AA  1683               	bsf	3,5	;RP0=1, select bank1
  2706     05AB  07DE               	addwf	main@p^(0+128),f
  2707                           
  2708                           ;main.c: 329:                 csv[p++] = '0' + (t.minutes % 10);
  2709     05AC  085E               	movf	main@p^(0+128),w
  2710     05AD  3EC5               	addlw	(low (_csv| (0+256)))& (0+255)
  2711     05AE  0084               	movwf	4
  2712     05AF  300A               	movlw	10
  2713     05B0  00F0               	movwf	___lbmod@divisor
  2714     05B1  0858               	movf	(main@t^(0+128)+1),w
  2715     05B2  160A  158A  22DE  120A  118A  	fcall	___lbmod
  2716     05B7  3E30               	addlw	48
  2717     05B8  1783               	bsf	3,7	;select IRP bank3
  2718     05B9  0080               	movwf	0
  2719     05BA  3001               	movlw	1
  2720     05BB  1683               	bsf	3,5	;RP0=1, select bank1
  2721     05BC  07DE               	addwf	main@p^(0+128),f
  2722                           
  2723                           ;main.c: 330:                 csv[p++] = ',';
  2724     05BD  085E               	movf	main@p^(0+128),w
  2725     05BE  3EC5               	addlw	(low (_csv| (0+256)))& (0+255)
  2726     05BF  0084               	movwf	4
  2727     05C0  302C               	movlw	44
  2728     05C1  0080               	movwf	0
  2729     05C2  3001               	movlw	1
  2730     05C3  07DE               	addwf	main@p^(0+128),f
  2731                           
  2732                           ;main.c: 333:                 temp_int = (int16_t)(temp * 10.0 + (temp >= 0 ? 0.5 : -0.5
      +                          ));
  2733     05C4  0856               	movf	(main@temp+3)^(0+128),w
  2734     05C5  00F3               	movwf	___flge@ff1+3
  2735     05C6  0855               	movf	(main@temp+2)^(0+128),w
  2736     05C7  00F2               	movwf	___flge@ff1+2
  2737     05C8  0854               	movf	(main@temp+1)^(0+128),w
  2738     05C9  00F1               	movwf	___flge@ff1+1
  2739     05CA  0853               	movf	main@temp^(0+128),w
  2740     05CB  00F0               	movwf	___flge@ff1
  2741     05CC  3000               	movlw	0
  2742     05CD  00F7               	movwf	___flge@ff2+3
  2743     05CE  3000               	movlw	0
  2744     05CF  00F6               	movwf	___flge@ff2+2
  2745     05D0  3000               	movlw	0
  2746     05D1  00F5               	movwf	___flge@ff2+1
  2747     05D2  3000               	movlw	0
  2748     05D3  00F4               	movwf	___flge@ff2
  2749     05D4  160A  118A  2143  120A  118A  	fcall	___flge
  2750     05D9  1803               	btfsc	3,0
  2751     05DA  2DDD               	goto	l4489
  2752     05DB  30BF               	movlw	191
  2753     05DC  2DDE               	goto	L1
  2754     05DD                     l4489:
  2755     05DD  303F               	movlw	63
  2756     05DE                     L1:
  2757     05DE  1683               	bsf	3,5	;RP0=1, select bank1
  2758     05DF  00C6               	movwf	(_main$327+3)^(0+128)
  2759     05E0  3000               	movlw	0
  2760     05E1  00C5               	movwf	(_main$327+2)^(0+128)
  2761     05E2  3000               	movlw	0
  2762     05E3  00C4               	movwf	(_main$327+1)^(0+128)
  2763     05E4  3000               	movlw	0
  2764     05E5  00C3               	movwf	_main$327^(0+128)
  2765     05E6  0856               	movf	(main@temp+3)^(0+128),w
  2766     05E7  1283               	bcf	3,5	;RP0=0, select bank0
  2767     05E8  00C1               	movwf	___flmul@a+3
  2768     05E9  1683               	bsf	3,5	;RP0=1, select bank1
  2769     05EA  0855               	movf	(main@temp+2)^(0+128),w
  2770     05EB  1283               	bcf	3,5	;RP0=0, select bank0
  2771     05EC  00C0               	movwf	___flmul@a+2
  2772     05ED  1683               	bsf	3,5	;RP0=1, select bank1
  2773     05EE  0854               	movf	(main@temp+1)^(0+128),w
  2774     05EF  1283               	bcf	3,5	;RP0=0, select bank0
  2775     05F0  00BF               	movwf	___flmul@a+1
  2776     05F1  1683               	bsf	3,5	;RP0=1, select bank1
  2777     05F2  0853               	movf	main@temp^(0+128),w
  2778     05F3  1283               	bcf	3,5	;RP0=0, select bank0
  2779     05F4  00BE               	movwf	___flmul@a
  2780     05F5  3041               	movlw	65
  2781     05F6  00BD               	movwf	___flmul@b+3
  2782     05F7  3020               	movlw	32
  2783     05F8  00BC               	movwf	___flmul@b+2
  2784     05F9  3000               	movlw	0
  2785     05FA  00BB               	movwf	___flmul@b+1
  2786     05FB  3000               	movlw	0
  2787     05FC  00BA               	movwf	___flmul@b
  2788     05FD  120A  158A  252A  120A  118A  	fcall	___flmul
  2789     0602  083D               	movf	?___flmul+3,w
  2790     0603  00DB               	movwf	___fladd@a+3
  2791     0604  083C               	movf	?___flmul+2,w
  2792     0605  00DA               	movwf	___fladd@a+2
  2793     0606  083B               	movf	?___flmul+1,w
  2794     0607  00D9               	movwf	___fladd@a+1
  2795     0608  083A               	movf	?___flmul,w
  2796     0609  00D8               	movwf	___fladd@a
  2797     060A  1683               	bsf	3,5	;RP0=1, select bank1
  2798     060B  0846               	movf	(_main$327+3)^(0+128),w
  2799     060C  1283               	bcf	3,5	;RP0=0, select bank0
  2800     060D  00D7               	movwf	___fladd@b+3
  2801     060E  1683               	bsf	3,5	;RP0=1, select bank1
  2802     060F  0845               	movf	(_main$327+2)^(0+128),w
  2803     0610  1283               	bcf	3,5	;RP0=0, select bank0
  2804     0611  00D6               	movwf	___fladd@b+2
  2805     0612  1683               	bsf	3,5	;RP0=1, select bank1
  2806     0613  0844               	movf	(_main$327+1)^(0+128),w
  2807     0614  1283               	bcf	3,5	;RP0=0, select bank0
  2808     0615  00D5               	movwf	___fladd@b+1
  2809     0616  1683               	bsf	3,5	;RP0=1, select bank1
  2810     0617  0843               	movf	_main$327^(0+128),w
  2811     0618  1283               	bcf	3,5	;RP0=0, select bank0
  2812     0619  00D4               	movwf	___fladd@b
  2813     061A  120A  158A  2334  120A  118A  	fcall	___fladd
  2814     061F  0857               	movf	?___fladd+3,w
  2815     0620  00EB               	movwf	___fltol@f1+3
  2816     0621  0856               	movf	?___fladd+2,w
  2817     0622  00EA               	movwf	___fltol@f1+2
  2818     0623  0855               	movf	?___fladd+1,w
  2819     0624  00E9               	movwf	___fltol@f1+1
  2820     0625  0854               	movf	?___fladd,w
  2821     0626  00E8               	movwf	___fltol@f1
  2822     0627  160A  158A  2685  120A  118A  	fcall	___fltol
  2823     062C  1283               	bcf	3,5	;RP0=0, select bank0
  2824     062D  0869               	movf	?___fltol+1,w
  2825     062E  1683               	bsf	3,5	;RP0=1, select bank1
  2826     062F  00CD               	movwf	(main@temp_int+1)^(0+128)
  2827     0630  1283               	bcf	3,5	;RP0=0, select bank0
  2828     0631  0868               	movf	?___fltol,w
  2829     0632  1683               	bsf	3,5	;RP0=1, select bank1
  2830     0633  00CC               	movwf	main@temp_int^(0+128)
  2831                           
  2832                           ;main.c: 335:                 if(temp_int < 0) {
  2833     0634  1FCD               	btfss	(main@temp_int+1)^(0+128),7
  2834     0635  2E43               	goto	l4501
  2835                           
  2836                           ;main.c: 336:                     csv[p++] = '-';
  2837     0636  085E               	movf	main@p^(0+128),w
  2838     0637  3EC5               	addlw	(low (_csv| (0+256)))& (0+255)
  2839     0638  0084               	movwf	4
  2840     0639  302D               	movlw	45
  2841     063A  1783               	bsf	3,7	;select IRP bank3
  2842     063B  0080               	movwf	0
  2843     063C  3001               	movlw	1
  2844     063D  07DE               	addwf	main@p^(0+128),f
  2845                           
  2846                           ;main.c: 337:                     temp_int = -temp_int;
  2847     063E  09CC               	comf	main@temp_int^(0+128),f
  2848     063F  09CD               	comf	(main@temp_int+1)^(0+128),f
  2849     0640  0ACC               	incf	main@temp_int^(0+128),f
  2850     0641  1903               	skipnz
  2851     0642  0ACD               	incf	(main@temp_int+1)^(0+128),f
  2852     0643                     l4501:
  2853                           
  2854                           ;main.c: 341:                 csv[p++] = '0' + ((temp_int / 100) & 0x0F);
  2855     0643  085E               	movf	main@p^(0+128),w
  2856     0644  3EC5               	addlw	(low (_csv| (0+256)))& (0+255)
  2857     0645  0084               	movwf	4
  2858     0646  3064               	movlw	100
  2859     0647  00F6               	movwf	___awdiv@divisor
  2860     0648  3000               	movlw	0
  2861     0649  00F7               	movwf	___awdiv@divisor+1
  2862     064A  084D               	movf	(main@temp_int+1)^(0+128),w
  2863     064B  00F9               	movwf	___awdiv@dividend+1
  2864     064C  084C               	movf	main@temp_int^(0+128),w
  2865     064D  00F8               	movwf	___awdiv@dividend
  2866     064E  160A  158A  25D5  120A  118A  	fcall	___awdiv
  2867     0653  0876               	movf	?___awdiv,w
  2868     0654  390F               	andlw	15
  2869     0655  3E30               	addlw	48
  2870     0656  1783               	bsf	3,7	;select IRP bank3
  2871     0657  0080               	movwf	0
  2872     0658  3001               	movlw	1
  2873     0659  1683               	bsf	3,5	;RP0=1, select bank1
  2874     065A  07DE               	addwf	main@p^(0+128),f
  2875                           
  2876                           ;main.c: 342:                 csv[p++] = '0' + (((temp_int / 10) % 10) & 0x0F);
  2877     065B  085E               	movf	main@p^(0+128),w
  2878     065C  3EC5               	addlw	(low (_csv| (0+256)))& (0+255)
  2879     065D  0084               	movwf	4
  2880     065E  300A               	movlw	10
  2881     065F  1283               	bcf	3,5	;RP0=0, select bank0
  2882     0660  00A0               	movwf	___awmod@divisor
  2883     0661  3000               	movlw	0
  2884     0662  00A1               	movwf	___awmod@divisor+1
  2885     0663  300A               	movlw	10
  2886     0664  00F6               	movwf	___awdiv@divisor
  2887     0665  3000               	movlw	0
  2888     0666  00F7               	movwf	___awdiv@divisor+1
  2889     0667  1683               	bsf	3,5	;RP0=1, select bank1
  2890     0668  084D               	movf	(main@temp_int+1)^(0+128),w
  2891     0669  00F9               	movwf	___awdiv@dividend+1
  2892     066A  084C               	movf	main@temp_int^(0+128),w
  2893     066B  00F8               	movwf	___awdiv@dividend
  2894     066C  160A  158A  25D5  120A  118A  	fcall	___awdiv
  2895     0671  0877               	movf	?___awdiv+1,w
  2896     0672  1283               	bcf	3,5	;RP0=0, select bank0
  2897     0673  00A3               	movwf	___awmod@dividend+1
  2898     0674  0876               	movf	?___awdiv,w
  2899     0675  00A2               	movwf	___awmod@dividend
  2900     0676  160A  158A  258C  120A  118A  	fcall	___awmod
  2901     067B  0820               	movf	?___awmod,w
  2902     067C  390F               	andlw	15
  2903     067D  3E30               	addlw	48
  2904     067E  1783               	bsf	3,7	;select IRP bank3
  2905     067F  0080               	movwf	0
  2906     0680  3001               	movlw	1
  2907     0681  1683               	bsf	3,5	;RP0=1, select bank1
  2908     0682  07DE               	addwf	main@p^(0+128),f
  2909                           
  2910                           ;main.c: 343:                 csv[p++] = '.';
  2911     0683  085E               	movf	main@p^(0+128),w
  2912     0684  3EC5               	addlw	(low (_csv| (0+256)))& (0+255)
  2913     0685  0084               	movwf	4
  2914     0686  302E               	movlw	46
  2915     0687  0080               	movwf	0
  2916     0688  3001               	movlw	1
  2917     0689  07DE               	addwf	main@p^(0+128),f
  2918                           
  2919                           ;main.c: 344:                 csv[p++] = '0' + ((temp_int % 10) & 0x0F);
  2920     068A  085E               	movf	main@p^(0+128),w
  2921     068B  3EC5               	addlw	(low (_csv| (0+256)))& (0+255)
  2922     068C  0084               	movwf	4
  2923     068D  300A               	movlw	10
  2924     068E  1283               	bcf	3,5	;RP0=0, select bank0
  2925     068F  00A0               	movwf	___awmod@divisor
  2926     0690  3000               	movlw	0
  2927     0691  00A1               	movwf	___awmod@divisor+1
  2928     0692  1683               	bsf	3,5	;RP0=1, select bank1
  2929     0693  084D               	movf	(main@temp_int+1)^(0+128),w
  2930     0694  1283               	bcf	3,5	;RP0=0, select bank0
  2931     0695  00A3               	movwf	___awmod@dividend+1
  2932     0696  1683               	bsf	3,5	;RP0=1, select bank1
  2933     0697  084C               	movf	main@temp_int^(0+128),w
  2934     0698  1283               	bcf	3,5	;RP0=0, select bank0
  2935     0699  00A2               	movwf	___awmod@dividend
  2936     069A  160A  158A  258C  120A  118A  	fcall	___awmod
  2937     069F  0820               	movf	?___awmod,w
  2938     06A0  390F               	andlw	15
  2939     06A1  3E30               	addlw	48
  2940     06A2  1783               	bsf	3,7	;select IRP bank3
  2941     06A3  0080               	movwf	0
  2942     06A4  3001               	movlw	1
  2943     06A5  1683               	bsf	3,5	;RP0=1, select bank1
  2944     06A6  07DE               	addwf	main@p^(0+128),f
  2945                           
  2946                           ;main.c: 345:                 csv[p++] = ',';
  2947     06A7  085E               	movf	main@p^(0+128),w
  2948     06A8  3EC5               	addlw	(low (_csv| (0+256)))& (0+255)
  2949     06A9  0084               	movwf	4
  2950     06AA  302C               	movlw	44
  2951     06AB  0080               	movwf	0
  2952     06AC  3001               	movlw	1
  2953     06AD  07DE               	addwf	main@p^(0+128),f
  2954                           
  2955                           ;main.c: 348:                 h10 = (uint16_t)(hum * 10.0 + 0.5);
  2956     06AE  0852               	movf	(main@hum+3)^(0+128),w
  2957     06AF  1283               	bcf	3,5	;RP0=0, select bank0
  2958     06B0  00C1               	movwf	___flmul@a+3
  2959     06B1  1683               	bsf	3,5	;RP0=1, select bank1
  2960     06B2  0851               	movf	(main@hum+2)^(0+128),w
  2961     06B3  1283               	bcf	3,5	;RP0=0, select bank0
  2962     06B4  00C0               	movwf	___flmul@a+2
  2963     06B5  1683               	bsf	3,5	;RP0=1, select bank1
  2964     06B6  0850               	movf	(main@hum+1)^(0+128),w
  2965     06B7  1283               	bcf	3,5	;RP0=0, select bank0
  2966     06B8  00BF               	movwf	___flmul@a+1
  2967     06B9  1683               	bsf	3,5	;RP0=1, select bank1
  2968     06BA  084F               	movf	main@hum^(0+128),w
  2969     06BB  1283               	bcf	3,5	;RP0=0, select bank0
  2970     06BC  00BE               	movwf	___flmul@a
  2971     06BD  3041               	movlw	65
  2972     06BE  00BD               	movwf	___flmul@b+3
  2973     06BF  3020               	movlw	32
  2974     06C0  00BC               	movwf	___flmul@b+2
  2975     06C1  3000               	movlw	0
  2976     06C2  00BB               	movwf	___flmul@b+1
  2977     06C3  3000               	movlw	0
  2978     06C4  00BA               	movwf	___flmul@b
  2979     06C5  120A  158A  252A  120A  118A  	fcall	___flmul
  2980     06CA  083D               	movf	?___flmul+3,w
  2981     06CB  00DB               	movwf	___fladd@a+3
  2982     06CC  083C               	movf	?___flmul+2,w
  2983     06CD  00DA               	movwf	___fladd@a+2
  2984     06CE  083B               	movf	?___flmul+1,w
  2985     06CF  00D9               	movwf	___fladd@a+1
  2986     06D0  083A               	movf	?___flmul,w
  2987     06D1  00D8               	movwf	___fladd@a
  2988     06D2  303F               	movlw	63
  2989     06D3  00D7               	movwf	___fladd@b+3
  2990     06D4  3000               	movlw	0
  2991     06D5  00D6               	movwf	___fladd@b+2
  2992     06D6  3000               	movlw	0
  2993     06D7  00D5               	movwf	___fladd@b+1
  2994     06D8  3000               	movlw	0
  2995     06D9  00D4               	movwf	___fladd@b
  2996     06DA  120A  158A  2334  120A  118A  	fcall	___fladd
  2997     06DF  0857               	movf	?___fladd+3,w
  2998     06E0  00EB               	movwf	___fltol@f1+3
  2999     06E1  0856               	movf	?___fladd+2,w
  3000     06E2  00EA               	movwf	___fltol@f1+2
  3001     06E3  0855               	movf	?___fladd+1,w
  3002     06E4  00E9               	movwf	___fltol@f1+1
  3003     06E5  0854               	movf	?___fladd,w
  3004     06E6  00E8               	movwf	___fltol@f1
  3005     06E7  160A  158A  2685  120A  118A  	fcall	___fltol
  3006     06EC  1283               	bcf	3,5	;RP0=0, select bank0
  3007     06ED  0869               	movf	?___fltol+1,w
  3008     06EE  1683               	bsf	3,5	;RP0=1, select bank1
  3009     06EF  00CB               	movwf	(main@h10+1)^(0+128)
  3010     06F0  1283               	bcf	3,5	;RP0=0, select bank0
  3011     06F1  0868               	movf	?___fltol,w
  3012     06F2  1683               	bsf	3,5	;RP0=1, select bank1
  3013     06F3  00CA               	movwf	main@h10^(0+128)
  3014                           
  3015                           ;main.c: 349:                 csv[p++] = '0' + ((h10 / 100) % 10);
  3016     06F4  085E               	movf	main@p^(0+128),w
  3017     06F5  3EC5               	addlw	(low (_csv| (0+256)))& (0+255)
  3018     06F6  0084               	movwf	4
  3019     06F7  300A               	movlw	10
  3020     06F8  00F7               	movwf	___lwmod@divisor
  3021     06F9  3000               	movlw	0
  3022     06FA  00F8               	movwf	___lwmod@divisor+1
  3023     06FB  3064               	movlw	100
  3024     06FC  00F0               	movwf	___lwdiv@divisor
  3025     06FD  3000               	movlw	0
  3026     06FE  00F1               	movwf	___lwdiv@divisor+1
  3027     06FF  084B               	movf	(main@h10+1)^(0+128),w
  3028     0700  00F3               	movwf	___lwdiv@dividend+1
  3029     0701  084A               	movf	main@h10^(0+128),w
  3030     0702  00F2               	movwf	___lwdiv@dividend
  3031     0703  160A  158A  244D  120A  118A  	fcall	___lwdiv
  3032     0708  0871               	movf	?___lwdiv+1,w
  3033     0709  00FA               	movwf	___lwmod@dividend+1
  3034     070A  0870               	movf	?___lwdiv,w
  3035     070B  00F9               	movwf	___lwmod@dividend
  3036     070C  120A  158A  2004  120A  118A  	fcall	___lwmod
  3037     0711  0877               	movf	?___lwmod,w
  3038     0712  3E30               	addlw	48
  3039     0713  1783               	bsf	3,7	;select IRP bank3
  3040     0714  0080               	movwf	0
  3041     0715  3001               	movlw	1
  3042     0716  07DE               	addwf	main@p^(0+128),f
  3043                           
  3044                           ;main.c: 350:                 csv[p++] = '0' + ((h10 / 10) % 10);
  3045     0717  085E               	movf	main@p^(0+128),w
  3046     0718  3EC5               	addlw	(low (_csv| (0+256)))& (0+255)
  3047     0719  0084               	movwf	4
  3048     071A  300A               	movlw	10
  3049     071B  00F7               	movwf	___lwmod@divisor
  3050     071C  3000               	movlw	0
  3051     071D  00F8               	movwf	___lwmod@divisor+1
  3052     071E  300A               	movlw	10
  3053     071F  00F0               	movwf	___lwdiv@divisor
  3054     0720  3000               	movlw	0
  3055     0721  00F1               	movwf	___lwdiv@divisor+1
  3056     0722  084B               	movf	(main@h10+1)^(0+128),w
  3057     0723  00F3               	movwf	___lwdiv@dividend+1
  3058     0724  084A               	movf	main@h10^(0+128),w
  3059     0725  00F2               	movwf	___lwdiv@dividend
  3060     0726  160A  158A  244D  120A  118A  	fcall	___lwdiv
  3061     072B  0871               	movf	?___lwdiv+1,w
  3062     072C  00FA               	movwf	___lwmod@dividend+1
  3063     072D  0870               	movf	?___lwdiv,w
  3064     072E  00F9               	movwf	___lwmod@dividend
  3065     072F  120A  158A  2004  120A  118A  	fcall	___lwmod
  3066     0734  0877               	movf	?___lwmod,w
  3067     0735  3E30               	addlw	48
  3068     0736  1783               	bsf	3,7	;select IRP bank3
  3069     0737  0080               	movwf	0
  3070     0738  3001               	movlw	1
  3071     0739  07DE               	addwf	main@p^(0+128),f
  3072                           
  3073                           ;main.c: 351:                 csv[p++] = '.';
  3074     073A  085E               	movf	main@p^(0+128),w
  3075     073B  3EC5               	addlw	(low (_csv| (0+256)))& (0+255)
  3076     073C  0084               	movwf	4
  3077     073D  302E               	movlw	46
  3078     073E  0080               	movwf	0
  3079     073F  3001               	movlw	1
  3080     0740  07DE               	addwf	main@p^(0+128),f
  3081                           
  3082                           ;main.c: 352:                 csv[p++] = '0' + (h10 % 10);
  3083     0741  085E               	movf	main@p^(0+128),w
  3084     0742  3EC5               	addlw	(low (_csv| (0+256)))& (0+255)
  3085     0743  0084               	movwf	4
  3086     0744  300A               	movlw	10
  3087     0745  00F7               	movwf	___lwmod@divisor
  3088     0746  3000               	movlw	0
  3089     0747  00F8               	movwf	___lwmod@divisor+1
  3090     0748  084B               	movf	(main@h10+1)^(0+128),w
  3091     0749  00FA               	movwf	___lwmod@dividend+1
  3092     074A  084A               	movf	main@h10^(0+128),w
  3093     074B  00F9               	movwf	___lwmod@dividend
  3094     074C  120A  158A  2004  120A  118A  	fcall	___lwmod
  3095     0751  0877               	movf	?___lwmod,w
  3096     0752  3E30               	addlw	48
  3097     0753  1783               	bsf	3,7	;select IRP bank3
  3098     0754  0080               	movwf	0
  3099     0755  3001               	movlw	1
  3100     0756  07DE               	addwf	main@p^(0+128),f
  3101                           
  3102                           ;main.c: 355:                 csv[p++] = '\r';
  3103     0757  085E               	movf	main@p^(0+128),w
  3104     0758  3EC5               	addlw	(low (_csv| (0+256)))& (0+255)
  3105     0759  0084               	movwf	4
  3106     075A  300D               	movlw	13
  3107     075B  0080               	movwf	0
  3108     075C  3001               	movlw	1
  3109     075D  07DE               	addwf	main@p^(0+128),f
  3110                           
  3111                           ;main.c: 356:                 csv[p++] = '\n';
  3112     075E  085E               	movf	main@p^(0+128),w
  3113     075F  3EC5               	addlw	(low (_csv| (0+256)))& (0+255)
  3114     0760  0084               	movwf	4
  3115     0761  300A               	movlw	10
  3116     0762  0080               	movwf	0
  3117     0763  3001               	movlw	1
  3118     0764  07DE               	addwf	main@p^(0+128),f
  3119                           
  3120                           ;main.c: 357:                 csv[p] = '\0';
  3121     0765  085E               	movf	main@p^(0+128),w
  3122     0766  3EC5               	addlw	(low (_csv| (0+256)))& (0+255)
  3123     0767  0084               	movwf	4
  3124     0768  0180               	clrf	0
  3125                           
  3126                           ;main.c: 360:                 if(FAT32_AppendLine("DATA.TXT", csv)) {
  3127     0769  305C               	movlw	(low ((STR_16-__stringbase)| (0+32768)))& (0+255)
  3128     076A  1283               	bcf	3,5	;RP0=0, select bank0
  3129     076B  00AF               	movwf	FAT32_AppendLine@filename
  3130     076C  30C5               	movlw	(low (_csv| (0+256)))& (0+255)
  3131     076D  00B0               	movwf	FAT32_AppendLine@line
  3132     076E  3001               	movlw	1
  3133     076F  00B1               	movwf	FAT32_AppendLine@line+1
  3134     0770  160A  158A  2547  120A  118A  	fcall	_FAT32_AppendLine
  3135     0775  3A00               	xorlw	0
  3136     0776  1903               	skipnz
  3137     0777  2F96               	goto	l4555
  3138                           
  3139                           ;main.c: 362:                     Lcd_Set_Cursor(2, 15);
  3140     0778  300F               	movlw	15
  3141     0779  00F4               	movwf	Lcd_Set_Cursor@b
  3142     077A  3002               	movlw	2
  3143     077B  160A  158A  2382  120A  118A  	fcall	_Lcd_Set_Cursor
  3144                           
  3145                           ;main.c: 363:                     Lcd_Write_Char('S');
  3146     0780  3053               	movlw	83
  3147     0781  160A  158A  2487  120A  118A  	fcall	_Lcd_Write_Char
  3148                           
  3149                           ;main.c: 364:                     _delay((unsigned long)((500)*(20000000/4000.0)));
  3150     0786  300D               	movlw	13
  3151     0787  1683               	bsf	3,5	;RP0=1, select bank1
  3152     0788  1303               	bcf	3,6	;RP1=0, select bank1
  3153     0789  00C2               	movwf	(??_main^(0+128)+2)
  3154     078A  30AF               	movlw	175
  3155     078B  00C1               	movwf	(??_main^(0+128)+1)
  3156     078C  30B5               	movlw	181
  3157     078D  00C0               	movwf	??_main^(0+128)
  3158     078E                     u6177:
  3159     078E  0BC0               	decfsz	??_main^(0+128),f
  3160     078F  2F8E               	goto	u6177
  3161     0790  0BC1               	decfsz	(??_main^(0+128)+1),f
  3162     0791  2F8E               	goto	u6177
  3163     0792  0BC2               	decfsz	(??_main^(0+128)+2),f
  3164     0793  2F8E               	goto	u6177
  3165     0794  2F95               	nop2
  3166                           
  3167                           ;main.c: 365:                 } else {
  3168     0795  2FB7               	goto	l4563
  3169     0796                     l4555:
  3170                           
  3171                           ;main.c: 366:                     sd = 0;
  3172     0796  01C9               	clrf	main@sd^(0+128)
  3173                           
  3174                           ;main.c: 367:                     Lcd_Set_Cursor(2, 1);
  3175     0797  01F4               	clrf	Lcd_Set_Cursor@b
  3176     0798  0AF4               	incf	Lcd_Set_Cursor@b,f
  3177     0799  3002               	movlw	2
  3178     079A  160A  158A  2382  120A  118A  	fcall	_Lcd_Set_Cursor
  3179                           
  3180                           ;main.c: 368:                     Lcd_Write_String("SD FAIL!      ");
  3181     079F  3026               	movlw	(low ((STR_21-__stringbase)| (0+32768)))& (0+255)
  3182     07A0  1283               	bcf	3,5	;RP0=0, select bank0
  3183     07A1  1303               	bcf	3,6	;RP1=0, select bank0
  3184     07A2  00A3               	movwf	Lcd_Write_String@a
  3185     07A3  160A  158A  23A5  120A  118A  	fcall	_Lcd_Write_String
  3186                           
  3187                           ;main.c: 369:                     _delay((unsigned long)((1000)*(20000000/4000.0)));
  3188     07A8  301A               	movlw	26
  3189     07A9  1683               	bsf	3,5	;RP0=1, select bank1
  3190     07AA  1303               	bcf	3,6	;RP1=0, select bank1
  3191     07AB  00C2               	movwf	(??_main^(0+128)+2)
  3192     07AC  305E               	movlw	94
  3193     07AD  00C1               	movwf	(??_main^(0+128)+1)
  3194     07AE  306D               	movlw	109
  3195     07AF  00C0               	movwf	??_main^(0+128)
  3196     07B0                     u6187:
  3197     07B0  0BC0               	decfsz	??_main^(0+128),f
  3198     07B1  2FB0               	goto	u6187
  3199     07B2  0BC1               	decfsz	(??_main^(0+128)+1),f
  3200     07B3  2FB0               	goto	u6187
  3201     07B4  0BC2               	decfsz	(??_main^(0+128)+2),f
  3202     07B5  2FB0               	goto	u6187
  3203     07B6  2FB7               	nop2
  3204     07B7                     l4563:
  3205                           
  3206                           ;main.c: 374:         _delay((unsigned long)((500)*(20000000/4000.0)));
  3207     07B7  300D               	movlw	13
  3208     07B8  1683               	bsf	3,5	;RP0=1, select bank1
  3209     07B9  1303               	bcf	3,6	;RP1=0, select bank1
  3210     07BA  00C2               	movwf	(??_main^(0+128)+2)
  3211     07BB  30AF               	movlw	175
  3212     07BC  00C1               	movwf	(??_main^(0+128)+1)
  3213     07BD  30B5               	movlw	181
  3214     07BE  00C0               	movwf	??_main^(0+128)
  3215     07BF                     u6197:
  3216     07BF  0BC0               	decfsz	??_main^(0+128),f
  3217     07C0  2FBF               	goto	u6197
  3218     07C1  0BC1               	decfsz	(??_main^(0+128)+1),f
  3219     07C2  2FBF               	goto	u6197
  3220     07C3  0BC2               	decfsz	(??_main^(0+128)+2),f
  3221     07C4  2FBF               	goto	u6197
  3222     07C5  2FC6               	nop2
  3223     07C6  2BB7               	goto	l4373
  3224     07C7                     __end_of_main:
  3225                           
  3226                           	psect	text1
  3227     1BC8                     __ptext1:	
  3228 ;; *************** function _read_button_press *****************
  3229 ;; Defined at:
  3230 ;;		line 179 in file "main.c"
  3231 ;; Parameters:    Size  Location     Type
  3232 ;;		None
  3233 ;; Auto vars:     Size  Location     Type
  3234 ;;  current_butt    1    2[COMMON] unsigned char 
  3235 ;; Return value:  Size  Location     Type
  3236 ;;                  1    wreg      unsigned char 
  3237 ;; Registers used:
  3238 ;;		wreg, status,2, status,0
  3239 ;; Tracked objects:
  3240 ;;		On entry : 0/0
  3241 ;;		On exit  : 200/0
  3242 ;;		Unchanged: 0/0
  3243 ;; Data sizes:     COMMON   BANK0   BANK1   BANK3   BANK2
  3244 ;;      Params:         0       0       0       0       0
  3245 ;;      Locals:         1       0       0       0       0
  3246 ;;      Temps:          2       0       0       0       0
  3247 ;;      Totals:         3       0       0       0       0
  3248 ;;Total ram usage:        3 bytes
  3249 ;; Hardware stack levels used: 1
  3250 ;; This function calls:
  3251 ;;		Nothing
  3252 ;; This function is called by:
  3253 ;;		_main
  3254 ;; This function uses a non-reentrant model
  3255 ;;
  3256                           
  3257     1BC8                     _read_button_press:	
  3258                           ;psect for function _read_button_press
  3259                           
  3260                           
  3261                           ;main.c: 180:     static uint8_t last_button = 1;;main.c: 181:     uint8_t current_butto
      +                          n = PORTAbits.RA2;
  3262                           
  3263                           ;incstack = 0
  3264                           ; Regs used in _read_button_press: [wreg+status,2+status,0]
  3265     1BC8  1283               	bcf	3,5	;RP0=0, select bank0
  3266     1BC9  1303               	bcf	3,6	;RP1=0, select bank0
  3267     1BCA  0C05               	rrf	5,w	;volatile
  3268     1BCB  00F0               	movwf	??_read_button_press
  3269     1BCC  0C70               	rrf	??_read_button_press,w
  3270     1BCD  3901               	andlw	1
  3271     1BCE  00F2               	movwf	read_button_press@current_button
  3272                           
  3273                           ;main.c: 184:     if(current_button == 0 && last_button == 1) {
  3274     1BCF  0872               	movf	read_button_press@current_button,w
  3275     1BD0  1D03               	btfss	3,2
  3276     1BD1  2BE6               	goto	l4075
  3277     1BD2  1683               	bsf	3,5	;RP0=1, select bank1
  3278     1BD3  036E               	decf	read_button_press@last_button^(0+128),w
  3279     1BD4  1D03               	btfss	3,2
  3280     1BD5  2BE6               	goto	l4075
  3281                           
  3282                           ;main.c: 185:         _delay((unsigned long)((30)*(20000000/4000.0)));
  3283     1BD6  30C3               	movlw	195
  3284     1BD7  00F1               	movwf	??_read_button_press+1
  3285     1BD8  30CD               	movlw	205
  3286     1BD9  00F0               	movwf	??_read_button_press
  3287     1BDA                     u6207:
  3288     1BDA  0BF0               	decfsz	??_read_button_press,f
  3289     1BDB  2BDA               	goto	u6207
  3290     1BDC  0BF1               	decfsz	??_read_button_press+1,f
  3291     1BDD  2BDA               	goto	u6207
  3292                           
  3293                           ;main.c: 186:         if(PORTAbits.RA2 == 0) {
  3294     1BDE  1283               	bcf	3,5	;RP0=0, select bank0
  3295     1BDF  1303               	bcf	3,6	;RP1=0, select bank0
  3296     1BE0  1905               	btfsc	5,2	;volatile
  3297     1BE1  2BE6               	goto	l4075
  3298                           
  3299                           ;main.c: 187:             last_button = 0;
  3300     1BE2  1683               	bsf	3,5	;RP0=1, select bank1
  3301     1BE3  01EE               	clrf	read_button_press@last_button^(0+128)
  3302                           
  3303                           ;main.c: 188:             return 1;
  3304     1BE4  3001               	movlw	1
  3305     1BE5  0008               	return
  3306     1BE6                     l4075:
  3307                           
  3308                           ;main.c: 193:     if(current_button == 1) {
  3309     1BE6  0372               	decf	read_button_press@current_button,w
  3310     1BE7  1D03               	btfss	3,2
  3311     1BE8  2BEC               	goto	l4079
  3312                           
  3313                           ;main.c: 194:         last_button = 1;
  3314     1BE9  3001               	movlw	1
  3315     1BEA  1683               	bsf	3,5	;RP0=1, select bank1
  3316     1BEB  00EE               	movwf	read_button_press@last_button^(0+128)
  3317     1BEC                     l4079:
  3318                           
  3319                           ;main.c: 197:     return 0;
  3320     1BEC  3000               	movlw	0
  3321     1BED  0008               	return
  3322     1BEE                     __end_of_read_button_press:
  3323                           
  3324                           	psect	text2
  3325     1F76                     __ptext2:	
  3326 ;; *************** function _display_stats_screen *****************
  3327 ;; Defined at:
  3328 ;;		line 150 in file "main.c"
  3329 ;; Parameters:    Size  Location     Type
  3330 ;;		None
  3331 ;; Auto vars:     Size  Location     Type
  3332 ;;		None
  3333 ;; Return value:  Size  Location     Type
  3334 ;;                  1    wreg      void 
  3335 ;; Registers used:
  3336 ;;		wreg, fsr0l, fsr0h, status,2, status,0, pclath, btemp1, cstack
  3337 ;; Tracked objects:
  3338 ;;		On entry : 100/100
  3339 ;;		On exit  : 0/0
  3340 ;;		Unchanged: 0/0
  3341 ;; Data sizes:     COMMON   BANK0   BANK1   BANK3   BANK2
  3342 ;;      Params:         0       0       0       0       0
  3343 ;;      Locals:         0       0       0       0       0
  3344 ;;      Temps:          0       0       2       0       0
  3345 ;;      Totals:         0       0       2       0       0
  3346 ;;Total ram usage:        2 bytes
  3347 ;; Hardware stack levels used: 1
  3348 ;; Hardware stack levels required when called: 1
  3349 ;; This function calls:
  3350 ;;		_Lcd_Set_Cursor
  3351 ;;		_Lcd_Write_Char
  3352 ;;		_Lcd_Write_String
  3353 ;;		_pf
  3354 ;; This function is called by:
  3355 ;;		_main
  3356 ;; This function uses a non-reentrant model
  3357 ;;
  3358                           
  3359     1F76                     _display_stats_screen:	
  3360                           ;psect for function _display_stats_screen
  3361                           
  3362                           
  3363                           ;main.c: 151:     Lcd_Set_Cursor(1, 1);
  3364                           
  3365                           ;incstack = 0
  3366                           ; Regs used in _display_stats_screen: [wreg-fsr0h+status,2+status,0+pclath+btemp1+cstack
      +                          ]
  3367     1F76  01F4               	clrf	Lcd_Set_Cursor@b
  3368     1F77  0AF4               	incf	Lcd_Set_Cursor@b,f
  3369     1F78  3001               	movlw	1
  3370     1F79  160A  158A  2382  160A  158A  	fcall	_Lcd_Set_Cursor
  3371                           
  3372                           ;main.c: 152:     Lcd_Write_String("Min:");
  3373     1F7E  3087               	movlw	(low ((STR_5-__stringbase)| (0+32768)))& (0+255)
  3374     1F7F  1283               	bcf	3,5	;RP0=0, select bank0
  3375     1F80  1303               	bcf	3,6	;RP1=0, select bank0
  3376     1F81  00A3               	movwf	Lcd_Write_String@a
  3377     1F82  160A  158A  23A5  160A  158A  	fcall	_Lcd_Write_String
  3378                           
  3379                           ;main.c: 153:     pf(temp_stats.min);
  3380     1F87  3099               	movlw	low (_temp_stats+9)
  3381     1F88  1683               	bsf	3,5	;RP0=1, select bank1
  3382     1F89  00AC               	movwf	??_display_stats_screen^(0+128)
  3383     1F8A  3001               	movlw	high (_temp_stats+9)
  3384     1F8B  00AD               	movwf	(??_display_stats_screen+1)^(0+128)
  3385     1F8C  082C               	movf	??_display_stats_screen^(0+128),w
  3386     1F8D  0084               	movwf	4
  3387     1F8E  1783               	bsf	3,7
  3388     1F8F  1C2D               	btfss	(??_display_stats_screen+1)^(0+128),0
  3389     1F90  1383               	bcf	3,7
  3390     1F91  0800               	movf	0,w
  3391     1F92  00A2               	movwf	pf@f^(0+128)
  3392     1F93  0A84               	incf	4,f
  3393     1F94  0800               	movf	0,w
  3394     1F95  00A3               	movwf	(pf@f+1)^(0+128)
  3395     1F96  0A84               	incf	4,f
  3396     1F97  0800               	movf	0,w
  3397     1F98  00A4               	movwf	(pf@f+2)^(0+128)
  3398     1F99  0A84               	incf	4,f
  3399     1F9A  0800               	movf	0,w
  3400     1F9B  00A5               	movwf	(pf@f+3)^(0+128)
  3401     1F9C  160A  118A  25D2  160A  158A  	fcall	_pf
  3402                           
  3403                           ;main.c: 154:     Lcd_Write_String(" Max:");
  3404     1FA1  306D               	movlw	(low ((STR_6-__stringbase)| (0+32768)))& (0+255)
  3405     1FA2  1283               	bcf	3,5	;RP0=0, select bank0
  3406     1FA3  1303               	bcf	3,6	;RP1=0, select bank0
  3407     1FA4  00A3               	movwf	Lcd_Write_String@a
  3408     1FA5  160A  158A  23A5  160A  158A  	fcall	_Lcd_Write_String
  3409                           
  3410                           ;main.c: 155:     pf(temp_stats.max);
  3411     1FAA  30A9               	movlw	low (_temp_stats+25)
  3412     1FAB  1683               	bsf	3,5	;RP0=1, select bank1
  3413     1FAC  00AC               	movwf	??_display_stats_screen^(0+128)
  3414     1FAD  3001               	movlw	high (_temp_stats+25)
  3415     1FAE  00AD               	movwf	(??_display_stats_screen+1)^(0+128)
  3416     1FAF  082C               	movf	??_display_stats_screen^(0+128),w
  3417     1FB0  0084               	movwf	4
  3418     1FB1  1783               	bsf	3,7
  3419     1FB2  1C2D               	btfss	(??_display_stats_screen+1)^(0+128),0
  3420     1FB3  1383               	bcf	3,7
  3421     1FB4  0800               	movf	0,w
  3422     1FB5  00A2               	movwf	pf@f^(0+128)
  3423     1FB6  0A84               	incf	4,f
  3424     1FB7  0800               	movf	0,w
  3425     1FB8  00A3               	movwf	(pf@f+1)^(0+128)
  3426     1FB9  0A84               	incf	4,f
  3427     1FBA  0800               	movf	0,w
  3428     1FBB  00A4               	movwf	(pf@f+2)^(0+128)
  3429     1FBC  0A84               	incf	4,f
  3430     1FBD  0800               	movf	0,w
  3431     1FBE  00A5               	movwf	(pf@f+3)^(0+128)
  3432     1FBF  160A  118A  25D2  160A  158A  	fcall	_pf
  3433                           
  3434                           ;main.c: 157:     Lcd_Set_Cursor(2, 1);
  3435     1FC4  01F4               	clrf	Lcd_Set_Cursor@b
  3436     1FC5  0AF4               	incf	Lcd_Set_Cursor@b,f
  3437     1FC6  3002               	movlw	2
  3438     1FC7  160A  158A  2382  160A  158A  	fcall	_Lcd_Set_Cursor
  3439                           
  3440                           ;main.c: 158:     Lcd_Write_String("Med:");
  3441     1FCC  3082               	movlw	(low ((STR_7-__stringbase)| (0+32768)))& (0+255)
  3442     1FCD  1283               	bcf	3,5	;RP0=0, select bank0
  3443     1FCE  1303               	bcf	3,6	;RP1=0, select bank0
  3444     1FCF  00A3               	movwf	Lcd_Write_String@a
  3445     1FD0  160A  158A  23A5  160A  158A  	fcall	_Lcd_Write_String
  3446                           
  3447                           ;main.c: 159:     pf(temp_stats.mean);
  3448     1FD5  3091               	movlw	low (_temp_stats+1)
  3449     1FD6  1683               	bsf	3,5	;RP0=1, select bank1
  3450     1FD7  00AC               	movwf	??_display_stats_screen^(0+128)
  3451     1FD8  3001               	movlw	high (_temp_stats+1)
  3452     1FD9  00AD               	movwf	(??_display_stats_screen+1)^(0+128)
  3453     1FDA  082C               	movf	??_display_stats_screen^(0+128),w
  3454     1FDB  0084               	movwf	4
  3455     1FDC  1783               	bsf	3,7
  3456     1FDD  1C2D               	btfss	(??_display_stats_screen+1)^(0+128),0
  3457     1FDE  1383               	bcf	3,7
  3458     1FDF  0800               	movf	0,w
  3459     1FE0  00A2               	movwf	pf@f^(0+128)
  3460     1FE1  0A84               	incf	4,f
  3461     1FE2  0800               	movf	0,w
  3462     1FE3  00A3               	movwf	(pf@f+1)^(0+128)
  3463     1FE4  0A84               	incf	4,f
  3464     1FE5  0800               	movf	0,w
  3465     1FE6  00A4               	movwf	(pf@f+2)^(0+128)
  3466     1FE7  0A84               	incf	4,f
  3467     1FE8  0800               	movf	0,w
  3468     1FE9  00A5               	movwf	(pf@f+3)^(0+128)
  3469     1FEA  160A  118A  25D2  160A  158A  	fcall	_pf
  3470                           
  3471                           ;main.c: 160:     Lcd_Write_String("C n=");
  3472     1FEF  308C               	movlw	(low ((STR_8-__stringbase)| (0+32768)))& (0+255)
  3473     1FF0  1283               	bcf	3,5	;RP0=0, select bank0
  3474     1FF1  1303               	bcf	3,6	;RP1=0, select bank0
  3475     1FF2  00A3               	movwf	Lcd_Write_String@a
  3476     1FF3  160A  158A  23A5  160A  158A  	fcall	_Lcd_Write_String
  3477                           
  3478                           ;main.c: 161:     Lcd_Write_Char('0' + temp_stats.count);
  3479     1FF8  1683               	bsf	3,5	;RP0=1, select bank3
  3480     1FF9  1703               	bsf	3,6	;RP1=1, select bank3
  3481     1FFA  0810               	movf	_temp_stats^(0+384),w
  3482     1FFB  3E30               	addlw	48
  3483     1FFC  160A  158A  2487   	fcall	_Lcd_Write_Char
  3484     1FFF  0008               	return
  3485     2000                     __end_of_display_stats_screen:
  3486                           
  3487                           	psect	text3
  3488     1EF5                     __ptext3:	
  3489 ;; *************** function _display_quartiles_screen *****************
  3490 ;; Defined at:
  3491 ;;		line 165 in file "main.c"
  3492 ;; Parameters:    Size  Location     Type
  3493 ;;		None
  3494 ;; Auto vars:     Size  Location     Type
  3495 ;;		None
  3496 ;; Return value:  Size  Location     Type
  3497 ;;                  1    wreg      void 
  3498 ;; Registers used:
  3499 ;;		wreg, fsr0l, fsr0h, status,2, status,0, pclath, btemp1, cstack
  3500 ;; Tracked objects:
  3501 ;;		On entry : 300/100
  3502 ;;		On exit  : 300/0
  3503 ;;		Unchanged: 0/0
  3504 ;; Data sizes:     COMMON   BANK0   BANK1   BANK3   BANK2
  3505 ;;      Params:         0       0       0       0       0
  3506 ;;      Locals:         0       0       0       0       0
  3507 ;;      Temps:          0       0       2       0       0
  3508 ;;      Totals:         0       0       2       0       0
  3509 ;;Total ram usage:        2 bytes
  3510 ;; Hardware stack levels used: 1
  3511 ;; Hardware stack levels required when called: 1
  3512 ;; This function calls:
  3513 ;;		_Lcd_Set_Cursor
  3514 ;;		_Lcd_Write_String
  3515 ;;		_pf
  3516 ;; This function is called by:
  3517 ;;		_main
  3518 ;; This function uses a non-reentrant model
  3519 ;;
  3520                           
  3521     1EF5                     _display_quartiles_screen:	
  3522                           ;psect for function _display_quartiles_screen
  3523                           
  3524                           
  3525                           ;main.c: 166:     Lcd_Set_Cursor(1, 1);
  3526                           
  3527                           ;incstack = 0
  3528                           ; Regs used in _display_quartiles_screen: [wreg-fsr0h+status,2+status,0+pclath+btemp1+cs
      +                          tack]
  3529     1EF5  01F4               	clrf	Lcd_Set_Cursor@b
  3530     1EF6  0AF4               	incf	Lcd_Set_Cursor@b,f
  3531     1EF7  3001               	movlw	1
  3532     1EF8  160A  158A  2382  160A  158A  	fcall	_Lcd_Set_Cursor
  3533                           
  3534                           ;main.c: 167:     Lcd_Write_String("Q1:");
  3535     1EFD  3091               	movlw	(low ((STR_9-__stringbase)| (0+32768)))& (0+255)
  3536     1EFE  1283               	bcf	3,5	;RP0=0, select bank0
  3537     1EFF  1303               	bcf	3,6	;RP1=0, select bank0
  3538     1F00  00A3               	movwf	Lcd_Write_String@a
  3539     1F01  160A  158A  23A5  160A  158A  	fcall	_Lcd_Write_String
  3540                           
  3541                           ;main.c: 168:     pf(temp_stats.q25);
  3542     1F06  309D               	movlw	low (_temp_stats+13)
  3543     1F07  1683               	bsf	3,5	;RP0=1, select bank1
  3544     1F08  00AC               	movwf	??_display_quartiles_screen^(0+128)
  3545     1F09  3001               	movlw	high (_temp_stats+13)
  3546     1F0A  00AD               	movwf	(??_display_quartiles_screen+1)^(0+128)
  3547     1F0B  082C               	movf	??_display_quartiles_screen^(0+128),w
  3548     1F0C  0084               	movwf	4
  3549     1F0D  1783               	bsf	3,7
  3550     1F0E  1C2D               	btfss	(??_display_quartiles_screen+1)^(0+128),0
  3551     1F0F  1383               	bcf	3,7
  3552     1F10  0800               	movf	0,w
  3553     1F11  00A2               	movwf	pf@f^(0+128)
  3554     1F12  0A84               	incf	4,f
  3555     1F13  0800               	movf	0,w
  3556     1F14  00A3               	movwf	(pf@f+1)^(0+128)
  3557     1F15  0A84               	incf	4,f
  3558     1F16  0800               	movf	0,w
  3559     1F17  00A4               	movwf	(pf@f+2)^(0+128)
  3560     1F18  0A84               	incf	4,f
  3561     1F19  0800               	movf	0,w
  3562     1F1A  00A5               	movwf	(pf@f+3)^(0+128)
  3563     1F1B  160A  118A  25D2  160A  158A  	fcall	_pf
  3564                           
  3565                           ;main.c: 169:     Lcd_Write_String(" Q3:");
  3566     1F20  3078               	movlw	(low ((STR_10-__stringbase)| (0+32768)))& (0+255)
  3567     1F21  1283               	bcf	3,5	;RP0=0, select bank0
  3568     1F22  1303               	bcf	3,6	;RP1=0, select bank0
  3569     1F23  00A3               	movwf	Lcd_Write_String@a
  3570     1F24  160A  158A  23A5  160A  158A  	fcall	_Lcd_Write_String
  3571                           
  3572                           ;main.c: 170:     pf(temp_stats.q75);
  3573     1F29  30A5               	movlw	low (_temp_stats+21)
  3574     1F2A  1683               	bsf	3,5	;RP0=1, select bank1
  3575     1F2B  00AC               	movwf	??_display_quartiles_screen^(0+128)
  3576     1F2C  3001               	movlw	high (_temp_stats+21)
  3577     1F2D  00AD               	movwf	(??_display_quartiles_screen+1)^(0+128)
  3578     1F2E  082C               	movf	??_display_quartiles_screen^(0+128),w
  3579     1F2F  0084               	movwf	4
  3580     1F30  1783               	bsf	3,7
  3581     1F31  1C2D               	btfss	(??_display_quartiles_screen+1)^(0+128),0
  3582     1F32  1383               	bcf	3,7
  3583     1F33  0800               	movf	0,w
  3584     1F34  00A2               	movwf	pf@f^(0+128)
  3585     1F35  0A84               	incf	4,f
  3586     1F36  0800               	movf	0,w
  3587     1F37  00A3               	movwf	(pf@f+1)^(0+128)
  3588     1F38  0A84               	incf	4,f
  3589     1F39  0800               	movf	0,w
  3590     1F3A  00A4               	movwf	(pf@f+2)^(0+128)
  3591     1F3B  0A84               	incf	4,f
  3592     1F3C  0800               	movf	0,w
  3593     1F3D  00A5               	movwf	(pf@f+3)^(0+128)
  3594     1F3E  160A  118A  25D2  160A  158A  	fcall	_pf
  3595                           
  3596                           ;main.c: 172:     Lcd_Set_Cursor(2, 1);
  3597     1F43  01F4               	clrf	Lcd_Set_Cursor@b
  3598     1F44  0AF4               	incf	Lcd_Set_Cursor@b,f
  3599     1F45  3002               	movlw	2
  3600     1F46  160A  158A  2382  160A  158A  	fcall	_Lcd_Set_Cursor
  3601                           
  3602                           ;main.c: 173:     Lcd_Write_String("Q2:");
  3603     1F4B  3095               	movlw	(low ((STR_11-__stringbase)| (0+32768)))& (0+255)
  3604     1F4C  1283               	bcf	3,5	;RP0=0, select bank0
  3605     1F4D  1303               	bcf	3,6	;RP1=0, select bank0
  3606     1F4E  00A3               	movwf	Lcd_Write_String@a
  3607     1F4F  160A  158A  23A5  160A  158A  	fcall	_Lcd_Write_String
  3608                           
  3609                           ;main.c: 174:     pf(temp_stats.median);
  3610     1F54  30A1               	movlw	low (_temp_stats+17)
  3611     1F55  1683               	bsf	3,5	;RP0=1, select bank1
  3612     1F56  00AC               	movwf	??_display_quartiles_screen^(0+128)
  3613     1F57  3001               	movlw	high (_temp_stats+17)
  3614     1F58  00AD               	movwf	(??_display_quartiles_screen+1)^(0+128)
  3615     1F59  082C               	movf	??_display_quartiles_screen^(0+128),w
  3616     1F5A  0084               	movwf	4
  3617     1F5B  1783               	bsf	3,7
  3618     1F5C  1C2D               	btfss	(??_display_quartiles_screen+1)^(0+128),0
  3619     1F5D  1383               	bcf	3,7
  3620     1F5E  0800               	movf	0,w
  3621     1F5F  00A2               	movwf	pf@f^(0+128)
  3622     1F60  0A84               	incf	4,f
  3623     1F61  0800               	movf	0,w
  3624     1F62  00A3               	movwf	(pf@f+1)^(0+128)
  3625     1F63  0A84               	incf	4,f
  3626     1F64  0800               	movf	0,w
  3627     1F65  00A4               	movwf	(pf@f+2)^(0+128)
  3628     1F66  0A84               	incf	4,f
  3629     1F67  0800               	movf	0,w
  3630     1F68  00A5               	movwf	(pf@f+3)^(0+128)
  3631     1F69  160A  118A  25D2  160A  158A  	fcall	_pf
  3632                           
  3633                           ;main.c: 175:     Lcd_Write_String("C      ");
  3634     1F6E  3065               	movlw	(low ((STR_12-__stringbase)| (0+32768)))& (0+255)
  3635     1F6F  1283               	bcf	3,5	;RP0=0, select bank0
  3636     1F70  1303               	bcf	3,6	;RP1=0, select bank0
  3637     1F71  00A3               	movwf	Lcd_Write_String@a
  3638     1F72  160A  158A  23A5   	fcall	_Lcd_Write_String
  3639     1F75  0008               	return
  3640     1F76                     __end_of_display_quartiles_screen:
  3641                           
  3642                           	psect	text4
  3643     1273                     __ptext4:	
  3644 ;; *************** function _display_main_screen *****************
  3645 ;; Defined at:
  3646 ;;		line 133 in file "main.c"
  3647 ;; Parameters:    Size  Location     Type
  3648 ;;  t               2   12[BANK1 ] PTR struct .
  3649 ;;		 -> main@t(7), 
  3650 ;;  temp            4   14[BANK1 ] float 
  3651 ;;  hum             4   18[BANK1 ] float 
  3652 ;; Auto vars:     Size  Location     Type
  3653 ;;		None
  3654 ;; Return value:  Size  Location     Type
  3655 ;;                  1    wreg      void 
  3656 ;; Registers used:
  3657 ;;		wreg, fsr0l, fsr0h, status,2, status,0, pclath, btemp1, cstack
  3658 ;; Tracked objects:
  3659 ;;		On entry : 300/100
  3660 ;;		On exit  : 300/0
  3661 ;;		Unchanged: 0/0
  3662 ;; Data sizes:     COMMON   BANK0   BANK1   BANK3   BANK2
  3663 ;;      Params:         0       0      10       0       0
  3664 ;;      Locals:         0       0       0       0       0
  3665 ;;      Temps:          0       0       2       0       0
  3666 ;;      Totals:         0       0      12       0       0
  3667 ;;Total ram usage:       12 bytes
  3668 ;; Hardware stack levels used: 1
  3669 ;; Hardware stack levels required when called: 2
  3670 ;; This function calls:
  3671 ;;		_Lcd_Set_Cursor
  3672 ;;		_Lcd_Write_Char
  3673 ;;		_Lcd_Write_String
  3674 ;;		_p2
  3675 ;;		_pf
  3676 ;; This function is called by:
  3677 ;;		_main
  3678 ;; This function uses a non-reentrant model
  3679 ;;
  3680                           
  3681     1273                     _display_main_screen:	
  3682                           ;psect for function _display_main_screen
  3683                           
  3684                           
  3685                           ;main.c: 134:     Lcd_Set_Cursor(1, 1);
  3686                           
  3687                           ;incstack = 0
  3688                           ; Regs used in _display_main_screen: [wreg-fsr0h+status,2+status,0+pclath+btemp1+cstack]
  3689     1273  01F4               	clrf	Lcd_Set_Cursor@b
  3690     1274  0AF4               	incf	Lcd_Set_Cursor@b,f
  3691     1275  3001               	movlw	1
  3692     1276  160A  158A  2382  160A  118A  	fcall	_Lcd_Set_Cursor
  3693                           
  3694                           ;main.c: 135:     p2(t->date); Lcd_Write_Char('/');
  3695     127B  1683               	bsf	3,5	;RP0=1, select bank1
  3696     127C  1303               	bcf	3,6	;RP1=0, select bank1
  3697     127D  082C               	movf	display_main_screen@t^(0+128),w
  3698     127E  3E04               	addlw	4
  3699     127F  00B6               	movwf	??_display_main_screen^(0+128)
  3700     1280  082D               	movf	(display_main_screen@t+1)^(0+128),w
  3701     1281  1803               	skipnc
  3702     1282  3E01               	addlw	1
  3703     1283  3E00               	addlw	0
  3704     1284  00B7               	movwf	(??_display_main_screen+1)^(0+128)
  3705     1285  0836               	movf	??_display_main_screen^(0+128),w
  3706     1286  0084               	movwf	4
  3707     1287  1783               	bsf	3,7
  3708     1288  1C37               	btfss	(??_display_main_screen+1)^(0+128),0
  3709     1289  1383               	bcf	3,7
  3710     128A  0800               	movf	0,w
  3711     128B  160A  158A  22FD  160A  118A  	fcall	_p2
  3712     1290  302F               	movlw	47
  3713     1291  160A  158A  2487  160A  118A  	fcall	_Lcd_Write_Char
  3714                           
  3715                           ;main.c: 136:     p2(t->month); Lcd_Write_Char('/');
  3716     1296  1683               	bsf	3,5	;RP0=1, select bank1
  3717     1297  1303               	bcf	3,6	;RP1=0, select bank1
  3718     1298  082C               	movf	display_main_screen@t^(0+128),w
  3719     1299  3E05               	addlw	5
  3720     129A  00B6               	movwf	??_display_main_screen^(0+128)
  3721     129B  082D               	movf	(display_main_screen@t+1)^(0+128),w
  3722     129C  1803               	skipnc
  3723     129D  3E01               	addlw	1
  3724     129E  3E00               	addlw	0
  3725     129F  00B7               	movwf	(??_display_main_screen+1)^(0+128)
  3726     12A0  0836               	movf	??_display_main_screen^(0+128),w
  3727     12A1  0084               	movwf	4
  3728     12A2  1783               	bsf	3,7
  3729     12A3  1C37               	btfss	(??_display_main_screen+1)^(0+128),0
  3730     12A4  1383               	bcf	3,7
  3731     12A5  0800               	movf	0,w
  3732     12A6  160A  158A  22FD  160A  118A  	fcall	_p2
  3733     12AB  302F               	movlw	47
  3734     12AC  160A  158A  2487  160A  118A  	fcall	_Lcd_Write_Char
  3735                           
  3736                           ;main.c: 137:     p2(t->year); Lcd_Write_String(" ");
  3737     12B1  1683               	bsf	3,5	;RP0=1, select bank1
  3738     12B2  1303               	bcf	3,6	;RP1=0, select bank1
  3739     12B3  082C               	movf	display_main_screen@t^(0+128),w
  3740     12B4  3E06               	addlw	6
  3741     12B5  00B6               	movwf	??_display_main_screen^(0+128)
  3742     12B6  082D               	movf	(display_main_screen@t+1)^(0+128),w
  3743     12B7  1803               	skipnc
  3744     12B8  3E01               	addlw	1
  3745     12B9  3E00               	addlw	0
  3746     12BA  00B7               	movwf	(??_display_main_screen+1)^(0+128)
  3747     12BB  0836               	movf	??_display_main_screen^(0+128),w
  3748     12BC  0084               	movwf	4
  3749     12BD  1783               	bsf	3,7
  3750     12BE  1C37               	btfss	(??_display_main_screen+1)^(0+128),0
  3751     12BF  1383               	bcf	3,7
  3752     12C0  0800               	movf	0,w
  3753     12C1  160A  158A  22FD  160A  118A  	fcall	_p2
  3754     12C6  3024               	movlw	(low (((STR_15+13)-__stringbase)| (0+32768)))& (0+255)
  3755     12C7  1283               	bcf	3,5	;RP0=0, select bank0
  3756     12C8  1303               	bcf	3,6	;RP1=0, select bank0
  3757     12C9  00A3               	movwf	Lcd_Write_String@a
  3758     12CA  160A  158A  23A5  160A  118A  	fcall	_Lcd_Write_String
  3759                           
  3760                           ;main.c: 138:     p2(t->hours); Lcd_Write_Char(':');
  3761     12CF  1683               	bsf	3,5	;RP0=1, select bank1
  3762     12D0  082C               	movf	display_main_screen@t^(0+128),w
  3763     12D1  3E02               	addlw	2
  3764     12D2  00B6               	movwf	??_display_main_screen^(0+128)
  3765     12D3  082D               	movf	(display_main_screen@t+1)^(0+128),w
  3766     12D4  1803               	skipnc
  3767     12D5  3E01               	addlw	1
  3768     12D6  3E00               	addlw	0
  3769     12D7  00B7               	movwf	(??_display_main_screen+1)^(0+128)
  3770     12D8  0836               	movf	??_display_main_screen^(0+128),w
  3771     12D9  0084               	movwf	4
  3772     12DA  1783               	bsf	3,7
  3773     12DB  1C37               	btfss	(??_display_main_screen+1)^(0+128),0
  3774     12DC  1383               	bcf	3,7
  3775     12DD  0800               	movf	0,w
  3776     12DE  160A  158A  22FD  160A  118A  	fcall	_p2
  3777     12E3  303A               	movlw	58
  3778     12E4  160A  158A  2487  160A  118A  	fcall	_Lcd_Write_Char
  3779                           
  3780                           ;main.c: 139:     p2(t->minutes);
  3781     12E9  1683               	bsf	3,5	;RP0=1, select bank1
  3782     12EA  1303               	bcf	3,6	;RP1=0, select bank1
  3783     12EB  082C               	movf	display_main_screen@t^(0+128),w
  3784     12EC  3E01               	addlw	1
  3785     12ED  00B6               	movwf	??_display_main_screen^(0+128)
  3786     12EE  082D               	movf	(display_main_screen@t+1)^(0+128),w
  3787     12EF  1803               	skipnc
  3788     12F0  3E01               	addlw	1
  3789     12F1  3E00               	addlw	0
  3790     12F2  00B7               	movwf	(??_display_main_screen+1)^(0+128)
  3791     12F3  0836               	movf	??_display_main_screen^(0+128),w
  3792     12F4  0084               	movwf	4
  3793     12F5  1783               	bsf	3,7
  3794     12F6  1C37               	btfss	(??_display_main_screen+1)^(0+128),0
  3795     12F7  1383               	bcf	3,7
  3796     12F8  0800               	movf	0,w
  3797     12F9  160A  158A  22FD  160A  118A  	fcall	_p2
  3798                           
  3799                           ;main.c: 141:     Lcd_Set_Cursor(2, 1);
  3800     12FE  01F4               	clrf	Lcd_Set_Cursor@b
  3801     12FF  0AF4               	incf	Lcd_Set_Cursor@b,f
  3802     1300  3002               	movlw	2
  3803     1301  160A  158A  2382  160A  118A  	fcall	_Lcd_Set_Cursor
  3804                           
  3805                           ;main.c: 142:     Lcd_Write_String("T:");
  3806     1306  3099               	movlw	(low ((STR_2-__stringbase)| (0+32768)))& (0+255)
  3807     1307  1283               	bcf	3,5	;RP0=0, select bank0
  3808     1308  1303               	bcf	3,6	;RP1=0, select bank0
  3809     1309  00A3               	movwf	Lcd_Write_String@a
  3810     130A  160A  158A  23A5  160A  118A  	fcall	_Lcd_Write_String
  3811                           
  3812                           ;main.c: 143:     pf(temp);
  3813     130F  1683               	bsf	3,5	;RP0=1, select bank1
  3814     1310  0831               	movf	(display_main_screen@temp+3)^(0+128),w
  3815     1311  00A5               	movwf	(pf@f+3)^(0+128)
  3816     1312  0830               	movf	(display_main_screen@temp+2)^(0+128),w
  3817     1313  00A4               	movwf	(pf@f+2)^(0+128)
  3818     1314  082F               	movf	(display_main_screen@temp+1)^(0+128),w
  3819     1315  00A3               	movwf	(pf@f+1)^(0+128)
  3820     1316  082E               	movf	display_main_screen@temp^(0+128),w
  3821     1317  00A2               	movwf	pf@f^(0+128)
  3822     1318  160A  118A  25D2  160A  118A  	fcall	_pf
  3823                           
  3824                           ;main.c: 144:     Lcd_Write_String("C H:");
  3825     131D  307D               	movlw	(low ((STR_3-__stringbase)| (0+32768)))& (0+255)
  3826     131E  1283               	bcf	3,5	;RP0=0, select bank0
  3827     131F  1303               	bcf	3,6	;RP1=0, select bank0
  3828     1320  00A3               	movwf	Lcd_Write_String@a
  3829     1321  160A  158A  23A5  160A  118A  	fcall	_Lcd_Write_String
  3830                           
  3831                           ;main.c: 145:     pf(hum);
  3832     1326  1683               	bsf	3,5	;RP0=1, select bank1
  3833     1327  0835               	movf	(display_main_screen@hum+3)^(0+128),w
  3834     1328  00A5               	movwf	(pf@f+3)^(0+128)
  3835     1329  0834               	movf	(display_main_screen@hum+2)^(0+128),w
  3836     132A  00A4               	movwf	(pf@f+2)^(0+128)
  3837     132B  0833               	movf	(display_main_screen@hum+1)^(0+128),w
  3838     132C  00A3               	movwf	(pf@f+1)^(0+128)
  3839     132D  0832               	movf	display_main_screen@hum^(0+128),w
  3840     132E  00A2               	movwf	pf@f^(0+128)
  3841     132F  160A  118A  25D2  160A  118A  	fcall	_pf
  3842                           
  3843                           ;main.c: 146:     Lcd_Write_String("%   ");
  3844     1334  3073               	movlw	(low ((STR_4-__stringbase)| (0+32768)))& (0+255)
  3845     1335  1283               	bcf	3,5	;RP0=0, select bank0
  3846     1336  1303               	bcf	3,6	;RP1=0, select bank0
  3847     1337  00A3               	movwf	Lcd_Write_String@a
  3848     1338  160A  158A  23A5   	fcall	_Lcd_Write_String
  3849     133B  0008               	return
  3850     133C                     __end_of_display_main_screen:
  3851                           
  3852                           	psect	text5
  3853     15D2                     __ptext5:	
  3854 ;; *************** function _pf *****************
  3855 ;; Defined at:
  3856 ;;		line 66 in file "main.c"
  3857 ;; Parameters:    Size  Location     Type
  3858 ;;  f               4    2[BANK1 ] float 
  3859 ;; Auto vars:     Size  Location     Type
  3860 ;;  v               2   10[BANK1 ] unsigned short 
  3861 ;; Return value:  Size  Location     Type
  3862 ;;                  1    wreg      void 
  3863 ;; Registers used:
  3864 ;;		wreg, status,2, status,0, pclath, btemp1, cstack
  3865 ;; Tracked objects:
  3866 ;;		On entry : 300/100
  3867 ;;		On exit  : 0/0
  3868 ;;		Unchanged: 0/0
  3869 ;; Data sizes:     COMMON   BANK0   BANK1   BANK3   BANK2
  3870 ;;      Params:         0       0       4       0       0
  3871 ;;      Locals:         0       0       6       0       0
  3872 ;;      Temps:          0       0       0       0       0
  3873 ;;      Totals:         0       0      10       0       0
  3874 ;;Total ram usage:       10 bytes
  3875 ;; Hardware stack levels used: 1
  3876 ;; This function calls:
  3877 ;;		_Lcd_Write_Char
  3878 ;;		___fladd
  3879 ;;		___flge
  3880 ;;		___flmul
  3881 ;;		___fltol
  3882 ;;		___lwdiv
  3883 ;;		___lwmod
  3884 ;; This function is called by:
  3885 ;;		_display_main_screen
  3886 ;;		_display_stats_screen
  3887 ;;		_display_quartiles_screen
  3888 ;; This function uses a non-reentrant model
  3889 ;;
  3890                           
  3891     15D2                     _pf:	
  3892                           ;psect for function _pf
  3893                           
  3894                           
  3895                           ;main.c: 67:     uint16_t v = (uint16_t)(f * 10.0 + (f >= 0 ? 0.5 : -0.5));
  3896                           
  3897                           ;incstack = 0
  3898                           ; Regs used in _pf: [wreg+status,2+status,0+pclath+btemp1+cstack]
  3899     15D2  0825               	movf	(pf@f+3)^(0+128),w
  3900     15D3  00F3               	movwf	___flge@ff1+3
  3901     15D4  0824               	movf	(pf@f+2)^(0+128),w
  3902     15D5  00F2               	movwf	___flge@ff1+2
  3903     15D6  0823               	movf	(pf@f+1)^(0+128),w
  3904     15D7  00F1               	movwf	___flge@ff1+1
  3905     15D8  0822               	movf	pf@f^(0+128),w
  3906     15D9  00F0               	movwf	___flge@ff1
  3907     15DA  3000               	movlw	0
  3908     15DB  00F7               	movwf	___flge@ff2+3
  3909     15DC  3000               	movlw	0
  3910     15DD  00F6               	movwf	___flge@ff2+2
  3911     15DE  3000               	movlw	0
  3912     15DF  00F5               	movwf	___flge@ff2+1
  3913     15E0  3000               	movlw	0
  3914     15E1  00F4               	movwf	___flge@ff2
  3915     15E2  160A  118A  2143  160A  118A  	fcall	___flge
  3916     15E7  1803               	btfsc	3,0
  3917     15E8  2DEB               	goto	l3409
  3918     15E9  30BF               	movlw	191
  3919     15EA  2DEC               	goto	L2
  3920     15EB                     l3409:
  3921     15EB  303F               	movlw	63
  3922     15EC                     L2:
  3923     15EC  1683               	bsf	3,5	;RP0=1, select bank1
  3924     15ED  00A9               	movwf	(_pf$226+3)^(0+128)
  3925     15EE  3000               	movlw	0
  3926     15EF  00A8               	movwf	(_pf$226+2)^(0+128)
  3927     15F0  3000               	movlw	0
  3928     15F1  00A7               	movwf	(_pf$226+1)^(0+128)
  3929     15F2  3000               	movlw	0
  3930     15F3  00A6               	movwf	_pf$226^(0+128)
  3931     15F4  0825               	movf	(pf@f+3)^(0+128),w
  3932     15F5  1283               	bcf	3,5	;RP0=0, select bank0
  3933     15F6  00C1               	movwf	___flmul@a+3
  3934     15F7  1683               	bsf	3,5	;RP0=1, select bank1
  3935     15F8  0824               	movf	(pf@f+2)^(0+128),w
  3936     15F9  1283               	bcf	3,5	;RP0=0, select bank0
  3937     15FA  00C0               	movwf	___flmul@a+2
  3938     15FB  1683               	bsf	3,5	;RP0=1, select bank1
  3939     15FC  0823               	movf	(pf@f+1)^(0+128),w
  3940     15FD  1283               	bcf	3,5	;RP0=0, select bank0
  3941     15FE  00BF               	movwf	___flmul@a+1
  3942     15FF  1683               	bsf	3,5	;RP0=1, select bank1
  3943     1600  0822               	movf	pf@f^(0+128),w
  3944     1601  1283               	bcf	3,5	;RP0=0, select bank0
  3945     1602  00BE               	movwf	___flmul@a
  3946     1603  3041               	movlw	65
  3947     1604  00BD               	movwf	___flmul@b+3
  3948     1605  3020               	movlw	32
  3949     1606  00BC               	movwf	___flmul@b+2
  3950     1607  3000               	movlw	0
  3951     1608  00BB               	movwf	___flmul@b+1
  3952     1609  3000               	movlw	0
  3953     160A  00BA               	movwf	___flmul@b
  3954     160B  120A  158A  252A  160A  118A  	fcall	___flmul
  3955     1610  083D               	movf	?___flmul+3,w
  3956     1611  00DB               	movwf	___fladd@a+3
  3957     1612  083C               	movf	?___flmul+2,w
  3958     1613  00DA               	movwf	___fladd@a+2
  3959     1614  083B               	movf	?___flmul+1,w
  3960     1615  00D9               	movwf	___fladd@a+1
  3961     1616  083A               	movf	?___flmul,w
  3962     1617  00D8               	movwf	___fladd@a
  3963     1618  1683               	bsf	3,5	;RP0=1, select bank1
  3964     1619  0829               	movf	(_pf$226+3)^(0+128),w
  3965     161A  1283               	bcf	3,5	;RP0=0, select bank0
  3966     161B  00D7               	movwf	___fladd@b+3
  3967     161C  1683               	bsf	3,5	;RP0=1, select bank1
  3968     161D  0828               	movf	(_pf$226+2)^(0+128),w
  3969     161E  1283               	bcf	3,5	;RP0=0, select bank0
  3970     161F  00D6               	movwf	___fladd@b+2
  3971     1620  1683               	bsf	3,5	;RP0=1, select bank1
  3972     1621  0827               	movf	(_pf$226+1)^(0+128),w
  3973     1622  1283               	bcf	3,5	;RP0=0, select bank0
  3974     1623  00D5               	movwf	___fladd@b+1
  3975     1624  1683               	bsf	3,5	;RP0=1, select bank1
  3976     1625  0826               	movf	_pf$226^(0+128),w
  3977     1626  1283               	bcf	3,5	;RP0=0, select bank0
  3978     1627  00D4               	movwf	___fladd@b
  3979     1628  120A  158A  2334  160A  118A  	fcall	___fladd
  3980     162D  0857               	movf	?___fladd+3,w
  3981     162E  00EB               	movwf	___fltol@f1+3
  3982     162F  0856               	movf	?___fladd+2,w
  3983     1630  00EA               	movwf	___fltol@f1+2
  3984     1631  0855               	movf	?___fladd+1,w
  3985     1632  00E9               	movwf	___fltol@f1+1
  3986     1633  0854               	movf	?___fladd,w
  3987     1634  00E8               	movwf	___fltol@f1
  3988     1635  160A  158A  2685  160A  118A  	fcall	___fltol
  3989     163A  1283               	bcf	3,5	;RP0=0, select bank0
  3990     163B  0869               	movf	?___fltol+1,w
  3991     163C  1683               	bsf	3,5	;RP0=1, select bank1
  3992     163D  00AB               	movwf	(pf@v+1)^(0+128)
  3993     163E  1283               	bcf	3,5	;RP0=0, select bank0
  3994     163F  0868               	movf	?___fltol,w
  3995     1640  1683               	bsf	3,5	;RP0=1, select bank1
  3996     1641  00AA               	movwf	pf@v^(0+128)
  3997                           
  3998                           ;main.c: 68:     if(f < 0) { Lcd_Write_Char('-'); v = -v; }
  3999     1642  0825               	movf	(pf@f+3)^(0+128),w
  4000     1643  00F3               	movwf	___flge@ff1+3
  4001     1644  0824               	movf	(pf@f+2)^(0+128),w
  4002     1645  00F2               	movwf	___flge@ff1+2
  4003     1646  0823               	movf	(pf@f+1)^(0+128),w
  4004     1647  00F1               	movwf	___flge@ff1+1
  4005     1648  0822               	movf	pf@f^(0+128),w
  4006     1649  00F0               	movwf	___flge@ff1
  4007     164A  3000               	movlw	0
  4008     164B  00F7               	movwf	___flge@ff2+3
  4009     164C  3000               	movlw	0
  4010     164D  00F6               	movwf	___flge@ff2+2
  4011     164E  3000               	movlw	0
  4012     164F  00F5               	movwf	___flge@ff2+1
  4013     1650  3000               	movlw	0
  4014     1651  00F4               	movwf	___flge@ff2
  4015     1652  160A  118A  2143  160A  118A  	fcall	___flge
  4016     1657  1803               	btfsc	3,0
  4017     1658  2E66               	goto	l3419
  4018     1659  302D               	movlw	45
  4019     165A  160A  158A  2487  160A  118A  	fcall	_Lcd_Write_Char
  4020     165F  1683               	bsf	3,5	;RP0=1, select bank1
  4021     1660  1303               	bcf	3,6	;RP1=0, select bank1
  4022     1661  09AA               	comf	pf@v^(0+128),f
  4023     1662  09AB               	comf	(pf@v+1)^(0+128),f
  4024     1663  0AAA               	incf	pf@v^(0+128),f
  4025     1664  1903               	skipnz
  4026     1665  0AAB               	incf	(pf@v+1)^(0+128),f
  4027     1666                     l3419:
  4028                           
  4029                           ;main.c: 69:     Lcd_Write_Char('0' + ((v / 100) % 10));
  4030     1666  300A               	movlw	10
  4031     1667  00F7               	movwf	___lwmod@divisor
  4032     1668  3000               	movlw	0
  4033     1669  00F8               	movwf	___lwmod@divisor+1
  4034     166A  3064               	movlw	100
  4035     166B  00F0               	movwf	___lwdiv@divisor
  4036     166C  3000               	movlw	0
  4037     166D  00F1               	movwf	___lwdiv@divisor+1
  4038     166E  1683               	bsf	3,5	;RP0=1, select bank1
  4039     166F  082B               	movf	(pf@v+1)^(0+128),w
  4040     1670  00F3               	movwf	___lwdiv@dividend+1
  4041     1671  082A               	movf	pf@v^(0+128),w
  4042     1672  00F2               	movwf	___lwdiv@dividend
  4043     1673  160A  158A  244D  160A  118A  	fcall	___lwdiv
  4044     1678  0871               	movf	?___lwdiv+1,w
  4045     1679  00FA               	movwf	___lwmod@dividend+1
  4046     167A  0870               	movf	?___lwdiv,w
  4047     167B  00F9               	movwf	___lwmod@dividend
  4048     167C  120A  158A  2004  160A  118A  	fcall	___lwmod
  4049     1681  0877               	movf	?___lwmod,w
  4050     1682  3E30               	addlw	48
  4051     1683  160A  158A  2487  160A  118A  	fcall	_Lcd_Write_Char
  4052                           
  4053                           ;main.c: 70:     Lcd_Write_Char('0' + ((v / 10) % 10));
  4054     1688  300A               	movlw	10
  4055     1689  00F7               	movwf	___lwmod@divisor
  4056     168A  3000               	movlw	0
  4057     168B  00F8               	movwf	___lwmod@divisor+1
  4058     168C  300A               	movlw	10
  4059     168D  00F0               	movwf	___lwdiv@divisor
  4060     168E  3000               	movlw	0
  4061     168F  00F1               	movwf	___lwdiv@divisor+1
  4062     1690  1683               	bsf	3,5	;RP0=1, select bank1
  4063     1691  1303               	bcf	3,6	;RP1=0, select bank1
  4064     1692  082B               	movf	(pf@v+1)^(0+128),w
  4065     1693  00F3               	movwf	___lwdiv@dividend+1
  4066     1694  082A               	movf	pf@v^(0+128),w
  4067     1695  00F2               	movwf	___lwdiv@dividend
  4068     1696  160A  158A  244D  160A  118A  	fcall	___lwdiv
  4069     169B  0871               	movf	?___lwdiv+1,w
  4070     169C  00FA               	movwf	___lwmod@dividend+1
  4071     169D  0870               	movf	?___lwdiv,w
  4072     169E  00F9               	movwf	___lwmod@dividend
  4073     169F  120A  158A  2004  160A  118A  	fcall	___lwmod
  4074     16A4  0877               	movf	?___lwmod,w
  4075     16A5  3E30               	addlw	48
  4076     16A6  160A  158A  2487  160A  118A  	fcall	_Lcd_Write_Char
  4077                           
  4078                           ;main.c: 71:     Lcd_Write_Char('.');
  4079     16AB  302E               	movlw	46
  4080     16AC  160A  158A  2487  160A  118A  	fcall	_Lcd_Write_Char
  4081                           
  4082                           ;main.c: 72:     Lcd_Write_Char('0' + (v % 10));
  4083     16B1  300A               	movlw	10
  4084     16B2  00F7               	movwf	___lwmod@divisor
  4085     16B3  3000               	movlw	0
  4086     16B4  00F8               	movwf	___lwmod@divisor+1
  4087     16B5  1683               	bsf	3,5	;RP0=1, select bank1
  4088     16B6  1303               	bcf	3,6	;RP1=0, select bank1
  4089     16B7  082B               	movf	(pf@v+1)^(0+128),w
  4090     16B8  00FA               	movwf	___lwmod@dividend+1
  4091     16B9  082A               	movf	pf@v^(0+128),w
  4092     16BA  00F9               	movwf	___lwmod@dividend
  4093     16BB  120A  158A  2004  160A  118A  	fcall	___lwmod
  4094     16C0  0877               	movf	?___lwmod,w
  4095     16C1  3E30               	addlw	48
  4096     16C2  160A  158A  2487   	fcall	_Lcd_Write_Char
  4097     16C5  0008               	return
  4098     16C6                     __end_of_pf:
  4099                           
  4100                           	psect	text6
  4101     0804                     __ptext6:	
  4102 ;; *************** function ___lwmod *****************
  4103 ;; Defined at:
  4104 ;;		line 5 in file "C:\Program Files\Microchip\xc8\v3.10\pic\sources\c99\common\lwmod.c"
  4105 ;; Parameters:    Size  Location     Type
  4106 ;;  divisor         2    7[COMMON] unsigned int 
  4107 ;;  dividend        2    9[COMMON] unsigned int 
  4108 ;; Auto vars:     Size  Location     Type
  4109 ;;  counter         1   11[COMMON] unsigned char 
  4110 ;; Return value:  Size  Location     Type
  4111 ;;                  2    7[COMMON] unsigned int 
  4112 ;; Registers used:
  4113 ;;		wreg, status,2, status,0
  4114 ;; Tracked objects:
  4115 ;;		On entry : 300/900
  4116 ;;		On exit  : 300/100
  4117 ;;		Unchanged: 300/0
  4118 ;; Data sizes:     COMMON   BANK0   BANK1   BANK3   BANK2
  4119 ;;      Params:         4       0       0       0       0
  4120 ;;      Locals:         1       0       0       0       0
  4121 ;;      Temps:          0       0       0       0       0
  4122 ;;      Totals:         5       0       0       0       0
  4123 ;;Total ram usage:        5 bytes
  4124 ;; Hardware stack levels used: 1
  4125 ;; This function calls:
  4126 ;;		Nothing
  4127 ;; This function is called by:
  4128 ;;		_pf
  4129 ;;		_main
  4130 ;; This function uses a non-reentrant model
  4131 ;;
  4132                           
  4133     0804                     ___lwmod:	
  4134                           ;psect for function ___lwmod
  4135                           
  4136                           
  4137                           ;incstack = 0
  4138                           ; Regs used in ___lwmod: [wreg+status,2+status,0]
  4139     0804  0877               	movf	___lwmod@divisor,w
  4140     0805  0478               	iorwf	___lwmod@divisor+1,w
  4141     0806  1903               	btfsc	3,2
  4142     0807  282F               	goto	l3059
  4143     0808  3001               	movlw	1
  4144     0809  00FB               	movwf	___lwmod@counter
  4145     080A                     l3049:
  4146     080A  1BF8               	btfsc	___lwmod@divisor+1,7
  4147     080B  2816               	goto	l3051
  4148     080C  3001               	movlw	1
  4149     080D                     u3565:
  4150     080D  1003               	clrc
  4151     080E  0DF7               	rlf	___lwmod@divisor,f
  4152     080F  0DF8               	rlf	___lwmod@divisor+1,f
  4153     0810  3EFF               	addlw	-1
  4154     0811  1D03               	skipz
  4155     0812  280D               	goto	u3565
  4156     0813  3001               	movlw	1
  4157     0814  07FB               	addwf	___lwmod@counter,f
  4158     0815  280A               	goto	l3049
  4159     0816                     l3051:
  4160     0816  0878               	movf	___lwmod@divisor+1,w
  4161     0817  027A               	subwf	___lwmod@dividend+1,w
  4162     0818  1D03               	skipz
  4163     0819  281C               	goto	u3585
  4164     081A  0877               	movf	___lwmod@divisor,w
  4165     081B  0279               	subwf	___lwmod@dividend,w
  4166     081C                     u3585:
  4167     081C  1C03               	skipc
  4168     081D  2824               	goto	l3055
  4169     081E  0877               	movf	___lwmod@divisor,w
  4170     081F  02F9               	subwf	___lwmod@dividend,f
  4171     0820  0878               	movf	___lwmod@divisor+1,w
  4172     0821  1C03               	skipc
  4173     0822  03FA               	decf	___lwmod@dividend+1,f
  4174     0823  02FA               	subwf	___lwmod@dividend+1,f
  4175     0824                     l3055:
  4176     0824  3001               	movlw	1
  4177     0825                     u3595:
  4178     0825  1003               	clrc
  4179     0826  0CF8               	rrf	___lwmod@divisor+1,f
  4180     0827  0CF7               	rrf	___lwmod@divisor,f
  4181     0828  3EFF               	addlw	-1
  4182     0829  1D03               	skipz
  4183     082A  2825               	goto	u3595
  4184     082B  3001               	movlw	1
  4185     082C  02FB               	subwf	___lwmod@counter,f
  4186     082D  1D03               	btfss	3,2
  4187     082E  2816               	goto	l3051
  4188     082F                     l3059:
  4189     082F  087A               	movf	___lwmod@dividend+1,w
  4190     0830  00F8               	movwf	?___lwmod+1
  4191     0831  0879               	movf	___lwmod@dividend,w
  4192     0832  00F7               	movwf	?___lwmod
  4193     0833  0008               	return
  4194     0834                     __end_of___lwmod:
  4195                           
  4196                           	psect	text7
  4197     1C4D                     __ptext7:	
  4198 ;; *************** function ___lwdiv *****************
  4199 ;; Defined at:
  4200 ;;		line 5 in file "C:\Program Files\Microchip\xc8\v3.10\pic\sources\c99\common\lwdiv.c"
  4201 ;; Parameters:    Size  Location     Type
  4202 ;;  divisor         2    0[COMMON] unsigned int 
  4203 ;;  dividend        2    2[COMMON] unsigned int 
  4204 ;; Auto vars:     Size  Location     Type
  4205 ;;  quotient        2    4[COMMON] unsigned int 
  4206 ;;  counter         1    6[COMMON] unsigned char 
  4207 ;; Return value:  Size  Location     Type
  4208 ;;                  2    0[COMMON] unsigned int 
  4209 ;; Registers used:
  4210 ;;		wreg, status,2, status,0
  4211 ;; Tracked objects:
  4212 ;;		On entry : 300/900
  4213 ;;		On exit  : 300/100
  4214 ;;		Unchanged: 300/0
  4215 ;; Data sizes:     COMMON   BANK0   BANK1   BANK3   BANK2
  4216 ;;      Params:         4       0       0       0       0
  4217 ;;      Locals:         3       0       0       0       0
  4218 ;;      Temps:          0       0       0       0       0
  4219 ;;      Totals:         7       0       0       0       0
  4220 ;;Total ram usage:        7 bytes
  4221 ;; Hardware stack levels used: 1
  4222 ;; This function calls:
  4223 ;;		Nothing
  4224 ;; This function is called by:
  4225 ;;		_pf
  4226 ;;		_main
  4227 ;; This function uses a non-reentrant model
  4228 ;;
  4229                           
  4230     1C4D                     ___lwdiv:	
  4231                           ;psect for function ___lwdiv
  4232                           
  4233                           
  4234                           ;incstack = 0
  4235                           ; Regs used in ___lwdiv: [wreg+status,2+status,0]
  4236     1C4D  01F4               	clrf	___lwdiv@quotient
  4237     1C4E  01F5               	clrf	___lwdiv@quotient+1
  4238     1C4F  0870               	movf	___lwdiv@divisor,w
  4239     1C50  0471               	iorwf	___lwdiv@divisor+1,w
  4240     1C51  1903               	btfsc	3,2
  4241     1C52  2C82               	goto	l3037
  4242     1C53  3001               	movlw	1
  4243     1C54  00F6               	movwf	___lwdiv@counter
  4244     1C55                     l3025:
  4245     1C55  1BF1               	btfsc	___lwdiv@divisor+1,7
  4246     1C56  2C61               	goto	l3027
  4247     1C57  3001               	movlw	1
  4248     1C58                     u3495:
  4249     1C58  1003               	clrc
  4250     1C59  0DF0               	rlf	___lwdiv@divisor,f
  4251     1C5A  0DF1               	rlf	___lwdiv@divisor+1,f
  4252     1C5B  3EFF               	addlw	-1
  4253     1C5C  1D03               	skipz
  4254     1C5D  2C58               	goto	u3495
  4255     1C5E  3001               	movlw	1
  4256     1C5F  07F6               	addwf	___lwdiv@counter,f
  4257     1C60  2C55               	goto	l3025
  4258     1C61                     l3027:
  4259     1C61  3001               	movlw	1
  4260     1C62                     u3515:
  4261     1C62  1003               	clrc
  4262     1C63  0DF4               	rlf	___lwdiv@quotient,f
  4263     1C64  0DF5               	rlf	___lwdiv@quotient+1,f
  4264     1C65  3EFF               	addlw	-1
  4265     1C66  1D03               	skipz
  4266     1C67  2C62               	goto	u3515
  4267     1C68  0871               	movf	___lwdiv@divisor+1,w
  4268     1C69  0273               	subwf	___lwdiv@dividend+1,w
  4269     1C6A  1D03               	skipz
  4270     1C6B  2C6E               	goto	u3525
  4271     1C6C  0870               	movf	___lwdiv@divisor,w
  4272     1C6D  0272               	subwf	___lwdiv@dividend,w
  4273     1C6E                     u3525:
  4274     1C6E  1C03               	skipc
  4275     1C6F  2C77               	goto	l3033
  4276     1C70  0870               	movf	___lwdiv@divisor,w
  4277     1C71  02F2               	subwf	___lwdiv@dividend,f
  4278     1C72  0871               	movf	___lwdiv@divisor+1,w
  4279     1C73  1C03               	skipc
  4280     1C74  03F3               	decf	___lwdiv@dividend+1,f
  4281     1C75  02F3               	subwf	___lwdiv@dividend+1,f
  4282     1C76  1474               	bsf	___lwdiv@quotient,0
  4283     1C77                     l3033:
  4284     1C77  3001               	movlw	1
  4285     1C78                     u3535:
  4286     1C78  1003               	clrc
  4287     1C79  0CF1               	rrf	___lwdiv@divisor+1,f
  4288     1C7A  0CF0               	rrf	___lwdiv@divisor,f
  4289     1C7B  3EFF               	addlw	-1
  4290     1C7C  1D03               	skipz
  4291     1C7D  2C78               	goto	u3535
  4292     1C7E  3001               	movlw	1
  4293     1C7F  02F6               	subwf	___lwdiv@counter,f
  4294     1C80  1D03               	btfss	3,2
  4295     1C81  2C61               	goto	l3027
  4296     1C82                     l3037:
  4297     1C82  0875               	movf	___lwdiv@quotient+1,w
  4298     1C83  00F1               	movwf	?___lwdiv+1
  4299     1C84  0874               	movf	___lwdiv@quotient,w
  4300     1C85  00F0               	movwf	?___lwdiv
  4301     1C86  0008               	return
  4302     1C87                     __end_of___lwdiv:
  4303                           
  4304                           	psect	text8
  4305     1E85                     __ptext8:	
  4306 ;; *************** function ___fltol *****************
  4307 ;; Defined at:
  4308 ;;		line 43 in file "C:\Program Files\Microchip\xc8\v3.10\pic\sources\c99\common\fltol.c"
  4309 ;; Parameters:    Size  Location     Type
  4310 ;;  f1              4   72[BANK0 ] unsigned int 
  4311 ;; Auto vars:     Size  Location     Type
  4312 ;;  exp1            1    1[BANK1 ] unsigned char 
  4313 ;;  sign1           1    0[BANK1 ] unsigned char 
  4314 ;; Return value:  Size  Location     Type
  4315 ;;                  4   72[BANK0 ] long 
  4316 ;; Registers used:
  4317 ;;		wreg, status,2, status,0
  4318 ;; Tracked objects:
  4319 ;;		On entry : 300/800
  4320 ;;		On exit  : 200/0
  4321 ;;		Unchanged: 0/0
  4322 ;; Data sizes:     COMMON   BANK0   BANK1   BANK3   BANK2
  4323 ;;      Params:         0       4       0       0       0
  4324 ;;      Locals:         0       0       2       0       0
  4325 ;;      Temps:          0       4       0       0       0
  4326 ;;      Totals:         0       8       2       0       0
  4327 ;;Total ram usage:       10 bytes
  4328 ;; Hardware stack levels used: 1
  4329 ;; This function calls:
  4330 ;;		Nothing
  4331 ;; This function is called by:
  4332 ;;		_pf
  4333 ;;		_main
  4334 ;; This function uses a non-reentrant model
  4335 ;;
  4336                           
  4337     1E85                     ___fltol:	
  4338                           ;psect for function ___fltol
  4339                           
  4340                           
  4341                           ;incstack = 0
  4342                           ; Regs used in ___fltol: [wreg+status,2+status,0]
  4343     1E85  1003               	clrc
  4344     1E86  0D6A               	rlf	___fltol@f1+2,w
  4345     1E87  0D6B               	rlf	___fltol@f1+3,w
  4346     1E88  1683               	bsf	3,5	;RP0=1, select bank1
  4347     1E89  00A1               	movwf	___fltol@exp1^(0+128)
  4348     1E8A  0821               	movf	___fltol@exp1^(0+128),w
  4349     1E8B  1D03               	btfss	3,2
  4350     1E8C  2E97               	goto	l2943
  4351     1E8D                     l2939:
  4352     1E8D  3000               	movlw	0
  4353     1E8E  1283               	bcf	3,5	;RP0=0, select bank0
  4354     1E8F  00EB               	movwf	?___fltol+3
  4355     1E90  3000               	movlw	0
  4356     1E91  00EA               	movwf	?___fltol+2
  4357     1E92  3000               	movlw	0
  4358     1E93  00E9               	movwf	?___fltol+1
  4359     1E94  3000               	movlw	0
  4360     1E95  00E8               	movwf	?___fltol
  4361     1E96  0008               	return
  4362     1E97                     l2943:
  4363     1E97  1283               	bcf	3,5	;RP0=0, select bank0
  4364     1E98  0868               	movf	___fltol@f1,w
  4365     1E99  00EC               	movwf	??___fltol
  4366     1E9A  0869               	movf	___fltol@f1+1,w
  4367     1E9B  00ED               	movwf	??___fltol+1
  4368     1E9C  086A               	movf	___fltol@f1+2,w
  4369     1E9D  00EE               	movwf	??___fltol+2
  4370     1E9E  086B               	movf	___fltol@f1+3,w
  4371     1E9F  00EF               	movwf	??___fltol+3
  4372     1EA0  301F               	movlw	31
  4373     1EA1                     u3325:
  4374     1EA1  1003               	clrc
  4375     1EA2  0CEF               	rrf	??___fltol+3,f
  4376     1EA3  0CEE               	rrf	??___fltol+2,f
  4377     1EA4  0CED               	rrf	??___fltol+1,f
  4378     1EA5  0CEC               	rrf	??___fltol,f
  4379     1EA6  3EFF               	addlw	-1
  4380     1EA7  1D03               	skipz
  4381     1EA8  2EA1               	goto	u3325
  4382     1EA9  086C               	movf	??___fltol,w
  4383     1EAA  1683               	bsf	3,5	;RP0=1, select bank1
  4384     1EAB  00A0               	movwf	___fltol@sign1^(0+128)
  4385     1EAC  1283               	bcf	3,5	;RP0=0, select bank0
  4386     1EAD  17EA               	bsf	___fltol@f1+2,7
  4387     1EAE  30FF               	movlw	255
  4388     1EAF  05E8               	andwf	___fltol@f1,f
  4389     1EB0  30FF               	movlw	255
  4390     1EB1  05E9               	andwf	___fltol@f1+1,f
  4391     1EB2  30FF               	movlw	255
  4392     1EB3  05EA               	andwf	___fltol@f1+2,f
  4393     1EB4  3000               	movlw	0
  4394     1EB5  05EB               	andwf	___fltol@f1+3,f
  4395     1EB6  3096               	movlw	150
  4396     1EB7  1683               	bsf	3,5	;RP0=1, select bank1
  4397     1EB8  02A1               	subwf	___fltol@exp1^(0+128),f
  4398     1EB9  1FA1               	btfss	___fltol@exp1^(0+128),7
  4399     1EBA  2ED0               	goto	l2961
  4400     1EBB  0821               	movf	___fltol@exp1^(0+128),w
  4401     1EBC  3A80               	xorlw	128
  4402     1EBD  3E97               	addlw	151
  4403     1EBE  1C03               	btfss	3,0
  4404     1EBF  2E8D               	goto	l2939
  4405     1EC0                     l2959:
  4406     1EC0  3001               	movlw	1
  4407     1EC1                     u3355:
  4408     1EC1  1003               	clrc
  4409     1EC2  1283               	bcf	3,5	;RP0=0, select bank0
  4410     1EC3  0CEB               	rrf	___fltol@f1+3,f
  4411     1EC4  0CEA               	rrf	___fltol@f1+2,f
  4412     1EC5  0CE9               	rrf	___fltol@f1+1,f
  4413     1EC6  0CE8               	rrf	___fltol@f1,f
  4414     1EC7  3EFF               	addlw	-1
  4415     1EC8  1D03               	skipz
  4416     1EC9  2EC1               	goto	u3355
  4417     1ECA  3001               	movlw	1
  4418     1ECB  1683               	bsf	3,5	;RP0=1, select bank1
  4419     1ECC  07A1               	addwf	___fltol@exp1^(0+128),f
  4420     1ECD  1903               	btfsc	3,2
  4421     1ECE  2EE5               	goto	l2969
  4422     1ECF  2EC0               	goto	l2959
  4423     1ED0                     l2961:
  4424     1ED0  3020               	movlw	32
  4425     1ED1  0221               	subwf	___fltol@exp1^(0+128),w
  4426     1ED2  1803               	btfsc	3,0
  4427     1ED3  2E8D               	goto	l2939
  4428     1ED4                     l632:
  4429     1ED4  0821               	movf	___fltol@exp1^(0+128),w
  4430     1ED5  1903               	btfsc	3,2
  4431     1ED6  2EE5               	goto	l2969
  4432     1ED7  3001               	movlw	1
  4433     1ED8  1283               	bcf	3,5	;RP0=0, select bank0
  4434     1ED9  00EC               	movwf	??___fltol
  4435     1EDA                     u3385:
  4436     1EDA  1003               	clrc
  4437     1EDB  0DE8               	rlf	___fltol@f1,f
  4438     1EDC  0DE9               	rlf	___fltol@f1+1,f
  4439     1EDD  0DEA               	rlf	___fltol@f1+2,f
  4440     1EDE  0DEB               	rlf	___fltol@f1+3,f
  4441     1EDF  0BEC               	decfsz	??___fltol,f
  4442     1EE0  2EDA               	goto	u3385
  4443     1EE1  3001               	movlw	1
  4444     1EE2  1683               	bsf	3,5	;RP0=1, select bank1
  4445     1EE3  02A1               	subwf	___fltol@exp1^(0+128),f
  4446     1EE4  2ED4               	goto	l632
  4447     1EE5                     l2969:
  4448     1EE5  0820               	movf	___fltol@sign1^(0+128),w
  4449     1EE6  1903               	btfsc	3,2
  4450     1EE7  0008               	return
  4451     1EE8  1283               	bcf	3,5	;RP0=0, select bank0
  4452     1EE9  09E8               	comf	___fltol@f1,f
  4453     1EEA  09E9               	comf	___fltol@f1+1,f
  4454     1EEB  09EA               	comf	___fltol@f1+2,f
  4455     1EEC  09EB               	comf	___fltol@f1+3,f
  4456     1EED  0AE8               	incf	___fltol@f1,f
  4457     1EEE  1903               	skipnz
  4458     1EEF  0AE9               	incf	___fltol@f1+1,f
  4459     1EF0  1903               	skipnz
  4460     1EF1  0AEA               	incf	___fltol@f1+2,f
  4461     1EF2  1903               	skipnz
  4462     1EF3  0AEB               	incf	___fltol@f1+3,f
  4463     1EF4  0008               	return
  4464     1EF5                     __end_of___fltol:
  4465                           
  4466                           	psect	text9
  4467     1AFD                     __ptext9:	
  4468 ;; *************** function _p2 *****************
  4469 ;; Defined at:
  4470 ;;		line 60 in file "main.c"
  4471 ;; Parameters:    Size  Location     Type
  4472 ;;  v               1    wreg     unsigned char 
  4473 ;; Auto vars:     Size  Location     Type
  4474 ;;  v               1    3[BANK0 ] unsigned char 
  4475 ;; Return value:  Size  Location     Type
  4476 ;;                  1    wreg      void 
  4477 ;; Registers used:
  4478 ;;		wreg, status,2, status,0, pclath, cstack
  4479 ;; Tracked objects:
  4480 ;;		On entry : 300/100
  4481 ;;		On exit  : 0/0
  4482 ;;		Unchanged: 0/0
  4483 ;; Data sizes:     COMMON   BANK0   BANK1   BANK3   BANK2
  4484 ;;      Params:         0       0       0       0       0
  4485 ;;      Locals:         0       1       0       0       0
  4486 ;;      Temps:          0       0       0       0       0
  4487 ;;      Totals:         0       1       0       0       0
  4488 ;;Total ram usage:        1 bytes
  4489 ;; Hardware stack levels used: 1
  4490 ;; Hardware stack levels required when called: 1
  4491 ;; This function calls:
  4492 ;;		_Lcd_Write_Char
  4493 ;;		___lbdiv
  4494 ;;		___lbmod
  4495 ;; This function is called by:
  4496 ;;		_display_main_screen
  4497 ;; This function uses a non-reentrant model
  4498 ;;
  4499                           
  4500     1AFD                     _p2:	
  4501                           ;psect for function _p2
  4502                           
  4503                           
  4504                           ;incstack = 0
  4505                           ; Regs used in _p2: [wreg+status,2+status,0+pclath+cstack]
  4506                           ;p2@v stored from wreg
  4507     1AFD  1283               	bcf	3,5	;RP0=0, select bank0
  4508     1AFE  00A3               	movwf	p2@v
  4509                           
  4510                           ;main.c: 61:     Lcd_Write_Char('0' + ((v / 10) & 0x0F));
  4511     1AFF  300A               	movlw	10
  4512     1B00  00F0               	movwf	___lbdiv@divisor
  4513     1B01  0823               	movf	p2@v,w
  4514     1B02  160A  158A  22BF  160A  158A  	fcall	___lbdiv
  4515     1B07  390F               	andlw	15
  4516     1B08  3E30               	addlw	48
  4517     1B09  160A  158A  2487  160A  158A  	fcall	_Lcd_Write_Char
  4518                           
  4519                           ;main.c: 62:     Lcd_Write_Char('0' + (v % 10));
  4520     1B0E  300A               	movlw	10
  4521     1B0F  00F0               	movwf	___lbmod@divisor
  4522     1B10  1283               	bcf	3,5	;RP0=0, select bank0
  4523     1B11  1303               	bcf	3,6	;RP1=0, select bank0
  4524     1B12  0823               	movf	p2@v,w
  4525     1B13  160A  158A  22DE  160A  158A  	fcall	___lbmod
  4526     1B18  3E30               	addlw	48
  4527     1B19  160A  158A  2487   	fcall	_Lcd_Write_Char
  4528     1B1C  0008               	return
  4529     1B1D                     __end_of_p2:
  4530                           
  4531                           	psect	text10
  4532     1ADE                     __ptext10:	
  4533 ;; *************** function ___lbmod *****************
  4534 ;; Defined at:
  4535 ;;		line 4 in file "C:\Program Files\Microchip\xc8\v3.10\pic\sources\c99\common\lbmod.c"
  4536 ;; Parameters:    Size  Location     Type
  4537 ;;  dividend        1    wreg     unsigned char 
  4538 ;;  divisor         1    0[COMMON] unsigned char 
  4539 ;; Auto vars:     Size  Location     Type
  4540 ;;  dividend        1    3[COMMON] unsigned char 
  4541 ;;  rem             1    5[COMMON] unsigned char 
  4542 ;;  counter         1    4[COMMON] unsigned char 
  4543 ;; Return value:  Size  Location     Type
  4544 ;;                  1    wreg      unsigned char 
  4545 ;; Registers used:
  4546 ;;		wreg, status,2, status,0
  4547 ;; Tracked objects:
  4548 ;;		On entry : 200/100
  4549 ;;		On exit  : 200/0
  4550 ;;		Unchanged: 200/0
  4551 ;; Data sizes:     COMMON   BANK0   BANK1   BANK3   BANK2
  4552 ;;      Params:         1       0       0       0       0
  4553 ;;      Locals:         3       0       0       0       0
  4554 ;;      Temps:          2       0       0       0       0
  4555 ;;      Totals:         6       0       0       0       0
  4556 ;;Total ram usage:        6 bytes
  4557 ;; Hardware stack levels used: 1
  4558 ;; This function calls:
  4559 ;;		Nothing
  4560 ;; This function is called by:
  4561 ;;		_p2
  4562 ;;		_main
  4563 ;; This function uses a non-reentrant model
  4564 ;;
  4565                           
  4566     1ADE                     ___lbmod:	
  4567                           ;psect for function ___lbmod
  4568                           
  4569                           
  4570                           ;incstack = 0
  4571                           ; Regs used in ___lbmod: [wreg+status,2+status,0]
  4572                           ;___lbmod@dividend stored from wreg
  4573     1ADE  00F3               	movwf	___lbmod@dividend
  4574     1ADF  3008               	movlw	8
  4575     1AE0  00F4               	movwf	___lbmod@counter
  4576     1AE1  01F5               	clrf	___lbmod@rem
  4577     1AE2                     l3003:
  4578     1AE2  0873               	movf	___lbmod@dividend,w
  4579     1AE3  00F1               	movwf	??___lbmod
  4580     1AE4  3007               	movlw	7
  4581     1AE5                     u3455:
  4582     1AE5  1003               	clrc
  4583     1AE6  0CF1               	rrf	??___lbmod,f
  4584     1AE7  3EFF               	addlw	-1
  4585     1AE8  1D03               	skipz
  4586     1AE9  2AE5               	goto	u3455
  4587     1AEA  0875               	movf	___lbmod@rem,w
  4588     1AEB  00F2               	movwf	??___lbmod+1
  4589     1AEC  0772               	addwf	??___lbmod+1,w
  4590     1AED  0471               	iorwf	??___lbmod,w
  4591     1AEE  00F5               	movwf	___lbmod@rem
  4592     1AEF  1003               	clrc
  4593     1AF0  0DF3               	rlf	___lbmod@dividend,f
  4594     1AF1  0870               	movf	___lbmod@divisor,w
  4595     1AF2  0275               	subwf	___lbmod@rem,w
  4596     1AF3  1C03               	skipc
  4597     1AF4  2AF7               	goto	l649
  4598     1AF5  0870               	movf	___lbmod@divisor,w
  4599     1AF6  02F5               	subwf	___lbmod@rem,f
  4600     1AF7                     l649:
  4601     1AF7  3001               	movlw	1
  4602     1AF8  02F4               	subwf	___lbmod@counter,f
  4603     1AF9  1D03               	btfss	3,2
  4604     1AFA  2AE2               	goto	l3003
  4605     1AFB  0875               	movf	___lbmod@rem,w
  4606     1AFC  0008               	return
  4607     1AFD                     __end_of___lbmod:
  4608                           
  4609                           	psect	text11
  4610     1ABF                     __ptext11:	
  4611 ;; *************** function ___lbdiv *****************
  4612 ;; Defined at:
  4613 ;;		line 4 in file "C:\Program Files\Microchip\xc8\v3.10\pic\sources\c99\common\lbdiv.c"
  4614 ;; Parameters:    Size  Location     Type
  4615 ;;  dividend        1    wreg     unsigned char 
  4616 ;;  divisor         1    0[COMMON] unsigned char 
  4617 ;; Auto vars:     Size  Location     Type
  4618 ;;  dividend        1    1[COMMON] unsigned char 
  4619 ;;  quotient        1    3[COMMON] unsigned char 
  4620 ;;  counter         1    2[COMMON] unsigned char 
  4621 ;; Return value:  Size  Location     Type
  4622 ;;                  1    wreg      unsigned char 
  4623 ;; Registers used:
  4624 ;;		wreg, status,2, status,0
  4625 ;; Tracked objects:
  4626 ;;		On entry : 200/100
  4627 ;;		On exit  : 200/0
  4628 ;;		Unchanged: 200/0
  4629 ;; Data sizes:     COMMON   BANK0   BANK1   BANK3   BANK2
  4630 ;;      Params:         1       0       0       0       0
  4631 ;;      Locals:         3       0       0       0       0
  4632 ;;      Temps:          0       0       0       0       0
  4633 ;;      Totals:         4       0       0       0       0
  4634 ;;Total ram usage:        4 bytes
  4635 ;; Hardware stack levels used: 1
  4636 ;; This function calls:
  4637 ;;		Nothing
  4638 ;; This function is called by:
  4639 ;;		_p2
  4640 ;;		_main
  4641 ;; This function uses a non-reentrant model
  4642 ;;
  4643                           
  4644     1ABF                     ___lbdiv:	
  4645                           ;psect for function ___lbdiv
  4646                           
  4647                           
  4648                           ;incstack = 0
  4649                           ; Regs used in ___lbdiv: [wreg+status,2+status,0]
  4650                           ;___lbdiv@dividend stored from wreg
  4651     1ABF  00F1               	movwf	___lbdiv@dividend
  4652     1AC0  01F3               	clrf	___lbdiv@quotient
  4653     1AC1  0870               	movf	___lbdiv@divisor,w
  4654     1AC2  1903               	btfsc	3,2
  4655     1AC3  2ADC               	goto	l2995
  4656     1AC4  3001               	movlw	1
  4657     1AC5  00F2               	movwf	___lbdiv@counter
  4658     1AC6                     l2983:
  4659     1AC6  1BF0               	btfsc	___lbdiv@divisor,7
  4660     1AC7  2ACD               	goto	l2985
  4661     1AC8  1003               	clrc
  4662     1AC9  0DF0               	rlf	___lbdiv@divisor,f
  4663     1ACA  3001               	movlw	1
  4664     1ACB  07F2               	addwf	___lbdiv@counter,f
  4665     1ACC  2AC6               	goto	l2983
  4666     1ACD                     l2985:
  4667     1ACD  1003               	clrc
  4668     1ACE  0DF3               	rlf	___lbdiv@quotient,f
  4669     1ACF  0870               	movf	___lbdiv@divisor,w
  4670     1AD0  0271               	subwf	___lbdiv@dividend,w
  4671     1AD1  1C03               	skipc
  4672     1AD2  2AD7               	goto	L3
  4673     1AD3  0870               	movf	___lbdiv@divisor,w
  4674     1AD4  02F1               	subwf	___lbdiv@dividend,f
  4675     1AD5  1473               	bsf	___lbdiv@quotient,0
  4676     1AD6  1003               	clrc
  4677     1AD7                     L3:
  4678     1AD7  0CF0               	rrf	___lbdiv@divisor,f
  4679     1AD8  3001               	movlw	1
  4680     1AD9  02F2               	subwf	___lbdiv@counter,f
  4681     1ADA  1D03               	btfss	3,2
  4682     1ADB  2ACD               	goto	l2985
  4683     1ADC                     l2995:
  4684     1ADC  0873               	movf	___lbdiv@quotient,w
  4685     1ADD  0008               	return
  4686     1ADE                     __end_of___lbdiv:
  4687                           
  4688                           	psect	text12
  4689     1BA5                     __ptext12:	
  4690 ;; *************** function _Lcd_Write_String *****************
  4691 ;; Defined at:
  4692 ;;		line 82 in file "LCD.c"
  4693 ;; Parameters:    Size  Location     Type
  4694 ;;  a               1    3[BANK0 ] PTR const unsigned char 
  4695 ;;		 -> STR_21(15), STR_18(15), STR_15(15), STR_14(11), 
  4696 ;;		 -> STR_13(13), STR_12(8), STR_11(4), STR_10(5), 
  4697 ;;		 -> STR_9(4), STR_8(5), STR_7(5), STR_6(6), 
  4698 ;;		 -> STR_5(5), STR_4(5), STR_3(5), STR_2(3), 
  4699 ;;		 -> STR_1(2), 
  4700 ;; Auto vars:     Size  Location     Type
  4701 ;;  i               2    4[BANK0 ] int 
  4702 ;; Return value:  Size  Location     Type
  4703 ;;                  1    wreg      void 
  4704 ;; Registers used:
  4705 ;;		wreg, fsr0l, fsr0h, status,2, status,0, pclath, cstack
  4706 ;; Tracked objects:
  4707 ;;		On entry : 300/0
  4708 ;;		On exit  : 300/0
  4709 ;;		Unchanged: 0/0
  4710 ;; Data sizes:     COMMON   BANK0   BANK1   BANK3   BANK2
  4711 ;;      Params:         0       1       0       0       0
  4712 ;;      Locals:         0       2       0       0       0
  4713 ;;      Temps:          0       0       0       0       0
  4714 ;;      Totals:         0       3       0       0       0
  4715 ;;Total ram usage:        3 bytes
  4716 ;; Hardware stack levels used: 1
  4717 ;; This function calls:
  4718 ;;		_Lcd_Write_Char
  4719 ;; This function is called by:
  4720 ;;		_display_main_screen
  4721 ;;		_display_stats_screen
  4722 ;;		_display_quartiles_screen
  4723 ;;		_main
  4724 ;; This function uses a non-reentrant model
  4725 ;;
  4726                           
  4727     1BA5                     _Lcd_Write_String:	
  4728                           ;psect for function _Lcd_Write_String
  4729                           
  4730                           
  4731                           ;LCD.c: 83:     int i;;LCD.c: 84:     for(i = 0; a[i] != '\0'; i++)
  4732                           
  4733                           ;incstack = 0
  4734                           ; Regs used in _Lcd_Write_String: [wreg-fsr0h+status,2+status,0+pclath+cstack]
  4735     1BA5  01A4               	clrf	Lcd_Write_String@i
  4736     1BA6  01A5               	clrf	Lcd_Write_String@i+1
  4737     1BA7                     l3463:
  4738     1BA7  0824               	movf	Lcd_Write_String@i,w
  4739     1BA8  0723               	addwf	Lcd_Write_String@a,w
  4740     1BA9  0084               	movwf	4
  4741     1BAA  160A  118A  200A  160A  158A  	fcall	stringdir
  4742     1BAF  3A00               	xorlw	0
  4743     1BB0  1903               	btfsc	3,2
  4744     1BB1  0008               	return
  4745                           
  4746                           ;LCD.c: 85:         Lcd_Write_Char(a[i]);
  4747     1BB2  0824               	movf	Lcd_Write_String@i,w
  4748     1BB3  0723               	addwf	Lcd_Write_String@a,w
  4749     1BB4  0084               	movwf	4
  4750     1BB5  160A  118A  200A  160A  158A  	fcall	stringdir
  4751     1BBA  160A  158A  2487  160A  158A  	fcall	_Lcd_Write_Char
  4752     1BBF  3001               	movlw	1
  4753     1BC0  1283               	bcf	3,5	;RP0=0, select bank0
  4754     1BC1  1303               	bcf	3,6	;RP1=0, select bank0
  4755     1BC2  07A4               	addwf	Lcd_Write_String@i,f
  4756     1BC3  1803               	skipnc
  4757     1BC4  0AA5               	incf	Lcd_Write_String@i+1,f
  4758     1BC5  3000               	movlw	0
  4759     1BC6  07A5               	addwf	Lcd_Write_String@i+1,f
  4760     1BC7  2BA7               	goto	l3463
  4761     1BC8                     __end_of_Lcd_Write_String:
  4762                           
  4763                           	psect	text13
  4764     1C87                     __ptext13:	
  4765 ;; *************** function _Lcd_Write_Char *****************
  4766 ;; Defined at:
  4767 ;;		line 66 in file "LCD.c"
  4768 ;; Parameters:    Size  Location     Type
  4769 ;;  a               1    wreg     unsigned char 
  4770 ;; Auto vars:     Size  Location     Type
  4771 ;;  a               1    2[BANK0 ] unsigned char 
  4772 ;;  y               1    1[BANK0 ] unsigned char 
  4773 ;;  temp            1    0[BANK0 ] unsigned char 
  4774 ;; Return value:  Size  Location     Type
  4775 ;;                  1    wreg      void 
  4776 ;; Registers used:
  4777 ;;		wreg, status,2, status,0, pclath, cstack
  4778 ;; Tracked objects:
  4779 ;;		On entry : 0/900
  4780 ;;		On exit  : 0/0
  4781 ;;		Unchanged: 0/0
  4782 ;; Data sizes:     COMMON   BANK0   BANK1   BANK3   BANK2
  4783 ;;      Params:         0       0       0       0       0
  4784 ;;      Locals:         0       3       0       0       0
  4785 ;;      Temps:          2       0       0       0       0
  4786 ;;      Totals:         2       3       0       0       0
  4787 ;;Total ram usage:        5 bytes
  4788 ;; Hardware stack levels used: 1
  4789 ;; This function calls:
  4790 ;;		_Lcd_Port
  4791 ;; This function is called by:
  4792 ;;		_p2
  4793 ;;		_pf
  4794 ;;		_display_main_screen
  4795 ;;		_display_stats_screen
  4796 ;;		_main
  4797 ;;		_Lcd_Write_String
  4798 ;; This function uses a non-reentrant model
  4799 ;;
  4800                           
  4801     1C87                     _Lcd_Write_Char:	
  4802                           ;psect for function _Lcd_Write_Char
  4803                           
  4804                           
  4805                           ;incstack = 0
  4806                           ; Regs used in _Lcd_Write_Char: [wreg+status,2+status,0+pclath+cstack]
  4807                           ;Lcd_Write_Char@a stored from wreg
  4808     1C87  1283               	bcf	3,5	;RP0=0, select bank0
  4809     1C88  1303               	bcf	3,6	;RP1=0, select bank0
  4810     1C89  00A2               	movwf	Lcd_Write_Char@a
  4811                           
  4812                           ;LCD.c: 67:     char temp, y;;LCD.c: 68:     temp = a & 0x0F;
  4813     1C8A  0822               	movf	Lcd_Write_Char@a,w
  4814     1C8B  00A0               	movwf	Lcd_Write_Char@temp
  4815     1C8C  300F               	movlw	15
  4816     1C8D  05A0               	andwf	Lcd_Write_Char@temp,f
  4817                           
  4818                           ;LCD.c: 69:     y = a & 0xF0;
  4819     1C8E  0822               	movf	Lcd_Write_Char@a,w
  4820     1C8F  00A1               	movwf	Lcd_Write_Char@y
  4821     1C90  30F0               	movlw	240
  4822     1C91  05A1               	andwf	Lcd_Write_Char@y,f
  4823                           
  4824                           ;LCD.c: 70:     PORTDbits.RD2 = 1;
  4825     1C92  1508               	bsf	8,2	;volatile
  4826                           
  4827                           ;LCD.c: 71:     Lcd_Port(y >> 4);
  4828     1C93  0821               	movf	Lcd_Write_Char@y,w
  4829     1C94  00FC               	movwf	??_Lcd_Write_Char
  4830     1C95  3004               	movlw	4
  4831     1C96                     u3155:
  4832     1C96  1003               	clrc
  4833     1C97  0CFC               	rrf	??_Lcd_Write_Char,f
  4834     1C98  3EFF               	addlw	-1
  4835     1C99  1D03               	skipz
  4836     1C9A  2C96               	goto	u3155
  4837     1C9B  087C               	movf	??_Lcd_Write_Char,w
  4838     1C9C  160A  158A  225C  160A  158A  	fcall	_Lcd_Port
  4839                           
  4840                           ;LCD.c: 72:     PORTDbits.RD3 = 1;
  4841     1CA1  1588               	bsf	8,3	;volatile
  4842                           
  4843                           ;LCD.c: 73:     _delay((unsigned long)((40)*(20000000/4000000.0)));
  4844     1CA2  3042               	movlw	66
  4845     1CA3  00FC               	movwf	??_Lcd_Write_Char
  4846     1CA4                     u6217:
  4847     1CA4  0BFC               	decfsz	??_Lcd_Write_Char,f
  4848     1CA5  2CA4               	goto	u6217
  4849     1CA6  0000               	nop
  4850                           
  4851                           ;LCD.c: 74:     PORTDbits.RD3 = 0;
  4852     1CA7  1283               	bcf	3,5	;RP0=0, select bank0
  4853     1CA8  1303               	bcf	3,6	;RP1=0, select bank0
  4854     1CA9  1188               	bcf	8,3	;volatile
  4855                           
  4856                           ;LCD.c: 75:     Lcd_Port(temp);
  4857     1CAA  0820               	movf	Lcd_Write_Char@temp,w
  4858     1CAB  160A  158A  225C  160A  158A  	fcall	_Lcd_Port
  4859                           
  4860                           ;LCD.c: 76:     PORTDbits.RD3 = 1;
  4861     1CB0  1588               	bsf	8,3	;volatile
  4862                           
  4863                           ;LCD.c: 77:     _delay((unsigned long)((40)*(20000000/4000000.0)));
  4864     1CB1  3042               	movlw	66
  4865     1CB2  00FC               	movwf	??_Lcd_Write_Char
  4866     1CB3                     u6227:
  4867     1CB3  0BFC               	decfsz	??_Lcd_Write_Char,f
  4868     1CB4  2CB3               	goto	u6227
  4869     1CB5  0000               	nop
  4870                           
  4871                           ;LCD.c: 78:     PORTDbits.RD3 = 0;
  4872     1CB6  1283               	bcf	3,5	;RP0=0, select bank0
  4873     1CB7  1303               	bcf	3,6	;RP1=0, select bank0
  4874     1CB8  1188               	bcf	8,3	;volatile
  4875                           
  4876                           ;LCD.c: 79:     _delay((unsigned long)((2)*(20000000/4000.0)));
  4877     1CB9  300D               	movlw	13
  4878     1CBA  00FD               	movwf	??_Lcd_Write_Char+1
  4879     1CBB  30FB               	movlw	251
  4880     1CBC  00FC               	movwf	??_Lcd_Write_Char
  4881     1CBD                     u6237:
  4882     1CBD  0BFC               	decfsz	??_Lcd_Write_Char,f
  4883     1CBE  2CBD               	goto	u6237
  4884     1CBF  0BFD               	decfsz	??_Lcd_Write_Char+1,f
  4885     1CC0  2CBD               	goto	u6237
  4886     1CC1  2CC2               	nop2
  4887     1CC2  0008               	return
  4888     1CC3                     __end_of_Lcd_Write_Char:
  4889                           
  4890                           	psect	text14
  4891     1B82                     __ptext14:	
  4892 ;; *************** function _Lcd_Set_Cursor *****************
  4893 ;; Defined at:
  4894 ;;		line 25 in file "LCD.c"
  4895 ;; Parameters:    Size  Location     Type
  4896 ;;  a               1    wreg     unsigned char 
  4897 ;;  b               1    4[COMMON] unsigned char 
  4898 ;; Auto vars:     Size  Location     Type
  4899 ;;  a               1    6[COMMON] unsigned char 
  4900 ;;  temp            1    9[COMMON] unsigned char 
  4901 ;;  y               1    8[COMMON] unsigned char 
  4902 ;;  z               1    7[COMMON] unsigned char 
  4903 ;; Return value:  Size  Location     Type
  4904 ;;                  1    wreg      void 
  4905 ;; Registers used:
  4906 ;;		wreg, status,2, status,0, pclath, cstack
  4907 ;; Tracked objects:
  4908 ;;		On entry : 0/100
  4909 ;;		On exit  : 0/0
  4910 ;;		Unchanged: 0/0
  4911 ;; Data sizes:     COMMON   BANK0   BANK1   BANK3   BANK2
  4912 ;;      Params:         1       0       0       0       0
  4913 ;;      Locals:         4       0       0       0       0
  4914 ;;      Temps:          1       0       0       0       0
  4915 ;;      Totals:         6       0       0       0       0
  4916 ;;Total ram usage:        6 bytes
  4917 ;; Hardware stack levels used: 1
  4918 ;; This function calls:
  4919 ;;		_Lcd_Cmd
  4920 ;; This function is called by:
  4921 ;;		_display_main_screen
  4922 ;;		_display_stats_screen
  4923 ;;		_display_quartiles_screen
  4924 ;;		_main
  4925 ;; This function uses a non-reentrant model
  4926 ;;
  4927                           
  4928     1B82                     _Lcd_Set_Cursor:	
  4929                           ;psect for function _Lcd_Set_Cursor
  4930                           
  4931                           
  4932                           ;incstack = 0
  4933                           ; Regs used in _Lcd_Set_Cursor: [wreg+status,2+status,0+pclath+cstack]
  4934                           ;Lcd_Set_Cursor@a stored from wreg
  4935     1B82  00F6               	movwf	Lcd_Set_Cursor@a
  4936                           
  4937                           ;LCD.c: 26:     char temp, z, y;;LCD.c: 27:     if(a == 1) {
  4938     1B83  0376               	decf	Lcd_Set_Cursor@a,w
  4939     1B84  1D03               	btfss	3,2
  4940     1B85  2B89               	goto	l3447
  4941                           
  4942                           ;LCD.c: 28:         temp = 0x80 + b - 1;
  4943     1B86  0874               	movf	Lcd_Set_Cursor@b,w
  4944     1B87  3E7F               	addlw	127
  4945     1B88  2B8B               	goto	L4
  4946     1B89                     l3447:	
  4947                           ;LCD.c: 29:     } else {
  4948                           
  4949                           
  4950                           ;LCD.c: 30:         temp = 0xC0 + b - 1;
  4951     1B89  0874               	movf	Lcd_Set_Cursor@b,w
  4952     1B8A  3EBF               	addlw	191
  4953     1B8B                     L4:
  4954     1B8B  00F9               	movwf	Lcd_Set_Cursor@temp
  4955                           
  4956                           ;LCD.c: 32:     z = temp >> 4;
  4957                           
  4958                           ;LCD.c: 31:     }
  4959     1B8C  0879               	movf	Lcd_Set_Cursor@temp,w
  4960     1B8D  00F5               	movwf	??_Lcd_Set_Cursor
  4961     1B8E  3004               	movlw	4
  4962     1B8F                     u4555:
  4963     1B8F  1003               	clrc
  4964     1B90  0CF5               	rrf	??_Lcd_Set_Cursor,f
  4965     1B91  3EFF               	addlw	-1
  4966     1B92  1D03               	skipz
  4967     1B93  2B8F               	goto	u4555
  4968     1B94  0875               	movf	??_Lcd_Set_Cursor,w
  4969     1B95  00F7               	movwf	Lcd_Set_Cursor@z
  4970                           
  4971                           ;LCD.c: 33:     y = temp & 0x0F;
  4972     1B96  0879               	movf	Lcd_Set_Cursor@temp,w
  4973     1B97  00F8               	movwf	Lcd_Set_Cursor@y
  4974     1B98  300F               	movlw	15
  4975     1B99  05F8               	andwf	Lcd_Set_Cursor@y,f
  4976                           
  4977                           ;LCD.c: 34:     Lcd_Cmd(z);
  4978     1B9A  0877               	movf	Lcd_Set_Cursor@z,w
  4979     1B9B  160A  158A  231D  160A  158A  	fcall	_Lcd_Cmd
  4980                           
  4981                           ;LCD.c: 35:     Lcd_Cmd(y);
  4982     1BA0  0878               	movf	Lcd_Set_Cursor@y,w
  4983     1BA1  160A  158A  231D   	fcall	_Lcd_Cmd
  4984     1BA4  0008               	return
  4985     1BA5                     __end_of_Lcd_Set_Cursor:
  4986                           
  4987                           	psect	text15
  4988     0055                     __ptext15:	
  4989 ;; *************** function _calculate_temp_stats *****************
  4990 ;; Defined at:
  4991 ;;		line 100 in file "main.c"
  4992 ;; Parameters:    Size  Location     Type
  4993 ;;		None
  4994 ;; Auto vars:     Size  Location     Type
  4995 ;;  sorted         24    0[BANK1 ] float [6]
  4996 ;;  sum             4   26[BANK1 ] float 
  4997 ;;  i               1   31[BANK1 ] unsigned char 
  4998 ;;  n               1   30[BANK1 ] unsigned char 
  4999 ;; Return value:  Size  Location     Type
  5000 ;;                  1    wreg      void 
  5001 ;; Registers used:
  5002 ;;		wreg, fsr0l, fsr0h, status,2, status,0, pclath, btemp1, cstack
  5003 ;; Tracked objects:
  5004 ;;		On entry : 300/100
  5005 ;;		On exit  : 100/100
  5006 ;;		Unchanged: 0/0
  5007 ;; Data sizes:     COMMON   BANK0   BANK1   BANK3   BANK2
  5008 ;;      Params:         0       0       0       0       0
  5009 ;;      Locals:         0       0      32       0       0
  5010 ;;      Temps:          0       6       0       0       0
  5011 ;;      Totals:         0       6      32       0       0
  5012 ;;Total ram usage:       38 bytes
  5013 ;; Hardware stack levels used: 1
  5014 ;; Hardware stack levels required when called: 2
  5015 ;; This function calls:
  5016 ;;		___awdiv
  5017 ;;		___fladd
  5018 ;;		___fldiv
  5019 ;;		___flge
  5020 ;;		___wmul
  5021 ;;		___xxtofl
  5022 ;;		_sort_temps
  5023 ;; This function is called by:
  5024 ;;		_main
  5025 ;; This function uses a non-reentrant model
  5026 ;;
  5027                           
  5028     0055                     _calculate_temp_stats:	
  5029                           ;psect for function _calculate_temp_stats
  5030                           
  5031                           
  5032                           ;main.c: 101:     uint8_t n = temp_buffer_full ? 6 : temp_buffer_idx;
  5033                           
  5034                           ;incstack = 0
  5035                           ; Regs used in _calculate_temp_stats: [wreg-fsr0h+status,2+status,0+pclath+btemp1+cstack
      +                          ]
  5036     0055  0867               	movf	_temp_buffer_full^(0+128),w
  5037     0056  1D03               	btfss	3,2
  5038     0057  2864               	goto	l3967
  5039     0058  0868               	movf	_temp_buffer_idx^(0+128),w
  5040     0059  1283               	bcf	3,5	;RP0=0, select bank0
  5041     005A  00E8               	movwf	??_calculate_temp_stats
  5042     005B  01E9               	clrf	??_calculate_temp_stats+1
  5043     005C  0868               	movf	??_calculate_temp_stats,w
  5044     005D  1683               	bsf	3,5	;RP0=1, select bank1
  5045     005E  00B8               	movwf	_calculate_temp_stats$237^(0+128)
  5046     005F  1283               	bcf	3,5	;RP0=0, select bank0
  5047     0060  0869               	movf	??_calculate_temp_stats+1,w
  5048     0061  1683               	bsf	3,5	;RP0=1, select bank1
  5049     0062  00B9               	movwf	(_calculate_temp_stats$237+1)^(0+128)
  5050     0063  2868               	goto	l103
  5051     0064                     l3967:
  5052     0064  3006               	movlw	6
  5053     0065  00B8               	movwf	_calculate_temp_stats$237^(0+128)
  5054     0066  3000               	movlw	0
  5055     0067  00B9               	movwf	(_calculate_temp_stats$237^(0+128)+1)
  5056     0068                     l103:
  5057     0068  0838               	movf	_calculate_temp_stats$237^(0+128),w
  5058     0069  00BE               	movwf	calculate_temp_stats@n^(0+128)
  5059                           
  5060                           ;main.c: 102:     uint8_t i;;main.c: 103:     float sum = 0;
  5061     006A  3000               	movlw	0
  5062     006B  00BD               	movwf	(calculate_temp_stats@sum+3)^(0+128)
  5063     006C  3000               	movlw	0
  5064     006D  00BC               	movwf	(calculate_temp_stats@sum+2)^(0+128)
  5065     006E  3000               	movlw	0
  5066     006F  00BB               	movwf	(calculate_temp_stats@sum+1)^(0+128)
  5067     0070  3000               	movlw	0
  5068     0071  00BA               	movwf	calculate_temp_stats@sum^(0+128)
  5069                           
  5070                           ;main.c: 104:     float sorted[6];;main.c: 106:     if(n == 0) return;
  5071     0072  083E               	movf	calculate_temp_stats@n^(0+128),w
  5072     0073  1903               	btfsc	3,2
  5073     0074  0008               	return
  5074                           
  5075                           ;main.c: 108:     temp_stats.count = n;
  5076     0075  083E               	movf	calculate_temp_stats@n^(0+128),w
  5077     0076  1703               	bsf	3,6	;RP1=1, select bank3
  5078     0077  0090               	movwf	_temp_stats^(0+384)
  5079                           
  5080                           ;main.c: 109:     temp_stats.min = temp_buffer[0];
  5081     0078  0830               	movf	(_temp_buffer+3)^(0+384),w
  5082     0079  009C               	movwf	((_temp_stats+3)^(0+384)+9)
  5083     007A  082F               	movf	(_temp_buffer+2)^(0+384),w
  5084     007B  009B               	movwf	((_temp_stats+2)^(0+384)+9)
  5085     007C  082E               	movf	(_temp_buffer+1)^(0+384),w
  5086     007D  009A               	movwf	((_temp_stats+1)^(0+384)+9)
  5087     007E  082D               	movf	_temp_buffer^(0+384),w
  5088     007F  0099               	movwf	(_temp_stats^(0+384)+9)
  5089                           
  5090                           ;main.c: 110:     temp_stats.max = temp_buffer[0];
  5091     0080  0830               	movf	(_temp_buffer+3)^(0+384),w
  5092     0081  00AC               	movwf	((_temp_stats+3)^(0+384)+25)
  5093     0082  082F               	movf	(_temp_buffer+2)^(0+384),w
  5094     0083  00AB               	movwf	((_temp_stats+2)^(0+384)+25)
  5095     0084  082E               	movf	(_temp_buffer+1)^(0+384),w
  5096     0085  00AA               	movwf	((_temp_stats+1)^(0+384)+25)
  5097     0086  082D               	movf	_temp_buffer^(0+384),w
  5098     0087  00A9               	movwf	(_temp_stats^(0+384)+25)
  5099                           
  5100                           ;main.c: 113:     for(i = 0; i < n; i++) {
  5101     0088  1303               	bcf	3,6	;RP1=0, select bank1
  5102     0089  01BF               	clrf	calculate_temp_stats@i^(0+128)
  5103     008A                     l3991:
  5104     008A  083E               	movf	calculate_temp_stats@n^(0+128),w
  5105     008B  023F               	subwf	calculate_temp_stats@i^(0+128),w
  5106     008C  1803               	btfsc	3,0
  5107     008D  29A7               	goto	l3993
  5108                           
  5109                           ;main.c: 114:         sorted[i] = temp_buffer[i];
  5110     008E  083F               	movf	calculate_temp_stats@i^(0+128),w
  5111     008F  1283               	bcf	3,5	;RP0=0, select bank0
  5112     0090  00E8               	movwf	??_calculate_temp_stats
  5113     0091  3001               	movlw	1
  5114     0092                     u5485:
  5115     0092  1003               	clrc
  5116     0093  0DE8               	rlf	??_calculate_temp_stats,f
  5117     0094  3EFF               	addlw	-1
  5118     0095  1D03               	skipz
  5119     0096  2892               	goto	u5485
  5120     0097  1003               	clrc
  5121     0098  0D68               	rlf	??_calculate_temp_stats,w
  5122     0099  3EAD               	addlw	(low (_temp_buffer| (0+256)))& (0+255)
  5123     009A  0084               	movwf	4
  5124     009B  1783               	bsf	3,7	;select IRP bank3
  5125     009C  0800               	movf	0,w
  5126     009D  00E9               	movwf	??_calculate_temp_stats+1
  5127     009E  0A84               	incf	4,f
  5128     009F  0800               	movf	0,w
  5129     00A0  00EA               	movwf	??_calculate_temp_stats+2
  5130     00A1  0A84               	incf	4,f
  5131     00A2  0800               	movf	0,w
  5132     00A3  00EB               	movwf	??_calculate_temp_stats+3
  5133     00A4  0A84               	incf	4,f
  5134     00A5  0800               	movf	0,w
  5135     00A6  00EC               	movwf	??_calculate_temp_stats+4
  5136     00A7  1683               	bsf	3,5	;RP0=1, select bank1
  5137     00A8  083F               	movf	calculate_temp_stats@i^(0+128),w
  5138     00A9  1283               	bcf	3,5	;RP0=0, select bank0
  5139     00AA  00ED               	movwf	??_calculate_temp_stats+5
  5140     00AB  3001               	movlw	1
  5141     00AC                     u5495:
  5142     00AC  1003               	clrc
  5143     00AD  0DED               	rlf	??_calculate_temp_stats+5,f
  5144     00AE  3EFF               	addlw	-1
  5145     00AF  1D03               	skipz
  5146     00B0  28AC               	goto	u5495
  5147     00B1  1003               	clrc
  5148     00B2  0D6D               	rlf	??_calculate_temp_stats+5,w
  5149     00B3  3EA0               	addlw	(low (calculate_temp_stats@sorted| 0))& (0+255)
  5150     00B4  0084               	movwf	4
  5151     00B5  0869               	movf	??_calculate_temp_stats+1,w
  5152     00B6  1383               	bcf	3,7	;select IRP bank1
  5153     00B7  0080               	movwf	0
  5154     00B8  0A84               	incf	4,f
  5155     00B9  086A               	movf	??_calculate_temp_stats+2,w
  5156     00BA  0080               	movwf	0
  5157     00BB  0A84               	incf	4,f
  5158     00BC  086B               	movf	??_calculate_temp_stats+3,w
  5159     00BD  0080               	movwf	0
  5160     00BE  0A84               	incf	4,f
  5161     00BF  086C               	movf	??_calculate_temp_stats+4,w
  5162     00C0  0080               	movwf	0
  5163                           
  5164                           ;main.c: 115:         sum += temp_buffer[i];
  5165     00C1  1683               	bsf	3,5	;RP0=1, select bank1
  5166     00C2  083F               	movf	calculate_temp_stats@i^(0+128),w
  5167     00C3  1283               	bcf	3,5	;RP0=0, select bank0
  5168     00C4  00E8               	movwf	??_calculate_temp_stats
  5169     00C5  3001               	movlw	1
  5170     00C6                     u5505:
  5171     00C6  1003               	clrc
  5172     00C7  0DE8               	rlf	??_calculate_temp_stats,f
  5173     00C8  3EFF               	addlw	-1
  5174     00C9  1D03               	skipz
  5175     00CA  28C6               	goto	u5505
  5176     00CB  1003               	clrc
  5177     00CC  0D68               	rlf	??_calculate_temp_stats,w
  5178     00CD  3EAD               	addlw	(low (_temp_buffer| (0+256)))& (0+255)
  5179     00CE  0084               	movwf	4
  5180     00CF  1783               	bsf	3,7	;select IRP bank3
  5181     00D0  0800               	movf	0,w
  5182     00D1  00D4               	movwf	___fladd@b
  5183     00D2  0A84               	incf	4,f
  5184     00D3  0800               	movf	0,w
  5185     00D4  00D5               	movwf	___fladd@b+1
  5186     00D5  0A84               	incf	4,f
  5187     00D6  0800               	movf	0,w
  5188     00D7  00D6               	movwf	___fladd@b+2
  5189     00D8  0A84               	incf	4,f
  5190     00D9  0800               	movf	0,w
  5191     00DA  00D7               	movwf	___fladd@b+3
  5192     00DB  1683               	bsf	3,5	;RP0=1, select bank1
  5193     00DC  083D               	movf	(calculate_temp_stats@sum+3)^(0+128),w
  5194     00DD  1283               	bcf	3,5	;RP0=0, select bank0
  5195     00DE  00DB               	movwf	___fladd@a+3
  5196     00DF  1683               	bsf	3,5	;RP0=1, select bank1
  5197     00E0  083C               	movf	(calculate_temp_stats@sum+2)^(0+128),w
  5198     00E1  1283               	bcf	3,5	;RP0=0, select bank0
  5199     00E2  00DA               	movwf	___fladd@a+2
  5200     00E3  1683               	bsf	3,5	;RP0=1, select bank1
  5201     00E4  083B               	movf	(calculate_temp_stats@sum+1)^(0+128),w
  5202     00E5  1283               	bcf	3,5	;RP0=0, select bank0
  5203     00E6  00D9               	movwf	___fladd@a+1
  5204     00E7  1683               	bsf	3,5	;RP0=1, select bank1
  5205     00E8  083A               	movf	calculate_temp_stats@sum^(0+128),w
  5206     00E9  1283               	bcf	3,5	;RP0=0, select bank0
  5207     00EA  00D8               	movwf	___fladd@a
  5208     00EB  120A  158A  2334  120A  118A  	fcall	___fladd
  5209     00F0  0857               	movf	?___fladd+3,w
  5210     00F1  1683               	bsf	3,5	;RP0=1, select bank1
  5211     00F2  00BD               	movwf	(calculate_temp_stats@sum+3)^(0+128)
  5212     00F3  1283               	bcf	3,5	;RP0=0, select bank0
  5213     00F4  0856               	movf	?___fladd+2,w
  5214     00F5  1683               	bsf	3,5	;RP0=1, select bank1
  5215     00F6  00BC               	movwf	(calculate_temp_stats@sum+2)^(0+128)
  5216     00F7  1283               	bcf	3,5	;RP0=0, select bank0
  5217     00F8  0855               	movf	?___fladd+1,w
  5218     00F9  1683               	bsf	3,5	;RP0=1, select bank1
  5219     00FA  00BB               	movwf	(calculate_temp_stats@sum+1)^(0+128)
  5220     00FB  1283               	bcf	3,5	;RP0=0, select bank0
  5221     00FC  0854               	movf	?___fladd,w
  5222     00FD  1683               	bsf	3,5	;RP0=1, select bank1
  5223     00FE  00BA               	movwf	calculate_temp_stats@sum^(0+128)
  5224                           
  5225                           ;main.c: 116:         if(temp_buffer[i] < temp_stats.min) temp_stats.min = temp_buffer[i
      +                          ];
  5226     00FF  083F               	movf	calculate_temp_stats@i^(0+128),w
  5227     0100  1283               	bcf	3,5	;RP0=0, select bank0
  5228     0101  00E8               	movwf	??_calculate_temp_stats
  5229     0102  3001               	movlw	1
  5230     0103                     u5515:
  5231     0103  1003               	clrc
  5232     0104  0DE8               	rlf	??_calculate_temp_stats,f
  5233     0105  3EFF               	addlw	-1
  5234     0106  1D03               	skipz
  5235     0107  2903               	goto	u5515
  5236     0108  1003               	clrc
  5237     0109  0D68               	rlf	??_calculate_temp_stats,w
  5238     010A  3EAD               	addlw	(low (_temp_buffer| (0+256)))& (0+255)
  5239     010B  0084               	movwf	4
  5240     010C  1783               	bsf	3,7	;select IRP bank3
  5241     010D  0800               	movf	0,w
  5242     010E  00F0               	movwf	___flge@ff1
  5243     010F  0A84               	incf	4,f
  5244     0110  0800               	movf	0,w
  5245     0111  00F1               	movwf	___flge@ff1+1
  5246     0112  0A84               	incf	4,f
  5247     0113  0800               	movf	0,w
  5248     0114  00F2               	movwf	___flge@ff1+2
  5249     0115  0A84               	incf	4,f
  5250     0116  0800               	movf	0,w
  5251     0117  00F3               	movwf	___flge@ff1+3
  5252     0118  3099               	movlw	low (_temp_stats+9)
  5253     0119  00E9               	movwf	??_calculate_temp_stats+1
  5254     011A  3001               	movlw	high (_temp_stats+9)
  5255     011B  00EA               	movwf	??_calculate_temp_stats+2
  5256     011C  0869               	movf	??_calculate_temp_stats+1,w
  5257     011D  0084               	movwf	4
  5258     011E  1783               	bsf	3,7
  5259     011F  1C6A               	btfss	??_calculate_temp_stats+2,0
  5260     0120  1383               	bcf	3,7
  5261     0121  0800               	movf	0,w
  5262     0122  00F4               	movwf	___flge@ff2
  5263     0123  0A84               	incf	4,f
  5264     0124  0800               	movf	0,w
  5265     0125  00F5               	movwf	___flge@ff2+1
  5266     0126  0A84               	incf	4,f
  5267     0127  0800               	movf	0,w
  5268     0128  00F6               	movwf	___flge@ff2+2
  5269     0129  0A84               	incf	4,f
  5270     012A  0800               	movf	0,w
  5271     012B  00F7               	movwf	___flge@ff2+3
  5272     012C  160A  118A  2143  120A  118A  	fcall	___flge
  5273     0131  1803               	btfsc	3,0
  5274     0132  294F               	goto	l3985
  5275     0133  1683               	bsf	3,5	;RP0=1, select bank1
  5276     0134  083F               	movf	calculate_temp_stats@i^(0+128),w
  5277     0135  1283               	bcf	3,5	;RP0=0, select bank0
  5278     0136  00E8               	movwf	??_calculate_temp_stats
  5279     0137  3001               	movlw	1
  5280     0138                     u5535:
  5281     0138  1003               	clrc
  5282     0139  0DE8               	rlf	??_calculate_temp_stats,f
  5283     013A  3EFF               	addlw	-1
  5284     013B  1D03               	skipz
  5285     013C  2938               	goto	u5535
  5286     013D  1003               	clrc
  5287     013E  0D68               	rlf	??_calculate_temp_stats,w
  5288     013F  3EAD               	addlw	(low (_temp_buffer| (0+256)))& (0+255)
  5289     0140  0084               	movwf	4
  5290     0141  1783               	bsf	3,7	;select IRP bank3
  5291     0142  0800               	movf	0,w
  5292     0143  1683               	bsf	3,5	;RP0=1, select bank3
  5293     0144  1703               	bsf	3,6	;RP1=1, select bank3
  5294     0145  0099               	movwf	(_temp_stats^(0+384)+9)
  5295     0146  0A84               	incf	4,f
  5296     0147  0800               	movf	0,w
  5297     0148  009A               	movwf	((_temp_stats+1)^(0+384)+9)
  5298     0149  0A84               	incf	4,f
  5299     014A  0800               	movf	0,w
  5300     014B  009B               	movwf	((_temp_stats+2)^(0+384)+9)
  5301     014C  0A84               	incf	4,f
  5302     014D  0800               	movf	0,w
  5303     014E  009C               	movwf	((_temp_stats+3)^(0+384)+9)
  5304     014F                     l3985:
  5305                           
  5306                           ;main.c: 117:         if(temp_buffer[i] > temp_stats.max) temp_stats.max = temp_buffer[i
      +                          ];
  5307     014F  30A9               	movlw	low (_temp_stats+25)
  5308     0150  1283               	bcf	3,5	;RP0=0, select bank0
  5309     0151  1303               	bcf	3,6	;RP1=0, select bank0
  5310     0152  00E8               	movwf	??_calculate_temp_stats
  5311     0153  3001               	movlw	high (_temp_stats+25)
  5312     0154  00E9               	movwf	??_calculate_temp_stats+1
  5313     0155  0868               	movf	??_calculate_temp_stats,w
  5314     0156  0084               	movwf	4
  5315     0157  1783               	bsf	3,7
  5316     0158  1C69               	btfss	??_calculate_temp_stats+1,0
  5317     0159  1383               	bcf	3,7
  5318     015A  0800               	movf	0,w
  5319     015B  00F0               	movwf	___flge@ff1
  5320     015C  0A84               	incf	4,f
  5321     015D  0800               	movf	0,w
  5322     015E  00F1               	movwf	___flge@ff1+1
  5323     015F  0A84               	incf	4,f
  5324     0160  0800               	movf	0,w
  5325     0161  00F2               	movwf	___flge@ff1+2
  5326     0162  0A84               	incf	4,f
  5327     0163  0800               	movf	0,w
  5328     0164  00F3               	movwf	___flge@ff1+3
  5329     0165  1683               	bsf	3,5	;RP0=1, select bank1
  5330     0166  083F               	movf	calculate_temp_stats@i^(0+128),w
  5331     0167  1283               	bcf	3,5	;RP0=0, select bank0
  5332     0168  00EA               	movwf	??_calculate_temp_stats+2
  5333     0169  3001               	movlw	1
  5334     016A                     u5545:
  5335     016A  1003               	clrc
  5336     016B  0DEA               	rlf	??_calculate_temp_stats+2,f
  5337     016C  3EFF               	addlw	-1
  5338     016D  1D03               	skipz
  5339     016E  296A               	goto	u5545
  5340     016F  1003               	clrc
  5341     0170  0D6A               	rlf	??_calculate_temp_stats+2,w
  5342     0171  3EAD               	addlw	(low (_temp_buffer| (0+256)))& (0+255)
  5343     0172  0084               	movwf	4
  5344     0173  1783               	bsf	3,7	;select IRP bank3
  5345     0174  0800               	movf	0,w
  5346     0175  00F4               	movwf	___flge@ff2
  5347     0176  0A84               	incf	4,f
  5348     0177  0800               	movf	0,w
  5349     0178  00F5               	movwf	___flge@ff2+1
  5350     0179  0A84               	incf	4,f
  5351     017A  0800               	movf	0,w
  5352     017B  00F6               	movwf	___flge@ff2+2
  5353     017C  0A84               	incf	4,f
  5354     017D  0800               	movf	0,w
  5355     017E  00F7               	movwf	___flge@ff2+3
  5356     017F  160A  118A  2143  120A  118A  	fcall	___flge
  5357     0184  1803               	btfsc	3,0
  5358     0185  29A2               	goto	l3989
  5359     0186  1683               	bsf	3,5	;RP0=1, select bank1
  5360     0187  083F               	movf	calculate_temp_stats@i^(0+128),w
  5361     0188  1283               	bcf	3,5	;RP0=0, select bank0
  5362     0189  00E8               	movwf	??_calculate_temp_stats
  5363     018A  3001               	movlw	1
  5364     018B                     u5565:
  5365     018B  1003               	clrc
  5366     018C  0DE8               	rlf	??_calculate_temp_stats,f
  5367     018D  3EFF               	addlw	-1
  5368     018E  1D03               	skipz
  5369     018F  298B               	goto	u5565
  5370     0190  1003               	clrc
  5371     0191  0D68               	rlf	??_calculate_temp_stats,w
  5372     0192  3EAD               	addlw	(low (_temp_buffer| (0+256)))& (0+255)
  5373     0193  0084               	movwf	4
  5374     0194  1783               	bsf	3,7	;select IRP bank3
  5375     0195  0800               	movf	0,w
  5376     0196  1683               	bsf	3,5	;RP0=1, select bank3
  5377     0197  1703               	bsf	3,6	;RP1=1, select bank3
  5378     0198  00A9               	movwf	(_temp_stats^(0+384)+25)
  5379     0199  0A84               	incf	4,f
  5380     019A  0800               	movf	0,w
  5381     019B  00AA               	movwf	((_temp_stats+1)^(0+384)+25)
  5382     019C  0A84               	incf	4,f
  5383     019D  0800               	movf	0,w
  5384     019E  00AB               	movwf	((_temp_stats+2)^(0+384)+25)
  5385     019F  0A84               	incf	4,f
  5386     01A0  0800               	movf	0,w
  5387     01A1  00AC               	movwf	((_temp_stats+3)^(0+384)+25)
  5388     01A2                     l3989:
  5389                           
  5390                           ;main.c: 118:     }
  5391     01A2  3001               	movlw	1
  5392     01A3  1683               	bsf	3,5	;RP0=1, select bank1
  5393     01A4  1303               	bcf	3,6	;RP1=0, select bank1
  5394     01A5  07BF               	addwf	calculate_temp_stats@i^(0+128),f
  5395     01A6  288A               	goto	l3991
  5396     01A7                     l3993:
  5397                           
  5398                           ;main.c: 121:     temp_stats.mean = sum / n;
  5399     01A7  083E               	movf	calculate_temp_stats@n^(0+128),w
  5400     01A8  1283               	bcf	3,5	;RP0=0, select bank0
  5401     01A9  00E8               	movwf	??_calculate_temp_stats
  5402     01AA  01E9               	clrf	??_calculate_temp_stats+1
  5403     01AB  01EA               	clrf	??_calculate_temp_stats+2
  5404     01AC  01EB               	clrf	??_calculate_temp_stats+3
  5405     01AD  086B               	movf	??_calculate_temp_stats+3,w
  5406     01AE  00F3               	movwf	___xxtofl@val+3
  5407     01AF  086A               	movf	??_calculate_temp_stats+2,w
  5408     01B0  00F2               	movwf	___xxtofl@val+2
  5409     01B1  0869               	movf	??_calculate_temp_stats+1,w
  5410     01B2  00F1               	movwf	___xxtofl@val+1
  5411     01B3  0868               	movf	??_calculate_temp_stats,w
  5412     01B4  00F0               	movwf	___xxtofl@val
  5413     01B5  3001               	movlw	1
  5414     01B6  160A  118A  21D6  120A  118A  	fcall	___xxtofl
  5415     01BB  0873               	movf	?___xxtofl+3,w
  5416     01BC  00A3               	movwf	___fldiv@a+3
  5417     01BD  0872               	movf	?___xxtofl+2,w
  5418     01BE  00A2               	movwf	___fldiv@a+2
  5419     01BF  0871               	movf	?___xxtofl+1,w
  5420     01C0  00A1               	movwf	___fldiv@a+1
  5421     01C1  0870               	movf	?___xxtofl,w
  5422     01C2  00A0               	movwf	___fldiv@a
  5423     01C3  1683               	bsf	3,5	;RP0=1, select bank1
  5424     01C4  083D               	movf	(calculate_temp_stats@sum+3)^(0+128),w
  5425     01C5  1283               	bcf	3,5	;RP0=0, select bank0
  5426     01C6  00A7               	movwf	___fldiv@b+3
  5427     01C7  1683               	bsf	3,5	;RP0=1, select bank1
  5428     01C8  083C               	movf	(calculate_temp_stats@sum+2)^(0+128),w
  5429     01C9  1283               	bcf	3,5	;RP0=0, select bank0
  5430     01CA  00A6               	movwf	___fldiv@b+2
  5431     01CB  1683               	bsf	3,5	;RP0=1, select bank1
  5432     01CC  083B               	movf	(calculate_temp_stats@sum+1)^(0+128),w
  5433     01CD  1283               	bcf	3,5	;RP0=0, select bank0
  5434     01CE  00A5               	movwf	___fldiv@b+1
  5435     01CF  1683               	bsf	3,5	;RP0=1, select bank1
  5436     01D0  083A               	movf	calculate_temp_stats@sum^(0+128),w
  5437     01D1  1283               	bcf	3,5	;RP0=0, select bank0
  5438     01D2  00A4               	movwf	___fldiv@b
  5439     01D3  120A  158A  21A4  120A  118A  	fcall	___fldiv
  5440     01D8  0823               	movf	?___fldiv+3,w
  5441     01D9  1683               	bsf	3,5	;RP0=1, select bank3
  5442     01DA  1703               	bsf	3,6	;RP1=1, select bank3
  5443     01DB  0094               	movwf	((_temp_stats+3)^(0+384)+1)
  5444     01DC  1283               	bcf	3,5	;RP0=0, select bank0
  5445     01DD  1303               	bcf	3,6	;RP1=0, select bank0
  5446     01DE  0822               	movf	?___fldiv+2,w
  5447     01DF  1683               	bsf	3,5	;RP0=1, select bank3
  5448     01E0  1703               	bsf	3,6	;RP1=1, select bank3
  5449     01E1  0093               	movwf	((_temp_stats+2)^(0+384)+1)
  5450     01E2  1283               	bcf	3,5	;RP0=0, select bank0
  5451     01E3  1303               	bcf	3,6	;RP1=0, select bank0
  5452     01E4  0821               	movf	?___fldiv+1,w
  5453     01E5  1683               	bsf	3,5	;RP0=1, select bank3
  5454     01E6  1703               	bsf	3,6	;RP1=1, select bank3
  5455     01E7  0092               	movwf	((_temp_stats+1)^(0+384)+1)
  5456     01E8  1283               	bcf	3,5	;RP0=0, select bank0
  5457     01E9  1303               	bcf	3,6	;RP1=0, select bank0
  5458     01EA  0820               	movf	?___fldiv,w
  5459     01EB  1683               	bsf	3,5	;RP0=1, select bank3
  5460     01EC  1703               	bsf	3,6	;RP1=1, select bank3
  5461     01ED  0091               	movwf	(_temp_stats^(0+384)+1)
  5462                           
  5463                           ;main.c: 124:     sort_temps(sorted, n);
  5464     01EE  30A0               	movlw	(low (calculate_temp_stats@sorted| 0))& (0+255)
  5465     01EF  00FC               	movwf	sort_temps@arr
  5466     01F0  1303               	bcf	3,6	;RP1=0, select bank1
  5467     01F1  083E               	movf	calculate_temp_stats@n^(0+128),w
  5468     01F2  00FD               	movwf	sort_temps@n
  5469     01F3  160A  118A  2411  120A  118A  	fcall	_sort_temps
  5470                           
  5471                           ;main.c: 127:     temp_stats.q25 = sorted[n / 4];
  5472     01F8  1683               	bsf	3,5	;RP0=1, select bank1
  5473     01F9  1303               	bcf	3,6	;RP1=0, select bank1
  5474     01FA  083E               	movf	calculate_temp_stats@n^(0+128),w
  5475     01FB  1283               	bcf	3,5	;RP0=0, select bank0
  5476     01FC  00E8               	movwf	??_calculate_temp_stats
  5477     01FD  3002               	movlw	2
  5478     01FE                     u5585:
  5479     01FE  1003               	clrc
  5480     01FF  0CE8               	rrf	??_calculate_temp_stats,f
  5481     0200  3EFF               	addlw	-1
  5482     0201  1D03               	skipz
  5483     0202  29FE               	goto	u5585
  5484     0203  0868               	movf	??_calculate_temp_stats,w
  5485     0204  00E9               	movwf	??_calculate_temp_stats+1
  5486     0205  3001               	movlw	1
  5487     0206                     u5595:
  5488     0206  1003               	clrc
  5489     0207  0DE9               	rlf	??_calculate_temp_stats+1,f
  5490     0208  3EFF               	addlw	-1
  5491     0209  1D03               	skipz
  5492     020A  2A06               	goto	u5595
  5493     020B  1003               	clrc
  5494     020C  0D69               	rlf	??_calculate_temp_stats+1,w
  5495     020D  3EA0               	addlw	(low (calculate_temp_stats@sorted| 0))& (0+255)
  5496     020E  0084               	movwf	4
  5497     020F  1383               	bcf	3,7	;select IRP bank1
  5498     0210  0800               	movf	0,w
  5499     0211  1683               	bsf	3,5	;RP0=1, select bank3
  5500     0212  1703               	bsf	3,6	;RP1=1, select bank3
  5501     0213  009D               	movwf	(_temp_stats^(0+384)+13)
  5502     0214  0A84               	incf	4,f
  5503     0215  0800               	movf	0,w
  5504     0216  009E               	movwf	((_temp_stats+1)^(0+384)+13)
  5505     0217  0A84               	incf	4,f
  5506     0218  0800               	movf	0,w
  5507     0219  009F               	movwf	((_temp_stats+2)^(0+384)+13)
  5508     021A  0A84               	incf	4,f
  5509     021B  0800               	movf	0,w
  5510     021C  00A0               	movwf	((_temp_stats+3)^(0+384)+13)
  5511                           
  5512                           ;main.c: 128:     temp_stats.median = sorted[n / 2];
  5513     021D  1303               	bcf	3,6	;RP1=0, select bank1
  5514     021E  083E               	movf	calculate_temp_stats@n^(0+128),w
  5515     021F  1283               	bcf	3,5	;RP0=0, select bank0
  5516     0220  00E8               	movwf	??_calculate_temp_stats
  5517     0221  1003               	clrc
  5518     0222  0C68               	rrf	??_calculate_temp_stats,w
  5519     0223  00E9               	movwf	??_calculate_temp_stats+1
  5520     0224  3001               	movlw	1
  5521     0225                     u5605:
  5522     0225  1003               	clrc
  5523     0226  0DE9               	rlf	??_calculate_temp_stats+1,f
  5524     0227  3EFF               	addlw	-1
  5525     0228  1D03               	skipz
  5526     0229  2A25               	goto	u5605
  5527     022A  1003               	clrc
  5528     022B  0D69               	rlf	??_calculate_temp_stats+1,w
  5529     022C  3EA0               	addlw	(low (calculate_temp_stats@sorted| 0))& (0+255)
  5530     022D  0084               	movwf	4
  5531     022E  0800               	movf	0,w
  5532     022F  1683               	bsf	3,5	;RP0=1, select bank3
  5533     0230  1703               	bsf	3,6	;RP1=1, select bank3
  5534     0231  00A1               	movwf	(_temp_stats^(0+384)+17)
  5535     0232  0A84               	incf	4,f
  5536     0233  0800               	movf	0,w
  5537     0234  00A2               	movwf	((_temp_stats+1)^(0+384)+17)
  5538     0235  0A84               	incf	4,f
  5539     0236  0800               	movf	0,w
  5540     0237  00A3               	movwf	((_temp_stats+2)^(0+384)+17)
  5541     0238  0A84               	incf	4,f
  5542     0239  0800               	movf	0,w
  5543     023A  00A4               	movwf	((_temp_stats+3)^(0+384)+17)
  5544                           
  5545                           ;main.c: 129:     temp_stats.q75 = sorted[(3 * n) / 4];
  5546     023B  3004               	movlw	4
  5547     023C  00F6               	movwf	___awdiv@divisor
  5548     023D  3000               	movlw	0
  5549     023E  00F7               	movwf	___awdiv@divisor+1
  5550     023F  1303               	bcf	3,6	;RP1=0, select bank1
  5551     0240  083E               	movf	calculate_temp_stats@n^(0+128),w
  5552     0241  1283               	bcf	3,5	;RP0=0, select bank0
  5553     0242  00E8               	movwf	??_calculate_temp_stats
  5554     0243  01E9               	clrf	??_calculate_temp_stats+1
  5555     0244  0868               	movf	??_calculate_temp_stats,w
  5556     0245  00F0               	movwf	___wmul@multiplier
  5557     0246  0869               	movf	??_calculate_temp_stats+1,w
  5558     0247  00F1               	movwf	___wmul@multiplier+1
  5559     0248  3003               	movlw	3
  5560     0249  00F2               	movwf	___wmul@multiplicand
  5561     024A  3000               	movlw	0
  5562     024B  00F3               	movwf	___wmul@multiplicand+1
  5563     024C  160A  158A  233E  120A  118A  	fcall	___wmul
  5564     0251  0871               	movf	?___wmul+1,w
  5565     0252  00F9               	movwf	___awdiv@dividend+1
  5566     0253  0870               	movf	?___wmul,w
  5567     0254  00F8               	movwf	___awdiv@dividend
  5568     0255  160A  158A  25D5  120A  118A  	fcall	___awdiv
  5569     025A  0876               	movf	?___awdiv,w
  5570     025B  1283               	bcf	3,5	;RP0=0, select bank0
  5571     025C  00EA               	movwf	??_calculate_temp_stats+2
  5572     025D  3001               	movlw	1
  5573     025E                     u5615:
  5574     025E  1003               	clrc
  5575     025F  0DEA               	rlf	??_calculate_temp_stats+2,f
  5576     0260  3EFF               	addlw	-1
  5577     0261  1D03               	skipz
  5578     0262  2A5E               	goto	u5615
  5579     0263  1003               	clrc
  5580     0264  0D6A               	rlf	??_calculate_temp_stats+2,w
  5581     0265  3EA0               	addlw	(low (calculate_temp_stats@sorted| 0))& (0+255)
  5582     0266  0084               	movwf	4
  5583     0267  1383               	bcf	3,7	;select IRP bank1
  5584     0268  0800               	movf	0,w
  5585     0269  1683               	bsf	3,5	;RP0=1, select bank3
  5586     026A  1703               	bsf	3,6	;RP1=1, select bank3
  5587     026B  00A5               	movwf	(_temp_stats^(0+384)+21)
  5588     026C  0A84               	incf	4,f
  5589     026D  0800               	movf	0,w
  5590     026E  00A6               	movwf	((_temp_stats+1)^(0+384)+21)
  5591     026F  0A84               	incf	4,f
  5592     0270  0800               	movf	0,w
  5593     0271  00A7               	movwf	((_temp_stats+2)^(0+384)+21)
  5594     0272  0A84               	incf	4,f
  5595     0273  0800               	movf	0,w
  5596     0274  00A8               	movwf	((_temp_stats+3)^(0+384)+21)
  5597     0275  0008               	return
  5598     0276                     __end_of_calculate_temp_stats:
  5599                           
  5600                           	psect	text16
  5601     1411                     __ptext16:	
  5602 ;; *************** function _sort_temps *****************
  5603 ;; Defined at:
  5604 ;;		line 85 in file "main.c"
  5605 ;; Parameters:    Size  Location     Type
  5606 ;;  arr             1   12[COMMON] PTR float 
  5607 ;;		 -> calculate_temp_stats@sorted(24), 
  5608 ;;  n               1   13[COMMON] unsigned char 
  5609 ;; Auto vars:     Size  Location     Type
  5610 ;;  temp            4    8[BANK0 ] float 
  5611 ;;  j               1   13[BANK0 ] unsigned char 
  5612 ;;  i               1   12[BANK0 ] unsigned char 
  5613 ;; Return value:  Size  Location     Type
  5614 ;;                  1    wreg      void 
  5615 ;; Registers used:
  5616 ;;		wreg, fsr0l, fsr0h, status,2, status,0, pclath, cstack
  5617 ;; Tracked objects:
  5618 ;;		On entry : 300/100
  5619 ;;		On exit  : 0/0
  5620 ;;		Unchanged: 0/0
  5621 ;; Data sizes:     COMMON   BANK0   BANK1   BANK3   BANK2
  5622 ;;      Params:         2       0       0       0       0
  5623 ;;      Locals:         0       6       0       0       0
  5624 ;;      Temps:          0       8       0       0       0
  5625 ;;      Totals:         2      14       0       0       0
  5626 ;;Total ram usage:       16 bytes
  5627 ;; Hardware stack levels used: 1
  5628 ;; Hardware stack levels required when called: 1
  5629 ;; This function calls:
  5630 ;;		___flge
  5631 ;; This function is called by:
  5632 ;;		_calculate_temp_stats
  5633 ;; This function uses a non-reentrant model
  5634 ;;
  5635                           
  5636     1411                     _sort_temps:	
  5637                           ;psect for function _sort_temps
  5638                           
  5639                           
  5640                           ;main.c: 86:     uint8_t i, j;;main.c: 87:     float temp;;main.c: 88:     for(i = 0; i 
      +                          < n - 1; i++) {
  5641                           
  5642                           ;incstack = 0
  5643                           ; Regs used in _sort_temps: [wreg-fsr0h+status,2+status,0+pclath+cstack]
  5644     1411  1283               	bcf	3,5	;RP0=0, select bank0
  5645     1412  01AC               	clrf	sort_temps@i
  5646     1413                     l3441:
  5647     1413  087D               	movf	sort_temps@n,w
  5648     1414  3EFF               	addlw	255
  5649     1415  00A0               	movwf	??_sort_temps
  5650     1416  30FF               	movlw	255
  5651     1417  1803               	skipnc
  5652     1418  3000               	movlw	0
  5653     1419  00A1               	movwf	??_sort_temps+1
  5654     141A  0821               	movf	??_sort_temps+1,w
  5655     141B  3A80               	xorlw	128
  5656     141C  3C80               	sublw	128
  5657     141D  1D03               	skipz
  5658     141E  2C21               	goto	u4535
  5659     141F  0820               	movf	??_sort_temps,w
  5660     1420  022C               	subwf	sort_temps@i,w
  5661     1421                     u4535:
  5662     1421  1803               	btfsc	3,0
  5663     1422  0008               	return
  5664                           
  5665                           ;main.c: 89:         for(j = 0; j < n - i - 1; j++) {
  5666     1423  1283               	bcf	3,5	;RP0=0, select bank0
  5667     1424  1303               	bcf	3,6	;RP1=0, select bank0
  5668     1425  01AD               	clrf	sort_temps@j
  5669     1426                     l3437:
  5670     1426  087D               	movf	sort_temps@n,w
  5671     1427  00A0               	movwf	??_sort_temps
  5672     1428  01A1               	clrf	??_sort_temps+1
  5673     1429  0821               	movf	??_sort_temps+1,w
  5674     142A  00A3               	movwf	??_sort_temps+3
  5675     142B  082C               	movf	sort_temps@i,w
  5676     142C  0220               	subwf	??_sort_temps,w
  5677     142D  00A2               	movwf	??_sort_temps+2
  5678     142E  1C03               	skipc
  5679     142F  03A3               	decf	??_sort_temps+3,f
  5680     1430  0822               	movf	??_sort_temps+2,w
  5681     1431  3EFF               	addlw	255
  5682     1432  00A4               	movwf	??_sort_temps+4
  5683     1433  0823               	movf	??_sort_temps+3,w
  5684     1434  1803               	skipnc
  5685     1435  3E01               	addlw	1
  5686     1436  3EFF               	addlw	255
  5687     1437  00A5               	movwf	??_sort_temps+5
  5688     1438  0825               	movf	??_sort_temps+5,w
  5689     1439  3A80               	xorlw	128
  5690     143A  3C80               	sublw	128
  5691     143B  1D03               	skipz
  5692     143C  2C3F               	goto	u4525
  5693     143D  0824               	movf	??_sort_temps+4,w
  5694     143E  022D               	subwf	sort_temps@j,w
  5695     143F                     u4525:
  5696     143F  1803               	btfsc	3,0
  5697     1440  2CEA               	goto	l3439
  5698                           
  5699                           ;main.c: 90:             if(arr[j] > arr[j+1]) {
  5700     1441  1283               	bcf	3,5	;RP0=0, select bank0
  5701     1442  1303               	bcf	3,6	;RP1=0, select bank0
  5702     1443  082D               	movf	sort_temps@j,w
  5703     1444  00A0               	movwf	??_sort_temps
  5704     1445  3001               	movlw	1
  5705     1446                     u4455:
  5706     1446  1003               	clrc
  5707     1447  0DA0               	rlf	??_sort_temps,f
  5708     1448  3EFF               	addlw	-1
  5709     1449  1D03               	skipz
  5710     144A  2C46               	goto	u4455
  5711     144B  1003               	clrc
  5712     144C  0D20               	rlf	??_sort_temps,w
  5713     144D  077C               	addwf	sort_temps@arr,w
  5714     144E  00A1               	movwf	??_sort_temps+1
  5715     144F  0821               	movf	??_sort_temps+1,w
  5716     1450  3E04               	addlw	4
  5717     1451  0084               	movwf	4
  5718     1452  1383               	bcf	3,7	;select IRP bank0
  5719     1453  0800               	movf	0,w
  5720     1454  00F0               	movwf	___flge@ff1
  5721     1455  0A84               	incf	4,f
  5722     1456  0800               	movf	0,w
  5723     1457  00F1               	movwf	___flge@ff1+1
  5724     1458  0A84               	incf	4,f
  5725     1459  0800               	movf	0,w
  5726     145A  00F2               	movwf	___flge@ff1+2
  5727     145B  0A84               	incf	4,f
  5728     145C  0800               	movf	0,w
  5729     145D  00F3               	movwf	___flge@ff1+3
  5730     145E  082D               	movf	sort_temps@j,w
  5731     145F  00A2               	movwf	??_sort_temps+2
  5732     1460  3001               	movlw	1
  5733     1461                     u4465:
  5734     1461  1003               	clrc
  5735     1462  0DA2               	rlf	??_sort_temps+2,f
  5736     1463  3EFF               	addlw	-1
  5737     1464  1D03               	skipz
  5738     1465  2C61               	goto	u4465
  5739     1466  1003               	clrc
  5740     1467  0D22               	rlf	??_sort_temps+2,w
  5741     1468  077C               	addwf	sort_temps@arr,w
  5742     1469  00A3               	movwf	??_sort_temps+3
  5743     146A  0823               	movf	??_sort_temps+3,w
  5744     146B  0084               	movwf	4
  5745     146C  0800               	movf	0,w
  5746     146D  00F4               	movwf	___flge@ff2
  5747     146E  0A84               	incf	4,f
  5748     146F  0800               	movf	0,w
  5749     1470  00F5               	movwf	___flge@ff2+1
  5750     1471  0A84               	incf	4,f
  5751     1472  0800               	movf	0,w
  5752     1473  00F6               	movwf	___flge@ff2+2
  5753     1474  0A84               	incf	4,f
  5754     1475  0800               	movf	0,w
  5755     1476  00F7               	movwf	___flge@ff2+3
  5756     1477  160A  118A  2143  160A  118A  	fcall	___flge
  5757     147C  1803               	btfsc	3,0
  5758     147D  2CE6               	goto	l3435
  5759                           
  5760                           ;main.c: 91:                 temp = arr[j];
  5761     147E  1283               	bcf	3,5	;RP0=0, select bank0
  5762     147F  082D               	movf	sort_temps@j,w
  5763     1480  00A0               	movwf	??_sort_temps
  5764     1481  3001               	movlw	1
  5765     1482                     u4485:
  5766     1482  1003               	clrc
  5767     1483  0DA0               	rlf	??_sort_temps,f
  5768     1484  3EFF               	addlw	-1
  5769     1485  1D03               	skipz
  5770     1486  2C82               	goto	u4485
  5771     1487  1003               	clrc
  5772     1488  0D20               	rlf	??_sort_temps,w
  5773     1489  077C               	addwf	sort_temps@arr,w
  5774     148A  00A1               	movwf	??_sort_temps+1
  5775     148B  0821               	movf	??_sort_temps+1,w
  5776     148C  0084               	movwf	4
  5777     148D  1383               	bcf	3,7	;select IRP bank0
  5778     148E  0800               	movf	0,w
  5779     148F  00A8               	movwf	sort_temps@temp
  5780     1490  0A84               	incf	4,f
  5781     1491  0800               	movf	0,w
  5782     1492  00A9               	movwf	sort_temps@temp+1
  5783     1493  0A84               	incf	4,f
  5784     1494  0800               	movf	0,w
  5785     1495  00AA               	movwf	sort_temps@temp+2
  5786     1496  0A84               	incf	4,f
  5787     1497  0800               	movf	0,w
  5788     1498  00AB               	movwf	sort_temps@temp+3
  5789                           
  5790                           ;main.c: 92:                 arr[j] = arr[j+1];
  5791     1499  082D               	movf	sort_temps@j,w
  5792     149A  00A0               	movwf	??_sort_temps
  5793     149B  3001               	movlw	1
  5794     149C                     u4495:
  5795     149C  1003               	clrc
  5796     149D  0DA0               	rlf	??_sort_temps,f
  5797     149E  3EFF               	addlw	-1
  5798     149F  1D03               	skipz
  5799     14A0  2C9C               	goto	u4495
  5800     14A1  1003               	clrc
  5801     14A2  0D20               	rlf	??_sort_temps,w
  5802     14A3  077C               	addwf	sort_temps@arr,w
  5803     14A4  00A1               	movwf	??_sort_temps+1
  5804     14A5  0821               	movf	??_sort_temps+1,w
  5805     14A6  3E04               	addlw	4
  5806     14A7  0084               	movwf	4
  5807     14A8  0800               	movf	0,w
  5808     14A9  00A2               	movwf	??_sort_temps+2
  5809     14AA  0A84               	incf	4,f
  5810     14AB  0800               	movf	0,w
  5811     14AC  00A3               	movwf	??_sort_temps+3
  5812     14AD  0A84               	incf	4,f
  5813     14AE  0800               	movf	0,w
  5814     14AF  00A4               	movwf	??_sort_temps+4
  5815     14B0  0A84               	incf	4,f
  5816     14B1  0800               	movf	0,w
  5817     14B2  00A5               	movwf	??_sort_temps+5
  5818     14B3  082D               	movf	sort_temps@j,w
  5819     14B4  00A6               	movwf	??_sort_temps+6
  5820     14B5  3001               	movlw	1
  5821     14B6                     u4505:
  5822     14B6  1003               	clrc
  5823     14B7  0DA6               	rlf	??_sort_temps+6,f
  5824     14B8  3EFF               	addlw	-1
  5825     14B9  1D03               	skipz
  5826     14BA  2CB6               	goto	u4505
  5827     14BB  1003               	clrc
  5828     14BC  0D26               	rlf	??_sort_temps+6,w
  5829     14BD  077C               	addwf	sort_temps@arr,w
  5830     14BE  00A7               	movwf	??_sort_temps+7
  5831     14BF  0827               	movf	??_sort_temps+7,w
  5832     14C0  0084               	movwf	4
  5833     14C1  0822               	movf	??_sort_temps+2,w
  5834     14C2  0080               	movwf	0
  5835     14C3  0A84               	incf	4,f
  5836     14C4  0823               	movf	??_sort_temps+3,w
  5837     14C5  0080               	movwf	0
  5838     14C6  0A84               	incf	4,f
  5839     14C7  0824               	movf	??_sort_temps+4,w
  5840     14C8  0080               	movwf	0
  5841     14C9  0A84               	incf	4,f
  5842     14CA  0825               	movf	??_sort_temps+5,w
  5843     14CB  0080               	movwf	0
  5844                           
  5845                           ;main.c: 93:                 arr[j+1] = temp;
  5846     14CC  082D               	movf	sort_temps@j,w
  5847     14CD  00A0               	movwf	??_sort_temps
  5848     14CE  3001               	movlw	1
  5849     14CF                     u4515:
  5850     14CF  1003               	clrc
  5851     14D0  0DA0               	rlf	??_sort_temps,f
  5852     14D1  3EFF               	addlw	-1
  5853     14D2  1D03               	skipz
  5854     14D3  2CCF               	goto	u4515
  5855     14D4  1003               	clrc
  5856     14D5  0D20               	rlf	??_sort_temps,w
  5857     14D6  077C               	addwf	sort_temps@arr,w
  5858     14D7  00A1               	movwf	??_sort_temps+1
  5859     14D8  0821               	movf	??_sort_temps+1,w
  5860     14D9  3E04               	addlw	4
  5861     14DA  0084               	movwf	4
  5862     14DB  0828               	movf	sort_temps@temp,w
  5863     14DC  0080               	movwf	0
  5864     14DD  0A84               	incf	4,f
  5865     14DE  0829               	movf	sort_temps@temp+1,w
  5866     14DF  0080               	movwf	0
  5867     14E0  0A84               	incf	4,f
  5868     14E1  082A               	movf	sort_temps@temp+2,w
  5869     14E2  0080               	movwf	0
  5870     14E3  0A84               	incf	4,f
  5871     14E4  082B               	movf	sort_temps@temp+3,w
  5872     14E5  0080               	movwf	0
  5873     14E6                     l3435:
  5874                           
  5875                           ;main.c: 95:         }
  5876     14E6  3001               	movlw	1
  5877     14E7  1283               	bcf	3,5	;RP0=0, select bank0
  5878     14E8  07AD               	addwf	sort_temps@j,f
  5879     14E9  2C26               	goto	l3437
  5880     14EA                     l3439:
  5881                           
  5882                           ;main.c: 96:     }
  5883     14EA  3001               	movlw	1
  5884     14EB  1283               	bcf	3,5	;RP0=0, select bank0
  5885     14EC  1303               	bcf	3,6	;RP1=0, select bank0
  5886     14ED  07AC               	addwf	sort_temps@i,f
  5887     14EE  2C13               	goto	l3441
  5888     14EF                     __end_of_sort_temps:
  5889                           
  5890                           	psect	text17
  5891     1143                     __ptext17:	
  5892 ;; *************** function ___flge *****************
  5893 ;; Defined at:
  5894 ;;		line 4 in file "C:\Program Files\Microchip\xc8\v3.10\pic\sources\c99\common\flge.c"
  5895 ;; Parameters:    Size  Location     Type
  5896 ;;  ff1             4    0[COMMON] void 
  5897 ;;  ff2             4    4[COMMON] void 
  5898 ;; Auto vars:     Size  Location     Type
  5899 ;;		None
  5900 ;; Return value:  Size  Location     Type
  5901 ;;		None               void
  5902 ;; Registers used:
  5903 ;;		wreg, status,2, status,0
  5904 ;; Tracked objects:
  5905 ;;		On entry : 200/100
  5906 ;;		On exit  : 200/0
  5907 ;;		Unchanged: 200/0
  5908 ;; Data sizes:     COMMON   BANK0   BANK1   BANK3   BANK2
  5909 ;;      Params:         8       0       0       0       0
  5910 ;;      Locals:         0       0       0       0       0
  5911 ;;      Temps:          4       0       0       0       0
  5912 ;;      Totals:        12       0       0       0       0
  5913 ;;Total ram usage:       12 bytes
  5914 ;; Hardware stack levels used: 1
  5915 ;; This function calls:
  5916 ;;		Nothing
  5917 ;; This function is called by:
  5918 ;;		_pf
  5919 ;;		_sort_temps
  5920 ;;		_calculate_temp_stats
  5921 ;;		_main
  5922 ;; This function uses a non-reentrant model
  5923 ;;
  5924                           
  5925     1143                     ___flge:	
  5926                           ;psect for function ___flge
  5927                           
  5928                           
  5929                           ;incstack = 0
  5930                           ; Regs used in ___flge: [wreg+status,2+status,0]
  5931     1143  3000               	movlw	0
  5932     1144  0570               	andwf	___flge@ff1,w
  5933     1145  00F8               	movwf	??___flge
  5934     1146  3000               	movlw	0
  5935     1147  0571               	andwf	___flge@ff1+1,w
  5936     1148  00F9               	movwf	??___flge+1
  5937     1149  3080               	movlw	128
  5938     114A  0572               	andwf	___flge@ff1+2,w
  5939     114B  00FA               	movwf	??___flge+2
  5940     114C  307F               	movlw	127
  5941     114D  0573               	andwf	___flge@ff1+3,w
  5942     114E  00FB               	movwf	??___flge+3
  5943     114F  087B               	movf	??___flge+3,w
  5944     1150  047A               	iorwf	??___flge+2,w
  5945     1151  0479               	iorwf	??___flge+1,w
  5946     1152  0478               	iorwf	??___flge,w
  5947     1153  1D03               	skipz
  5948     1154  295D               	goto	l609
  5949     1155  3000               	movlw	0
  5950     1156  00F3               	movwf	___flge@ff1+3
  5951     1157  3000               	movlw	0
  5952     1158  00F2               	movwf	___flge@ff1+2
  5953     1159  3000               	movlw	0
  5954     115A  00F1               	movwf	___flge@ff1+1
  5955     115B  3000               	movlw	0
  5956     115C  00F0               	movwf	___flge@ff1
  5957     115D                     l609:
  5958     115D  3000               	movlw	0
  5959     115E  0574               	andwf	___flge@ff2,w
  5960     115F  00F8               	movwf	??___flge
  5961     1160  3000               	movlw	0
  5962     1161  0575               	andwf	___flge@ff2+1,w
  5963     1162  00F9               	movwf	??___flge+1
  5964     1163  3080               	movlw	128
  5965     1164  0576               	andwf	___flge@ff2+2,w
  5966     1165  00FA               	movwf	??___flge+2
  5967     1166  307F               	movlw	127
  5968     1167  0577               	andwf	___flge@ff2+3,w
  5969     1168  00FB               	movwf	??___flge+3
  5970     1169  087B               	movf	??___flge+3,w
  5971     116A  047A               	iorwf	??___flge+2,w
  5972     116B  0479               	iorwf	??___flge+1,w
  5973     116C  0478               	iorwf	??___flge,w
  5974     116D  1D03               	skipz
  5975     116E  2977               	goto	l2923
  5976     116F  3000               	movlw	0
  5977     1170  00F7               	movwf	___flge@ff2+3
  5978     1171  3000               	movlw	0
  5979     1172  00F6               	movwf	___flge@ff2+2
  5980     1173  3000               	movlw	0
  5981     1174  00F5               	movwf	___flge@ff2+1
  5982     1175  3000               	movlw	0
  5983     1176  00F4               	movwf	___flge@ff2
  5984     1177                     l2923:
  5985     1177  1FF3               	btfss	___flge@ff1+3,7
  5986     1178  299D               	goto	l2927
  5987     1179  3000               	movlw	0
  5988     117A  00F8               	movwf	??___flge
  5989     117B  3000               	movlw	0
  5990     117C  00F9               	movwf	??___flge+1
  5991     117D  3000               	movlw	0
  5992     117E  00FA               	movwf	??___flge+2
  5993     117F  3080               	movlw	128
  5994     1180  00FB               	movwf	??___flge+3
  5995     1181  0870               	movf	___flge@ff1,w
  5996     1182  02F8               	subwf	??___flge,f
  5997     1183  0871               	movf	___flge@ff1+1,w
  5998     1184  1C03               	skipc
  5999     1185  0F71               	incfsz	___flge@ff1+1,w
  6000     1186  2988               	goto	u3271
  6001     1187  2989               	goto	u3272
  6002     1188                     u3271:
  6003     1188  02F9               	subwf	??___flge+1,f
  6004     1189                     u3272:
  6005     1189  0872               	movf	___flge@ff1+2,w
  6006     118A  1C03               	skipc
  6007     118B  0F72               	incfsz	___flge@ff1+2,w
  6008     118C  298E               	goto	u3273
  6009     118D  298F               	goto	u3274
  6010     118E                     u3273:
  6011     118E  02FA               	subwf	??___flge+2,f
  6012     118F                     u3274:
  6013     118F  0873               	movf	___flge@ff1+3,w
  6014     1190  1C03               	skipc
  6015     1191  0F73               	incfsz	___flge@ff1+3,w
  6016     1192  2994               	goto	u3275
  6017     1193  2995               	goto	u3276
  6018     1194                     u3275:
  6019     1194  02FB               	subwf	??___flge+3,f
  6020     1195                     u3276:
  6021     1195  087B               	movf	??___flge+3,w
  6022     1196  00F3               	movwf	___flge@ff1+3
  6023     1197  087A               	movf	??___flge+2,w
  6024     1198  00F2               	movwf	___flge@ff1+2
  6025     1199  0879               	movf	??___flge+1,w
  6026     119A  00F1               	movwf	___flge@ff1+1
  6027     119B  0878               	movf	??___flge,w
  6028     119C  00F0               	movwf	___flge@ff1
  6029     119D                     l2927:
  6030     119D  1FF7               	btfss	___flge@ff2+3,7
  6031     119E  29C3               	goto	l612
  6032     119F  3000               	movlw	0
  6033     11A0  00F8               	movwf	??___flge
  6034     11A1  3000               	movlw	0
  6035     11A2  00F9               	movwf	??___flge+1
  6036     11A3  3000               	movlw	0
  6037     11A4  00FA               	movwf	??___flge+2
  6038     11A5  3080               	movlw	128
  6039     11A6  00FB               	movwf	??___flge+3
  6040     11A7  0874               	movf	___flge@ff2,w
  6041     11A8  02F8               	subwf	??___flge,f
  6042     11A9  0875               	movf	___flge@ff2+1,w
  6043     11AA  1C03               	skipc
  6044     11AB  0F75               	incfsz	___flge@ff2+1,w
  6045     11AC  29AE               	goto	u3291
  6046     11AD  29AF               	goto	u3292
  6047     11AE                     u3291:
  6048     11AE  02F9               	subwf	??___flge+1,f
  6049     11AF                     u3292:
  6050     11AF  0876               	movf	___flge@ff2+2,w
  6051     11B0  1C03               	skipc
  6052     11B1  0F76               	incfsz	___flge@ff2+2,w
  6053     11B2  29B4               	goto	u3293
  6054     11B3  29B5               	goto	u3294
  6055     11B4                     u3293:
  6056     11B4  02FA               	subwf	??___flge+2,f
  6057     11B5                     u3294:
  6058     11B5  0877               	movf	___flge@ff2+3,w
  6059     11B6  1C03               	skipc
  6060     11B7  0F77               	incfsz	___flge@ff2+3,w
  6061     11B8  29BA               	goto	u3295
  6062     11B9  29BB               	goto	u3296
  6063     11BA                     u3295:
  6064     11BA  02FB               	subwf	??___flge+3,f
  6065     11BB                     u3296:
  6066     11BB  087B               	movf	??___flge+3,w
  6067     11BC  00F7               	movwf	___flge@ff2+3
  6068     11BD  087A               	movf	??___flge+2,w
  6069     11BE  00F6               	movwf	___flge@ff2+2
  6070     11BF  0879               	movf	??___flge+1,w
  6071     11C0  00F5               	movwf	___flge@ff2+1
  6072     11C1  0878               	movf	??___flge,w
  6073     11C2  00F4               	movwf	___flge@ff2
  6074     11C3                     l612:
  6075     11C3  3080               	movlw	128
  6076     11C4  06F3               	xorwf	___flge@ff1+3,f
  6077     11C5  3080               	movlw	128
  6078     11C6  06F7               	xorwf	___flge@ff2+3,f
  6079     11C7  0877               	movf	___flge@ff2+3,w
  6080     11C8  0273               	subwf	___flge@ff1+3,w
  6081     11C9  1D03               	skipz
  6082     11CA  0008               	return
  6083     11CB  0876               	movf	___flge@ff2+2,w
  6084     11CC  0272               	subwf	___flge@ff1+2,w
  6085     11CD  1D03               	skipz
  6086     11CE  0008               	return
  6087     11CF  0875               	movf	___flge@ff2+1,w
  6088     11D0  0271               	subwf	___flge@ff1+1,w
  6089     11D1  1D03               	skipz
  6090     11D2  0008               	return
  6091     11D3  0874               	movf	___flge@ff2,w
  6092     11D4  0270               	subwf	___flge@ff1,w
  6093     11D5  0008               	return
  6094     11D6                     __end_of___flge:
  6095                           
  6096                           	psect	text18
  6097     1B3E                     __ptext18:	
  6098 ;; *************** function ___wmul *****************
  6099 ;; Defined at:
  6100 ;;		line 15 in file "C:\Program Files\Microchip\xc8\v3.10\pic\sources\c99\common\Umul16.c"
  6101 ;; Parameters:    Size  Location     Type
  6102 ;;  multiplier      2    0[COMMON] unsigned int 
  6103 ;;  multiplicand    2    2[COMMON] unsigned int 
  6104 ;; Auto vars:     Size  Location     Type
  6105 ;;  product         2    4[COMMON] unsigned int 
  6106 ;; Return value:  Size  Location     Type
  6107 ;;                  2    0[COMMON] unsigned int 
  6108 ;; Registers used:
  6109 ;;		wreg, status,2, status,0
  6110 ;; Tracked objects:
  6111 ;;		On entry : B00/0
  6112 ;;		On exit  : B00/0
  6113 ;;		Unchanged: B00/0
  6114 ;; Data sizes:     COMMON   BANK0   BANK1   BANK3   BANK2
  6115 ;;      Params:         4       0       0       0       0
  6116 ;;      Locals:         2       0       0       0       0
  6117 ;;      Temps:          0       0       0       0       0
  6118 ;;      Totals:         6       0       0       0       0
  6119 ;;Total ram usage:        6 bytes
  6120 ;; Hardware stack levels used: 1
  6121 ;; This function calls:
  6122 ;;		Nothing
  6123 ;; This function is called by:
  6124 ;;		_calculate_temp_stats
  6125 ;; This function uses a non-reentrant model
  6126 ;;
  6127                           
  6128     1B3E                     ___wmul:	
  6129                           ;psect for function ___wmul
  6130                           
  6131                           
  6132                           ;incstack = 0
  6133                           ; Regs used in ___wmul: [wreg+status,2+status,0]
  6134     1B3E  01F4               	clrf	___wmul@product
  6135     1B3F  01F5               	clrf	___wmul@product+1
  6136     1B40                     l3593:
  6137     1B40  1C70               	btfss	___wmul@multiplier,0
  6138     1B41  2B48               	goto	l431
  6139     1B42  0872               	movf	___wmul@multiplicand,w
  6140     1B43  07F4               	addwf	___wmul@product,f
  6141     1B44  1803               	skipnc
  6142     1B45  0AF5               	incf	___wmul@product+1,f
  6143     1B46  0873               	movf	___wmul@multiplicand+1,w
  6144     1B47  07F5               	addwf	___wmul@product+1,f
  6145     1B48                     l431:
  6146     1B48  3001               	movlw	1
  6147     1B49                     u4695:
  6148     1B49  1003               	clrc
  6149     1B4A  0DF2               	rlf	___wmul@multiplicand,f
  6150     1B4B  0DF3               	rlf	___wmul@multiplicand+1,f
  6151     1B4C  3EFF               	addlw	-1
  6152     1B4D  1D03               	skipz
  6153     1B4E  2B49               	goto	u4695
  6154     1B4F  3001               	movlw	1
  6155     1B50                     u4705:
  6156     1B50  1003               	clrc
  6157     1B51  0CF1               	rrf	___wmul@multiplier+1,f
  6158     1B52  0CF0               	rrf	___wmul@multiplier,f
  6159     1B53  3EFF               	addlw	-1
  6160     1B54  1D03               	skipz
  6161     1B55  2B50               	goto	u4705
  6162     1B56  0870               	movf	___wmul@multiplier,w
  6163     1B57  0471               	iorwf	___wmul@multiplier+1,w
  6164     1B58  1D03               	btfss	3,2
  6165     1B59  2B40               	goto	l3593
  6166     1B5A  0875               	movf	___wmul@product+1,w
  6167     1B5B  00F1               	movwf	?___wmul+1
  6168     1B5C  0874               	movf	___wmul@product,w
  6169     1B5D  00F0               	movwf	?___wmul
  6170     1B5E  0008               	return
  6171     1B5F                     __end_of___wmul:
  6172                           
  6173                           	psect	text19
  6174     0B34                     __ptext19:	
  6175 ;; *************** function ___fladd *****************
  6176 ;; Defined at:
  6177 ;;		line 10 in file "C:\Program Files\Microchip\xc8\v3.10\pic\sources\c99\common\sprcadd.c"
  6178 ;; Parameters:    Size  Location     Type
  6179 ;;  b               4   52[BANK0 ] unsigned int 
  6180 ;;  a               4   56[BANK0 ] unsigned int 
  6181 ;; Auto vars:     Size  Location     Type
  6182 ;;  grs             1   71[BANK0 ] unsigned char 
  6183 ;;  bexp            1   70[BANK0 ] unsigned char 
  6184 ;;  aexp            1   69[BANK0 ] unsigned char 
  6185 ;;  signs           1   68[BANK0 ] unsigned char 
  6186 ;; Return value:  Size  Location     Type
  6187 ;;                  4   52[BANK0 ] unsigned char 
  6188 ;; Registers used:
  6189 ;;		wreg, status,2, status,0, btemp1
  6190 ;; Tracked objects:
  6191 ;;		On entry : 300/800
  6192 ;;		On exit  : 300/0
  6193 ;;		Unchanged: 0/0
  6194 ;; Data sizes:     COMMON   BANK0   BANK1   BANK3   BANK2
  6195 ;;      Params:         0       8       0       0       0
  6196 ;;      Locals:         0       4       0       0       0
  6197 ;;      Temps:          0       8       0       0       0
  6198 ;;      Totals:         0      20       0       0       0
  6199 ;;Total ram usage:       20 bytes
  6200 ;; Hardware stack levels used: 1
  6201 ;; This function calls:
  6202 ;;		Nothing
  6203 ;; This function is called by:
  6204 ;;		_pf
  6205 ;;		_calculate_temp_stats
  6206 ;;		_main
  6207 ;; This function uses a non-reentrant model
  6208 ;;
  6209                           
  6210     0B34                     ___fladd:	
  6211                           ;psect for function ___fladd
  6212                           
  6213                           
  6214                           ;incstack = 0
  6215                           ; Regs used in ___fladd: [wreg+status,2+status,0+btemp1]
  6216     0B34  0857               	movf	___fladd@b+3,w
  6217     0B35  00E4               	movwf	___fladd@signs
  6218     0B36  3080               	movlw	128
  6219     0B37  05E4               	andwf	___fladd@signs,f
  6220     0B38  0857               	movf	___fladd@b+3,w
  6221     0B39  00DC               	movwf	??___fladd
  6222     0B3A  075C               	addwf	??___fladd,w
  6223     0B3B  00E6               	movwf	___fladd@bexp
  6224     0B3C  1BD6               	btfsc	___fladd@b+2,7
  6225     0B3D  1466               	bsf	___fladd@bexp,0
  6226     0B3E  0866               	movf	___fladd@bexp,w
  6227     0B3F  1903               	btfsc	3,2
  6228     0B40  2B4F               	goto	l3083
  6229     0B41  0A66               	incf	___fladd@bexp,w
  6230     0B42  1D03               	btfss	3,2
  6231     0B43  2B4C               	goto	l3079
  6232     0B44  3000               	movlw	0
  6233     0B45  00D7               	movwf	___fladd@b+3
  6234     0B46  3000               	movlw	0
  6235     0B47  00D6               	movwf	___fladd@b+2
  6236     0B48  3000               	movlw	0
  6237     0B49  00D5               	movwf	___fladd@b+1
  6238     0B4A  3000               	movlw	0
  6239     0B4B  00D4               	movwf	___fladd@b
  6240     0B4C                     l3079:
  6241     0B4C  17D6               	bsf	___fladd@b+2,7
  6242     0B4D  01D7               	clrf	___fladd@b+3
  6243     0B4E  2B57               	goto	l727
  6244     0B4F                     l3083:
  6245     0B4F  3000               	movlw	0
  6246     0B50  00D7               	movwf	___fladd@b+3
  6247     0B51  3000               	movlw	0
  6248     0B52  00D6               	movwf	___fladd@b+2
  6249     0B53  3000               	movlw	0
  6250     0B54  00D5               	movwf	___fladd@b+1
  6251     0B55  3000               	movlw	0
  6252     0B56  00D4               	movwf	___fladd@b
  6253     0B57                     l727:
  6254     0B57  085B               	movf	___fladd@a+3,w
  6255     0B58  00E5               	movwf	___fladd@aexp
  6256     0B59  3080               	movlw	128
  6257     0B5A  05E5               	andwf	___fladd@aexp,f
  6258     0B5B  0865               	movf	___fladd@aexp,w
  6259     0B5C  0664               	xorwf	___fladd@signs,w
  6260     0B5D  1D03               	btfss	3,2
  6261     0B5E  1764               	bsf	___fladd@signs,6
  6262     0B5F  085B               	movf	___fladd@a+3,w
  6263     0B60  00DC               	movwf	??___fladd
  6264     0B61  075C               	addwf	??___fladd,w
  6265     0B62  00E5               	movwf	___fladd@aexp
  6266     0B63  1BDA               	btfsc	___fladd@a+2,7
  6267     0B64  1465               	bsf	___fladd@aexp,0
  6268     0B65  0865               	movf	___fladd@aexp,w
  6269     0B66  1903               	btfsc	3,2
  6270     0B67  2B76               	goto	l3107
  6271     0B68  0A65               	incf	___fladd@aexp,w
  6272     0B69  1D03               	btfss	3,2
  6273     0B6A  2B73               	goto	l3103
  6274     0B6B  3000               	movlw	0
  6275     0B6C  00DB               	movwf	___fladd@a+3
  6276     0B6D  3000               	movlw	0
  6277     0B6E  00DA               	movwf	___fladd@a+2
  6278     0B6F  3000               	movlw	0
  6279     0B70  00D9               	movwf	___fladd@a+1
  6280     0B71  3000               	movlw	0
  6281     0B72  00D8               	movwf	___fladd@a
  6282     0B73                     l3103:
  6283     0B73  17DA               	bsf	___fladd@a+2,7
  6284     0B74  01DB               	clrf	___fladd@a+3
  6285     0B75  2B7E               	goto	l732
  6286     0B76                     l3107:
  6287     0B76  3000               	movlw	0
  6288     0B77  00DB               	movwf	___fladd@a+3
  6289     0B78  3000               	movlw	0
  6290     0B79  00DA               	movwf	___fladd@a+2
  6291     0B7A  3000               	movlw	0
  6292     0B7B  00D9               	movwf	___fladd@a+1
  6293     0B7C  3000               	movlw	0
  6294     0B7D  00D8               	movwf	___fladd@a
  6295     0B7E                     l732:
  6296     0B7E  0866               	movf	___fladd@bexp,w
  6297     0B7F  0265               	subwf	___fladd@aexp,w
  6298     0B80  1803               	skipnc
  6299     0B81  2BA4               	goto	l3143
  6300     0B82  1F64               	btfss	___fladd@signs,6
  6301     0B83  2B86               	goto	l3113
  6302     0B84  3080               	movlw	128
  6303     0B85  06E4               	xorwf	___fladd@signs,f
  6304     0B86                     l3113:
  6305     0B86  0866               	movf	___fladd@bexp,w
  6306     0B87  00E7               	movwf	___fladd@grs
  6307     0B88  0865               	movf	___fladd@aexp,w
  6308     0B89  00E6               	movwf	___fladd@bexp
  6309     0B8A  0867               	movf	___fladd@grs,w
  6310     0B8B  00E5               	movwf	___fladd@aexp
  6311     0B8C  0854               	movf	___fladd@b,w
  6312     0B8D  00E7               	movwf	___fladd@grs
  6313     0B8E  0858               	movf	___fladd@a,w
  6314     0B8F  00D4               	movwf	___fladd@b
  6315     0B90  0867               	movf	___fladd@grs,w
  6316     0B91  00D8               	movwf	___fladd@a
  6317     0B92  0855               	movf	___fladd@b+1,w
  6318     0B93  00E7               	movwf	___fladd@grs
  6319     0B94  0859               	movf	___fladd@a+1,w
  6320     0B95  00D5               	movwf	___fladd@b+1
  6321     0B96  0867               	movf	___fladd@grs,w
  6322     0B97  00D9               	movwf	___fladd@a+1
  6323     0B98  0856               	movf	___fladd@b+2,w
  6324     0B99  00E7               	movwf	___fladd@grs
  6325     0B9A  085A               	movf	___fladd@a+2,w
  6326     0B9B  00D6               	movwf	___fladd@b+2
  6327     0B9C  0867               	movf	___fladd@grs,w
  6328     0B9D  00DA               	movwf	___fladd@a+2
  6329     0B9E  0857               	movf	___fladd@b+3,w
  6330     0B9F  00E7               	movwf	___fladd@grs
  6331     0BA0  085B               	movf	___fladd@a+3,w
  6332     0BA1  00D7               	movwf	___fladd@b+3
  6333     0BA2  0867               	movf	___fladd@grs,w
  6334     0BA3  00DB               	movwf	___fladd@a+3
  6335     0BA4                     l3143:
  6336     0BA4  01E7               	clrf	___fladd@grs
  6337     0BA5  0865               	movf	___fladd@aexp,w
  6338     0BA6  00DC               	movwf	??___fladd
  6339     0BA7  01DD               	clrf	??___fladd+1
  6340     0BA8  085D               	movf	??___fladd+1,w
  6341     0BA9  00DF               	movwf	??___fladd+3
  6342     0BAA  0866               	movf	___fladd@bexp,w
  6343     0BAB  025C               	subwf	??___fladd,w
  6344     0BAC  00DE               	movwf	??___fladd+2
  6345     0BAD  1C03               	skipc
  6346     0BAE  03DF               	decf	??___fladd+3,f
  6347     0BAF  085F               	movf	??___fladd+3,w
  6348     0BB0  3A80               	xorlw	128
  6349     0BB1  00FF               	movwf	127
  6350     0BB2  3080               	movlw	128
  6351     0BB3  027F               	subwf	127,w
  6352     0BB4  1D03               	skipz
  6353     0BB5  2BB8               	goto	u3705
  6354     0BB6  301A               	movlw	26
  6355     0BB7  025E               	subwf	??___fladd+2,w
  6356     0BB8                     u3705:
  6357     0BB8  1C03               	skipc
  6358     0BB9  2BE9               	goto	l3161
  6359     0BBA  1283               	bcf	3,5	;RP0=0, select bank0
  6360     0BBB  1303               	bcf	3,6	;RP1=0, select bank0
  6361     0BBC  0857               	movf	___fladd@b+3,w
  6362     0BBD  0456               	iorwf	___fladd@b+2,w
  6363     0BBE  0455               	iorwf	___fladd@b+1,w
  6364     0BBF  0454               	iorwf	___fladd@b,w
  6365     0BC0  1903               	btfsc	3,2
  6366     0BC1  2BC4               	goto	u3710
  6367     0BC2  3001               	movlw	1
  6368     0BC3  2BC5               	goto	u3720
  6369     0BC4                     u3710:
  6370     0BC4  3000               	movlw	0
  6371     0BC5                     u3720:
  6372     0BC5  00E7               	movwf	___fladd@grs
  6373     0BC6  3000               	movlw	0
  6374     0BC7  00D7               	movwf	___fladd@b+3
  6375     0BC8  3000               	movlw	0
  6376     0BC9  00D6               	movwf	___fladd@b+2
  6377     0BCA  3000               	movlw	0
  6378     0BCB  00D5               	movwf	___fladd@b+1
  6379     0BCC  3000               	movlw	0
  6380     0BCD  00D4               	movwf	___fladd@b
  6381     0BCE  0865               	movf	___fladd@aexp,w
  6382     0BCF  00E6               	movwf	___fladd@bexp
  6383     0BD0  2BEF               	goto	l736
  6384     0BD1                     l738:
  6385     0BD1  1C67               	btfss	___fladd@grs,0
  6386     0BD2  2BDA               	goto	l3151
  6387     0BD3  0867               	movf	___fladd@grs,w
  6388     0BD4  00DC               	movwf	??___fladd
  6389     0BD5  1003               	clrc
  6390     0BD6  0C5C               	rrf	??___fladd,w
  6391     0BD7  3801               	iorlw	1
  6392     0BD8  00E7               	movwf	___fladd@grs
  6393     0BD9  2BDC               	goto	l3153
  6394     0BDA                     l3151:
  6395     0BDA  1003               	clrc
  6396     0BDB  0CE7               	rrf	___fladd@grs,f
  6397     0BDC                     l3153:
  6398     0BDC  1854               	btfsc	___fladd@b,0
  6399     0BDD  17E7               	bsf	___fladd@grs,7
  6400     0BDE  3001               	movlw	1
  6401     0BDF  00DC               	movwf	??___fladd
  6402     0BE0                     u3755:
  6403     0BE0  0D57               	rlf	___fladd@b+3,w
  6404     0BE1  0CD7               	rrf	___fladd@b+3,f
  6405     0BE2  0CD6               	rrf	___fladd@b+2,f
  6406     0BE3  0CD5               	rrf	___fladd@b+1,f
  6407     0BE4  0CD4               	rrf	___fladd@b,f
  6408     0BE5  0BDC               	decfsz	??___fladd& (0+127),f
  6409     0BE6  2BE0               	goto	u3755
  6410     0BE7  3001               	movlw	1
  6411     0BE8  07E6               	addwf	___fladd@bexp,f
  6412     0BE9                     l3161:
  6413     0BE9  1283               	bcf	3,5	;RP0=0, select bank0
  6414     0BEA  1303               	bcf	3,6	;RP1=0, select bank0
  6415     0BEB  0865               	movf	___fladd@aexp,w
  6416     0BEC  0266               	subwf	___fladd@bexp,w
  6417     0BED  1C03               	skipc
  6418     0BEE  2BD1               	goto	l738
  6419     0BEF                     l736:
  6420     0BEF  1B64               	btfsc	___fladd@signs,6
  6421     0BF0  2C2C               	goto	l3187
  6422     0BF1  0866               	movf	___fladd@bexp,w
  6423     0BF2  1D03               	btfss	3,2
  6424     0BF3  2BFD               	goto	l3169
  6425     0BF4  3000               	movlw	0
  6426     0BF5  00D7               	movwf	?___fladd+3
  6427     0BF6  3000               	movlw	0
  6428     0BF7  00D6               	movwf	?___fladd+2
  6429     0BF8  3000               	movlw	0
  6430     0BF9  00D5               	movwf	?___fladd+1
  6431     0BFA  3000               	movlw	0
  6432     0BFB  00D4               	movwf	?___fladd
  6433     0BFC  0008               	return
  6434     0BFD                     l3169:
  6435     0BFD  0858               	movf	___fladd@a,w
  6436     0BFE  07D4               	addwf	___fladd@b,f
  6437     0BFF  0859               	movf	___fladd@a+1,w
  6438     0C00  1103               	clrz
  6439     0C01  1803               	skipnc
  6440     0C02  3E01               	addlw	1
  6441     0C03  1D03               	btfss	3,2
  6442     0C04  07D5               	addwf	___fladd@b+1,f
  6443     0C05  085A               	movf	___fladd@a+2,w
  6444     0C06  1103               	clrz
  6445     0C07  1803               	skipnc
  6446     0C08  3E01               	addlw	1
  6447     0C09  1D03               	btfss	3,2
  6448     0C0A  07D6               	addwf	___fladd@b+2,f
  6449     0C0B  085B               	movf	___fladd@a+3,w
  6450     0C0C  1103               	clrz
  6451     0C0D  1803               	skipnc
  6452     0C0E  3E01               	addlw	1
  6453     0C0F  1D03               	btfss	3,2
  6454     0C10  07D7               	addwf	___fladd@b+3,f
  6455     0C11  1C57               	btfss	___fladd@b+3,0
  6456     0C12  2CCF               	goto	l3223
  6457     0C13  1C67               	btfss	___fladd@grs,0
  6458     0C14  2C1C               	goto	l3177
  6459     0C15  0867               	movf	___fladd@grs,w
  6460     0C16  00DC               	movwf	??___fladd
  6461     0C17  1003               	clrc
  6462     0C18  0C5C               	rrf	??___fladd,w
  6463     0C19  3801               	iorlw	1
  6464     0C1A  00E7               	movwf	___fladd@grs
  6465     0C1B  2C1E               	goto	l3179
  6466     0C1C                     l3177:
  6467     0C1C  1003               	clrc
  6468     0C1D  0CE7               	rrf	___fladd@grs,f
  6469     0C1E                     l3179:
  6470     0C1E  1854               	btfsc	___fladd@b,0
  6471     0C1F  17E7               	bsf	___fladd@grs,7
  6472     0C20  3001               	movlw	1
  6473     0C21  00DC               	movwf	??___fladd
  6474     0C22                     u3835:
  6475     0C22  0D57               	rlf	___fladd@b+3,w
  6476     0C23  0CD7               	rrf	___fladd@b+3,f
  6477     0C24  0CD6               	rrf	___fladd@b+2,f
  6478     0C25  0CD5               	rrf	___fladd@b+1,f
  6479     0C26  0CD4               	rrf	___fladd@b,f
  6480     0C27  0BDC               	decfsz	??___fladd& (0+127),f
  6481     0C28  2C22               	goto	u3835
  6482     0C29  3001               	movlw	1
  6483     0C2A  07E6               	addwf	___fladd@bexp,f
  6484     0C2B  2CCF               	goto	l3223
  6485     0C2C                     l3187:
  6486     0C2C  0857               	movf	___fladd@b+3,w
  6487     0C2D  3A80               	xorlw	128
  6488     0C2E  00FF               	movwf	127
  6489     0C2F  085B               	movf	___fladd@a+3,w
  6490     0C30  3A80               	xorlw	128
  6491     0C31  027F               	subwf	127,w
  6492     0C32  1D03               	skipz
  6493     0C33  2C3E               	goto	u3843
  6494     0C34  085A               	movf	___fladd@a+2,w
  6495     0C35  0256               	subwf	___fladd@b+2,w
  6496     0C36  1D03               	skipz
  6497     0C37  2C3E               	goto	u3843
  6498     0C38  0859               	movf	___fladd@a+1,w
  6499     0C39  0255               	subwf	___fladd@b+1,w
  6500     0C3A  1D03               	skipz
  6501     0C3B  2C3E               	goto	u3843
  6502     0C3C  0858               	movf	___fladd@a,w
  6503     0C3D  0254               	subwf	___fladd@b,w
  6504     0C3E                     u3843:
  6505     0C3E  1803               	skipnc
  6506     0C3F  2C95               	goto	l3199
  6507     0C40  30FF               	movlw	255
  6508     0C41  00DC               	movwf	??___fladd
  6509     0C42  30FF               	movlw	255
  6510     0C43  00DD               	movwf	??___fladd+1
  6511     0C44  30FF               	movlw	255
  6512     0C45  00DE               	movwf	??___fladd+2
  6513     0C46  30FF               	movlw	255
  6514     0C47  00DF               	movwf	??___fladd+3
  6515     0C48  0858               	movf	___fladd@a,w
  6516     0C49  00E0               	movwf	??___fladd+4
  6517     0C4A  0859               	movf	___fladd@a+1,w
  6518     0C4B  00E1               	movwf	??___fladd+5
  6519     0C4C  085A               	movf	___fladd@a+2,w
  6520     0C4D  00E2               	movwf	??___fladd+6
  6521     0C4E  085B               	movf	___fladd@a+3,w
  6522     0C4F  00E3               	movwf	??___fladd+7
  6523     0C50  0854               	movf	___fladd@b,w
  6524     0C51  02E0               	subwf	??___fladd+4,f
  6525     0C52  0855               	movf	___fladd@b+1,w
  6526     0C53  1C03               	skipc
  6527     0C54  0F55               	incfsz	___fladd@b+1,w
  6528     0C55  2C57               	goto	u3851
  6529     0C56  2C58               	goto	u3852
  6530     0C57                     u3851:
  6531     0C57  02E1               	subwf	??___fladd+5,f
  6532     0C58                     u3852:
  6533     0C58  0856               	movf	___fladd@b+2,w
  6534     0C59  1C03               	skipc
  6535     0C5A  0F56               	incfsz	___fladd@b+2,w
  6536     0C5B  2C5D               	goto	u3853
  6537     0C5C  2C5E               	goto	u3854
  6538     0C5D                     u3853:
  6539     0C5D  02E2               	subwf	??___fladd+6,f
  6540     0C5E                     u3854:
  6541     0C5E  0857               	movf	___fladd@b+3,w
  6542     0C5F  1C03               	skipc
  6543     0C60  0F57               	incfsz	___fladd@b+3,w
  6544     0C61  2C63               	goto	u3855
  6545     0C62  2C64               	goto	u3856
  6546     0C63                     u3855:
  6547     0C63  02E3               	subwf	??___fladd+7,f
  6548     0C64                     u3856:
  6549     0C64  0860               	movf	??___fladd+4,w
  6550     0C65  07DC               	addwf	??___fladd,f
  6551     0C66  0861               	movf	??___fladd+5,w
  6552     0C67  1803               	skipnc
  6553     0C68  0F61               	incfsz	??___fladd+5,w
  6554     0C69  2C6B               	goto	u3860
  6555     0C6A  2C6C               	goto	u3861
  6556     0C6B                     u3860:
  6557     0C6B  07DD               	addwf	??___fladd+1,f
  6558     0C6C                     u3861:
  6559     0C6C  0862               	movf	??___fladd+6,w
  6560     0C6D  1803               	skipnc
  6561     0C6E  0F62               	incfsz	??___fladd+6,w
  6562     0C6F  2C71               	goto	u3862
  6563     0C70  2C72               	goto	u3863
  6564     0C71                     u3862:
  6565     0C71  07DE               	addwf	??___fladd+2,f
  6566     0C72                     u3863:
  6567     0C72  0863               	movf	??___fladd+7,w
  6568     0C73  1803               	skipnc
  6569     0C74  0A63               	incf	??___fladd+7,w
  6570     0C75  07DF               	addwf	??___fladd+3,f
  6571     0C76  085F               	movf	??___fladd+3,w
  6572     0C77  00D7               	movwf	___fladd@b+3
  6573     0C78  085E               	movf	??___fladd+2,w
  6574     0C79  00D6               	movwf	___fladd@b+2
  6575     0C7A  085D               	movf	??___fladd+1,w
  6576     0C7B  00D5               	movwf	___fladd@b+1
  6577     0C7C  085C               	movf	??___fladd,w
  6578     0C7D  00D4               	movwf	___fladd@b
  6579     0C7E  3080               	movlw	128
  6580     0C7F  06E4               	xorwf	___fladd@signs,f
  6581     0C80  0367               	decf	___fladd@grs,w
  6582     0C81  3AFF               	xorlw	255
  6583     0C82  00E7               	movwf	___fladd@grs
  6584     0C83  0867               	movf	___fladd@grs,w
  6585     0C84  1D03               	btfss	3,2
  6586     0C85  2CA3               	goto	l753
  6587     0C86  3001               	movlw	1
  6588     0C87  07D4               	addwf	___fladd@b,f
  6589     0C88  3000               	movlw	0
  6590     0C89  1803               	skipnc
  6591     0C8A  3001               	movlw	1
  6592     0C8B  07D5               	addwf	___fladd@b+1,f
  6593     0C8C  3000               	movlw	0
  6594     0C8D  1803               	skipnc
  6595     0C8E  3001               	movlw	1
  6596     0C8F  07D6               	addwf	___fladd@b+2,f
  6597     0C90  3000               	movlw	0
  6598     0C91  1803               	skipnc
  6599     0C92  3001               	movlw	1
  6600     0C93  07D7               	addwf	___fladd@b+3,f
  6601     0C94  2CA3               	goto	l753
  6602     0C95                     l3199:
  6603     0C95  0858               	movf	___fladd@a,w
  6604     0C96  02D4               	subwf	___fladd@b,f
  6605     0C97  0859               	movf	___fladd@a+1,w
  6606     0C98  1C03               	skipc
  6607     0C99  0F59               	incfsz	___fladd@a+1,w
  6608     0C9A  02D5               	subwf	___fladd@b+1,f
  6609     0C9B  085A               	movf	___fladd@a+2,w
  6610     0C9C  1C03               	skipc
  6611     0C9D  0F5A               	incfsz	___fladd@a+2,w
  6612     0C9E  02D6               	subwf	___fladd@b+2,f
  6613     0C9F  085B               	movf	___fladd@a+3,w
  6614     0CA0  1C03               	skipc
  6615     0CA1  0F5B               	incfsz	___fladd@a+3,w
  6616     0CA2  02D7               	subwf	___fladd@b+3,f
  6617     0CA3                     l753:
  6618     0CA3  0857               	movf	___fladd@b+3,w
  6619     0CA4  0456               	iorwf	___fladd@b+2,w
  6620     0CA5  0455               	iorwf	___fladd@b+1,w
  6621     0CA6  0454               	iorwf	___fladd@b,w
  6622     0CA7  1D03               	skipz
  6623     0CA8  2CCD               	goto	l3221
  6624     0CA9  0867               	movf	___fladd@grs,w
  6625     0CAA  1D03               	btfss	3,2
  6626     0CAB  2CCD               	goto	l3221
  6627     0CAC  3000               	movlw	0
  6628     0CAD  00D7               	movwf	?___fladd+3
  6629     0CAE  3000               	movlw	0
  6630     0CAF  00D6               	movwf	?___fladd+2
  6631     0CB0  3000               	movlw	0
  6632     0CB1  00D5               	movwf	?___fladd+1
  6633     0CB2  3000               	movlw	0
  6634     0CB3  00D4               	movwf	?___fladd
  6635     0CB4  0008               	return
  6636     0CB5                     l3207:
  6637     0CB5  3001               	movlw	1
  6638     0CB6  00DC               	movwf	??___fladd
  6639     0CB7                     u3905:
  6640     0CB7  1003               	clrc
  6641     0CB8  0DD4               	rlf	___fladd@b,f
  6642     0CB9  0DD5               	rlf	___fladd@b+1,f
  6643     0CBA  0DD6               	rlf	___fladd@b+2,f
  6644     0CBB  0DD7               	rlf	___fladd@b+3,f
  6645     0CBC  0BDC               	decfsz	??___fladd,f
  6646     0CBD  2CB7               	goto	u3905
  6647     0CBE  1BE7               	btfsc	___fladd@grs,7
  6648     0CBF  1454               	bsf	___fladd@b,0
  6649     0CC0  1C67               	btfss	___fladd@grs,0
  6650     0CC1  2CC6               	goto	l3215
  6651     0CC2  1403               	setc
  6652     0CC3  0D67               	rlf	___fladd@grs,w
  6653     0CC4  00E7               	movwf	___fladd@grs
  6654     0CC5  2CC8               	goto	l3217
  6655     0CC6                     l3215:
  6656     0CC6  1003               	clrc
  6657     0CC7  0DE7               	rlf	___fladd@grs,f
  6658     0CC8                     l3217:
  6659     0CC8  0866               	movf	___fladd@bexp,w
  6660     0CC9  1903               	btfsc	3,2
  6661     0CCA  2CCD               	goto	l3221
  6662     0CCB  3001               	movlw	1
  6663     0CCC  02E6               	subwf	___fladd@bexp,f
  6664     0CCD                     l3221:
  6665     0CCD  1FD6               	btfss	___fladd@b+2,7
  6666     0CCE  2CB5               	goto	l3207
  6667     0CCF                     l3223:
  6668     0CCF  01E5               	clrf	___fladd@aexp
  6669     0CD0  1FE7               	btfss	___fladd@grs,7
  6670     0CD1  2CDA               	goto	l3233
  6671     0CD2  0867               	movf	___fladd@grs,w
  6672     0CD3  397F               	andlw	127
  6673     0CD4  1903               	btfsc	3,2
  6674     0CD5  1854               	btfsc	___fladd@b,0
  6675     0CD6  2CD8               	goto	l3229
  6676     0CD7  2CDA               	goto	l3233
  6677     0CD8                     l3229:
  6678     0CD8  3001               	movlw	1
  6679     0CD9  00E5               	movwf	___fladd@aexp
  6680     0CDA                     l3233:
  6681     0CDA  0865               	movf	___fladd@aexp,w
  6682     0CDB  1903               	btfsc	3,2
  6683     0CDC  2D0B               	goto	l766
  6684     0CDD  3001               	movlw	1
  6685     0CDE  07D4               	addwf	___fladd@b,f
  6686     0CDF  3000               	movlw	0
  6687     0CE0  1803               	skipnc
  6688     0CE1  3001               	movlw	1
  6689     0CE2  07D5               	addwf	___fladd@b+1,f
  6690     0CE3  3000               	movlw	0
  6691     0CE4  1803               	skipnc
  6692     0CE5  3001               	movlw	1
  6693     0CE6  07D6               	addwf	___fladd@b+2,f
  6694     0CE7  3000               	movlw	0
  6695     0CE8  1803               	skipnc
  6696     0CE9  3001               	movlw	1
  6697     0CEA  07D7               	addwf	___fladd@b+3,f
  6698     0CEB  1C57               	btfss	___fladd@b+3,0
  6699     0CEC  2D0B               	goto	l766
  6700     0CED  0854               	movf	___fladd@b,w
  6701     0CEE  00DC               	movwf	??___fladd
  6702     0CEF  0855               	movf	___fladd@b+1,w
  6703     0CF0  00DD               	movwf	??___fladd+1
  6704     0CF1  0856               	movf	___fladd@b+2,w
  6705     0CF2  00DE               	movwf	??___fladd+2
  6706     0CF3  0857               	movf	___fladd@b+3,w
  6707     0CF4  00DF               	movwf	??___fladd+3
  6708     0CF5  3001               	movlw	1
  6709     0CF6  00E0               	movwf	??___fladd+4
  6710     0CF7                     u4005:
  6711     0CF7  0D5F               	rlf	??___fladd+3,w
  6712     0CF8  0CDF               	rrf	??___fladd+3,f
  6713     0CF9  0CDE               	rrf	??___fladd+2,f
  6714     0CFA  0CDD               	rrf	??___fladd+1,f
  6715     0CFB  0CDC               	rrf	??___fladd,f
  6716     0CFC  0BE0               	decfsz	??___fladd+4,f
  6717     0CFD  2CF7               	goto	u4005
  6718     0CFE  085F               	movf	??___fladd+3,w
  6719     0CFF  00D7               	movwf	___fladd@b+3
  6720     0D00  085E               	movf	??___fladd+2,w
  6721     0D01  00D6               	movwf	___fladd@b+2
  6722     0D02  085D               	movf	??___fladd+1,w
  6723     0D03  00D5               	movwf	___fladd@b+1
  6724     0D04  085C               	movf	??___fladd,w
  6725     0D05  00D4               	movwf	___fladd@b
  6726     0D06  0A66               	incf	___fladd@bexp,w
  6727     0D07  1903               	btfsc	3,2
  6728     0D08  2D0B               	goto	l766
  6729     0D09  3001               	movlw	1
  6730     0D0A  07E6               	addwf	___fladd@bexp,f
  6731     0D0B                     l766:
  6732     0D0B  0A66               	incf	___fladd@bexp,w
  6733     0D0C  1D03               	btfss	3,2
  6734     0D0D  0866               	movf	___fladd@bexp,w
  6735     0D0E  1D03               	btfss	3,2
  6736     0D0F  2D1B               	goto	l3251
  6737     0D10  3000               	movlw	0
  6738     0D11  00D7               	movwf	___fladd@b+3
  6739     0D12  3000               	movlw	0
  6740     0D13  00D6               	movwf	___fladd@b+2
  6741     0D14  3000               	movlw	0
  6742     0D15  00D5               	movwf	___fladd@b+1
  6743     0D16  3000               	movlw	0
  6744     0D17  00D4               	movwf	___fladd@b
  6745     0D18  0866               	movf	___fladd@bexp,w
  6746     0D19  1903               	btfsc	3,2
  6747     0D1A  01E4               	clrf	___fladd@signs
  6748     0D1B                     l3251:
  6749     0D1B  1C66               	btfss	___fladd@bexp,0
  6750     0D1C  2D1F               	goto	l3255
  6751     0D1D  17D6               	bsf	___fladd@b+2,7
  6752     0D1E  2D21               	goto	l774
  6753     0D1F                     l3255:
  6754     0D1F  307F               	movlw	127
  6755     0D20  05D6               	andwf	___fladd@b+2,f
  6756     0D21                     l774:
  6757     0D21  0866               	movf	___fladd@bexp,w
  6758     0D22  00DC               	movwf	??___fladd
  6759     0D23  1003               	clrc
  6760     0D24  0C5C               	rrf	??___fladd,w
  6761     0D25  00D7               	movwf	___fladd@b+3
  6762     0D26  1FE4               	btfss	___fladd@signs,7
  6763     0D27  0008               	return
  6764     0D28  17D7               	bsf	___fladd@b+3,7
  6765     0D29  0008               	return
  6766     0D2A                     __end_of___fladd:
  6767                           
  6768                           	psect	text20
  6769     1DD5                     __ptext20:	
  6770 ;; *************** function ___awdiv *****************
  6771 ;; Defined at:
  6772 ;;		line 5 in file "C:\Program Files\Microchip\xc8\v3.10\pic\sources\c99\common\awdiv.c"
  6773 ;; Parameters:    Size  Location     Type
  6774 ;;  divisor         2    6[COMMON] int 
  6775 ;;  dividend        2    8[COMMON] int 
  6776 ;; Auto vars:     Size  Location     Type
  6777 ;;  quotient        2   12[COMMON] int 
  6778 ;;  sign            1   11[COMMON] unsigned char 
  6779 ;;  counter         1   10[COMMON] unsigned char 
  6780 ;; Return value:  Size  Location     Type
  6781 ;;                  2    6[COMMON] int 
  6782 ;; Registers used:
  6783 ;;		wreg, status,2, status,0
  6784 ;; Tracked objects:
  6785 ;;		On entry : 200/900
  6786 ;;		On exit  : 200/0
  6787 ;;		Unchanged: 200/0
  6788 ;; Data sizes:     COMMON   BANK0   BANK1   BANK3   BANK2
  6789 ;;      Params:         4       0       0       0       0
  6790 ;;      Locals:         4       0       0       0       0
  6791 ;;      Temps:          0       0       0       0       0
  6792 ;;      Totals:         8       0       0       0       0
  6793 ;;Total ram usage:        8 bytes
  6794 ;; Hardware stack levels used: 1
  6795 ;; This function calls:
  6796 ;;		Nothing
  6797 ;; This function is called by:
  6798 ;;		_calculate_temp_stats
  6799 ;;		_main
  6800 ;; This function uses a non-reentrant model
  6801 ;;
  6802                           
  6803     1DD5                     ___awdiv:	
  6804                           ;psect for function ___awdiv
  6805                           
  6806                           
  6807                           ;incstack = 0
  6808                           ; Regs used in ___awdiv: [wreg+status,2+status,0]
  6809     1DD5  01FB               	clrf	___awdiv@sign
  6810     1DD6  1FF7               	btfss	___awdiv@divisor+1,7
  6811     1DD7  2DDF               	goto	l3613
  6812     1DD8  09F6               	comf	___awdiv@divisor,f
  6813     1DD9  09F7               	comf	___awdiv@divisor+1,f
  6814     1DDA  0AF6               	incf	___awdiv@divisor,f
  6815     1DDB  1903               	skipnz
  6816     1DDC  0AF7               	incf	___awdiv@divisor+1,f
  6817     1DDD  3001               	movlw	1
  6818     1DDE  00FB               	movwf	___awdiv@sign
  6819     1DDF                     l3613:
  6820     1DDF  1FF9               	btfss	___awdiv@dividend+1,7
  6821     1DE0  2DE8               	goto	l3619
  6822     1DE1  09F8               	comf	___awdiv@dividend,f
  6823     1DE2  09F9               	comf	___awdiv@dividend+1,f
  6824     1DE3  0AF8               	incf	___awdiv@dividend,f
  6825     1DE4  1903               	skipnz
  6826     1DE5  0AF9               	incf	___awdiv@dividend+1,f
  6827     1DE6  3001               	movlw	1
  6828     1DE7  06FB               	xorwf	___awdiv@sign,f
  6829     1DE8                     l3619:
  6830     1DE8  01FC               	clrf	___awdiv@quotient
  6831     1DE9  01FD               	clrf	___awdiv@quotient+1
  6832     1DEA  0876               	movf	___awdiv@divisor,w
  6833     1DEB  0477               	iorwf	___awdiv@divisor+1,w
  6834     1DEC  1903               	btfsc	3,2
  6835     1DED  2E1D               	goto	l3641
  6836     1DEE  3001               	movlw	1
  6837     1DEF  00FA               	movwf	___awdiv@counter
  6838     1DF0                     l3629:
  6839     1DF0  1BF7               	btfsc	___awdiv@divisor+1,7
  6840     1DF1  2DFC               	goto	l3631
  6841     1DF2  3001               	movlw	1
  6842     1DF3                     u4755:
  6843     1DF3  1003               	clrc
  6844     1DF4  0DF6               	rlf	___awdiv@divisor,f
  6845     1DF5  0DF7               	rlf	___awdiv@divisor+1,f
  6846     1DF6  3EFF               	addlw	-1
  6847     1DF7  1D03               	skipz
  6848     1DF8  2DF3               	goto	u4755
  6849     1DF9  3001               	movlw	1
  6850     1DFA  07FA               	addwf	___awdiv@counter,f
  6851     1DFB  2DF0               	goto	l3629
  6852     1DFC                     l3631:
  6853     1DFC  3001               	movlw	1
  6854     1DFD                     u4775:
  6855     1DFD  1003               	clrc
  6856     1DFE  0DFC               	rlf	___awdiv@quotient,f
  6857     1DFF  0DFD               	rlf	___awdiv@quotient+1,f
  6858     1E00  3EFF               	addlw	-1
  6859     1E01  1D03               	skipz
  6860     1E02  2DFD               	goto	u4775
  6861     1E03  0877               	movf	___awdiv@divisor+1,w
  6862     1E04  0279               	subwf	___awdiv@dividend+1,w
  6863     1E05  1D03               	skipz
  6864     1E06  2E09               	goto	u4785
  6865     1E07  0876               	movf	___awdiv@divisor,w
  6866     1E08  0278               	subwf	___awdiv@dividend,w
  6867     1E09                     u4785:
  6868     1E09  1C03               	skipc
  6869     1E0A  2E12               	goto	l3637
  6870     1E0B  0876               	movf	___awdiv@divisor,w
  6871     1E0C  02F8               	subwf	___awdiv@dividend,f
  6872     1E0D  0877               	movf	___awdiv@divisor+1,w
  6873     1E0E  1C03               	skipc
  6874     1E0F  03F9               	decf	___awdiv@dividend+1,f
  6875     1E10  02F9               	subwf	___awdiv@dividend+1,f
  6876     1E11  147C               	bsf	___awdiv@quotient,0
  6877     1E12                     l3637:
  6878     1E12  3001               	movlw	1
  6879     1E13                     u4795:
  6880     1E13  1003               	clrc
  6881     1E14  0CF7               	rrf	___awdiv@divisor+1,f
  6882     1E15  0CF6               	rrf	___awdiv@divisor,f
  6883     1E16  3EFF               	addlw	-1
  6884     1E17  1D03               	skipz
  6885     1E18  2E13               	goto	u4795
  6886     1E19  3001               	movlw	1
  6887     1E1A  02FA               	subwf	___awdiv@counter,f
  6888     1E1B  1D03               	btfss	3,2
  6889     1E1C  2DFC               	goto	l3631
  6890     1E1D                     l3641:
  6891     1E1D  087B               	movf	___awdiv@sign,w
  6892     1E1E  1903               	btfsc	3,2
  6893     1E1F  2E25               	goto	l3645
  6894     1E20  09FC               	comf	___awdiv@quotient,f
  6895     1E21  09FD               	comf	___awdiv@quotient+1,f
  6896     1E22  0AFC               	incf	___awdiv@quotient,f
  6897     1E23  1903               	skipnz
  6898     1E24  0AFD               	incf	___awdiv@quotient+1,f
  6899     1E25                     l3645:
  6900     1E25  087D               	movf	___awdiv@quotient+1,w
  6901     1E26  00F7               	movwf	?___awdiv+1
  6902     1E27  087C               	movf	___awdiv@quotient,w
  6903     1E28  00F6               	movwf	?___awdiv
  6904     1E29  0008               	return
  6905     1E2A                     __end_of___awdiv:
  6906                           
  6907                           	psect	text21
  6908     1C18                     __ptext21:	
  6909 ;; *************** function _add_temp_to_buffer *****************
  6910 ;; Defined at:
  6911 ;;		line 76 in file "main.c"
  6912 ;; Parameters:    Size  Location     Type
  6913 ;;  temp            4    6[BANK0 ] float 
  6914 ;; Auto vars:     Size  Location     Type
  6915 ;;		None
  6916 ;; Return value:  Size  Location     Type
  6917 ;;                  1    wreg      void 
  6918 ;; Registers used:
  6919 ;;		wreg, fsr0l, fsr0h, status,2, status,0, pclath, cstack
  6920 ;; Tracked objects:
  6921 ;;		On entry : 300/0
  6922 ;;		On exit  : 300/100
  6923 ;;		Unchanged: 0/0
  6924 ;; Data sizes:     COMMON   BANK0   BANK1   BANK3   BANK2
  6925 ;;      Params:         0       4       0       0       0
  6926 ;;      Locals:         0       0       0       0       0
  6927 ;;      Temps:          0       1       0       0       0
  6928 ;;      Totals:         0       5       0       0       0
  6929 ;;Total ram usage:        5 bytes
  6930 ;; Hardware stack levels used: 1
  6931 ;; Hardware stack levels required when called: 1
  6932 ;; This function calls:
  6933 ;;		___awmod
  6934 ;; This function is called by:
  6935 ;;		_main
  6936 ;; This function uses a non-reentrant model
  6937 ;;
  6938                           
  6939     1C18                     _add_temp_to_buffer:	
  6940                           ;psect for function _add_temp_to_buffer
  6941                           
  6942                           
  6943                           ;main.c: 77:     temp_buffer[temp_buffer_idx] = temp;
  6944                           
  6945                           ;incstack = 0
  6946                           ; Regs used in _add_temp_to_buffer: [wreg-fsr0h+status,2+status,0+pclath+cstack]
  6947     1C18  1683               	bsf	3,5	;RP0=1, select bank1
  6948     1C19  0868               	movf	_temp_buffer_idx^(0+128),w
  6949     1C1A  1283               	bcf	3,5	;RP0=0, select bank0
  6950     1C1B  00AA               	movwf	??_add_temp_to_buffer
  6951     1C1C  3001               	movlw	1
  6952     1C1D                     u5445:
  6953     1C1D  1003               	clrc
  6954     1C1E  0DAA               	rlf	??_add_temp_to_buffer,f
  6955     1C1F  3EFF               	addlw	-1
  6956     1C20  1D03               	skipz
  6957     1C21  2C1D               	goto	u5445
  6958     1C22  1003               	clrc
  6959     1C23  0D2A               	rlf	??_add_temp_to_buffer,w
  6960     1C24  3EAD               	addlw	(low (_temp_buffer| (0+256)))& (0+255)
  6961     1C25  0084               	movwf	4
  6962     1C26  0826               	movf	add_temp_to_buffer@temp,w
  6963     1C27  1783               	bsf	3,7	;select IRP bank3
  6964     1C28  0080               	movwf	0
  6965     1C29  0A84               	incf	4,f
  6966     1C2A  0827               	movf	add_temp_to_buffer@temp+1,w
  6967     1C2B  0080               	movwf	0
  6968     1C2C  0A84               	incf	4,f
  6969     1C2D  0828               	movf	add_temp_to_buffer@temp+2,w
  6970     1C2E  0080               	movwf	0
  6971     1C2F  0A84               	incf	4,f
  6972     1C30  0829               	movf	add_temp_to_buffer@temp+3,w
  6973     1C31  0080               	movwf	0
  6974                           
  6975                           ;main.c: 78:     temp_buffer_idx = (temp_buffer_idx + 1) % 6;
  6976     1C32  3006               	movlw	6
  6977     1C33  00A0               	movwf	___awmod@divisor
  6978     1C34  3000               	movlw	0
  6979     1C35  00A1               	movwf	___awmod@divisor+1
  6980     1C36  1683               	bsf	3,5	;RP0=1, select bank1
  6981     1C37  0868               	movf	_temp_buffer_idx^(0+128),w
  6982     1C38  3E01               	addlw	1
  6983     1C39  1283               	bcf	3,5	;RP0=0, select bank0
  6984     1C3A  00A2               	movwf	___awmod@dividend
  6985     1C3B  3000               	movlw	0
  6986     1C3C  1803               	skipnc
  6987     1C3D  3001               	movlw	1
  6988     1C3E  00A3               	movwf	___awmod@dividend+1
  6989     1C3F  160A  158A  258C  160A  158A  	fcall	___awmod
  6990     1C44  0820               	movf	?___awmod,w
  6991     1C45  1683               	bsf	3,5	;RP0=1, select bank1
  6992     1C46  00E8               	movwf	_temp_buffer_idx^(0+128)
  6993                           
  6994                           ;main.c: 79:     if(temp_buffer_idx == 0) {
  6995     1C47  0868               	movf	_temp_buffer_idx^(0+128),w
  6996     1C48  1D03               	btfss	3,2
  6997     1C49  0008               	return
  6998                           
  6999                           ;main.c: 80:         temp_buffer_full = 1;
  7000     1C4A  3001               	movlw	1
  7001     1C4B  00E7               	movwf	_temp_buffer_full^(0+128)
  7002     1C4C  0008               	return
  7003     1C4D                     __end_of_add_temp_to_buffer:
  7004                           
  7005                           	psect	text22
  7006     1D8C                     __ptext22:	
  7007 ;; *************** function ___awmod *****************
  7008 ;; Defined at:
  7009 ;;		line 5 in file "C:\Program Files\Microchip\xc8\v3.10\pic\sources\c99\common\awmod.c"
  7010 ;; Parameters:    Size  Location     Type
  7011 ;;  divisor         2    0[BANK0 ] int 
  7012 ;;  dividend        2    2[BANK0 ] int 
  7013 ;; Auto vars:     Size  Location     Type
  7014 ;;  sign            1    5[BANK0 ] unsigned char 
  7015 ;;  counter         1    4[BANK0 ] unsigned char 
  7016 ;; Return value:  Size  Location     Type
  7017 ;;                  2    0[BANK0 ] int 
  7018 ;; Registers used:
  7019 ;;		wreg, status,2, status,0
  7020 ;; Tracked objects:
  7021 ;;		On entry : 300/0
  7022 ;;		On exit  : 300/0
  7023 ;;		Unchanged: 0/0
  7024 ;; Data sizes:     COMMON   BANK0   BANK1   BANK3   BANK2
  7025 ;;      Params:         0       4       0       0       0
  7026 ;;      Locals:         0       2       0       0       0
  7027 ;;      Temps:          0       0       0       0       0
  7028 ;;      Totals:         0       6       0       0       0
  7029 ;;Total ram usage:        6 bytes
  7030 ;; Hardware stack levels used: 1
  7031 ;; This function calls:
  7032 ;;		Nothing
  7033 ;; This function is called by:
  7034 ;;		_add_temp_to_buffer
  7035 ;;		_main
  7036 ;; This function uses a non-reentrant model
  7037 ;;
  7038                           
  7039     1D8C                     ___awmod:	
  7040                           ;psect for function ___awmod
  7041                           
  7042                           
  7043                           ;incstack = 0
  7044                           ; Regs used in ___awmod: [wreg+status,2+status,0]
  7045     1D8C  01A5               	clrf	___awmod@sign
  7046     1D8D  1FA3               	btfss	___awmod@dividend+1,7
  7047     1D8E  2D96               	goto	l3657
  7048     1D8F  09A2               	comf	___awmod@dividend,f
  7049     1D90  09A3               	comf	___awmod@dividend+1,f
  7050     1D91  0AA2               	incf	___awmod@dividend,f
  7051     1D92  1903               	skipnz
  7052     1D93  0AA3               	incf	___awmod@dividend+1,f
  7053     1D94  3001               	movlw	1
  7054     1D95  00A5               	movwf	___awmod@sign
  7055     1D96                     l3657:
  7056     1D96  1FA1               	btfss	___awmod@divisor+1,7
  7057     1D97  2D9D               	goto	l3661
  7058     1D98  09A0               	comf	___awmod@divisor,f
  7059     1D99  09A1               	comf	___awmod@divisor+1,f
  7060     1D9A  0AA0               	incf	___awmod@divisor,f
  7061     1D9B  1903               	skipnz
  7062     1D9C  0AA1               	incf	___awmod@divisor+1,f
  7063     1D9D                     l3661:
  7064     1D9D  0820               	movf	___awmod@divisor,w
  7065     1D9E  0421               	iorwf	___awmod@divisor+1,w
  7066     1D9F  1903               	btfsc	3,2
  7067     1DA0  2DC8               	goto	l3679
  7068     1DA1  3001               	movlw	1
  7069     1DA2  00A4               	movwf	___awmod@counter
  7070     1DA3                     l3669:
  7071     1DA3  1BA1               	btfsc	___awmod@divisor+1,7
  7072     1DA4  2DAF               	goto	l3671
  7073     1DA5  3001               	movlw	1
  7074     1DA6                     u4855:
  7075     1DA6  1003               	clrc
  7076     1DA7  0DA0               	rlf	___awmod@divisor,f
  7077     1DA8  0DA1               	rlf	___awmod@divisor+1,f
  7078     1DA9  3EFF               	addlw	-1
  7079     1DAA  1D03               	skipz
  7080     1DAB  2DA6               	goto	u4855
  7081     1DAC  3001               	movlw	1
  7082     1DAD  07A4               	addwf	___awmod@counter,f
  7083     1DAE  2DA3               	goto	l3669
  7084     1DAF                     l3671:
  7085     1DAF  0821               	movf	___awmod@divisor+1,w
  7086     1DB0  0223               	subwf	___awmod@dividend+1,w
  7087     1DB1  1D03               	skipz
  7088     1DB2  2DB5               	goto	u4875
  7089     1DB3  0820               	movf	___awmod@divisor,w
  7090     1DB4  0222               	subwf	___awmod@dividend,w
  7091     1DB5                     u4875:
  7092     1DB5  1C03               	skipc
  7093     1DB6  2DBD               	goto	l3675
  7094     1DB7  0820               	movf	___awmod@divisor,w
  7095     1DB8  02A2               	subwf	___awmod@dividend,f
  7096     1DB9  0821               	movf	___awmod@divisor+1,w
  7097     1DBA  1C03               	skipc
  7098     1DBB  03A3               	decf	___awmod@dividend+1,f
  7099     1DBC  02A3               	subwf	___awmod@dividend+1,f
  7100     1DBD                     l3675:
  7101     1DBD  3001               	movlw	1
  7102     1DBE                     u4885:
  7103     1DBE  1003               	clrc
  7104     1DBF  0CA1               	rrf	___awmod@divisor+1,f
  7105     1DC0  0CA0               	rrf	___awmod@divisor,f
  7106     1DC1  3EFF               	addlw	-1
  7107     1DC2  1D03               	skipz
  7108     1DC3  2DBE               	goto	u4885
  7109     1DC4  3001               	movlw	1
  7110     1DC5  02A4               	subwf	___awmod@counter,f
  7111     1DC6  1D03               	btfss	3,2
  7112     1DC7  2DAF               	goto	l3671
  7113     1DC8                     l3679:
  7114     1DC8  0825               	movf	___awmod@sign,w
  7115     1DC9  1903               	btfsc	3,2
  7116     1DCA  2DD0               	goto	l3683
  7117     1DCB  09A2               	comf	___awmod@dividend,f
  7118     1DCC  09A3               	comf	___awmod@dividend+1,f
  7119     1DCD  0AA2               	incf	___awmod@dividend,f
  7120     1DCE  1903               	skipnz
  7121     1DCF  0AA3               	incf	___awmod@dividend+1,f
  7122     1DD0                     l3683:
  7123     1DD0  0823               	movf	___awmod@dividend+1,w
  7124     1DD1  00A1               	movwf	?___awmod+1
  7125     1DD2  0822               	movf	___awmod@dividend,w
  7126     1DD3  00A0               	movwf	?___awmod
  7127     1DD4  0008               	return
  7128     1DD5                     __end_of___awmod:
  7129                           
  7130                           	psect	text23
  7131     133C                     __ptext23:	
  7132 ;; *************** function _SD_Init *****************
  7133 ;; Defined at:
  7134 ;;		line 55 in file "SD_SPI.c"
  7135 ;; Parameters:    Size  Location     Type
  7136 ;;		None
  7137 ;; Auto vars:     Size  Location     Type
  7138 ;;  retry           2    4[BANK0 ] unsigned short 
  7139 ;;  i               1    3[BANK0 ] unsigned char 
  7140 ;;  r               1    2[BANK0 ] unsigned char 
  7141 ;; Return value:  Size  Location     Type
  7142 ;;                  1    wreg      unsigned char 
  7143 ;; Registers used:
  7144 ;;		wreg, status,2, status,0, pclath, cstack
  7145 ;; Tracked objects:
  7146 ;;		On entry : 0/0
  7147 ;;		On exit  : 0/0
  7148 ;;		Unchanged: 0/0
  7149 ;; Data sizes:     COMMON   BANK0   BANK1   BANK3   BANK2
  7150 ;;      Params:         0       0       0       0       0
  7151 ;;      Locals:         0       4       0       0       0
  7152 ;;      Temps:          0       2       0       0       0
  7153 ;;      Totals:         0       6       0       0       0
  7154 ;;Total ram usage:        6 bytes
  7155 ;; Hardware stack levels used: 1
  7156 ;; Hardware stack levels required when called: 1
  7157 ;; This function calls:
  7158 ;;		_SD_Cmd
  7159 ;;		_SD_SPI_Init
  7160 ;;		_SD_SPI_Transfer
  7161 ;; This function is called by:
  7162 ;;		_main
  7163 ;; This function uses a non-reentrant model
  7164 ;;
  7165                           
  7166     133C                     _SD_Init:	
  7167                           ;psect for function _SD_Init
  7168                           
  7169                           
  7170                           ;SD_SPI.c: 56:     uint8_t i, r;;SD_SPI.c: 57:     uint16_t retry;;SD_SPI.c: 59:     SD_
      +                          SPI_Init();
  7171                           
  7172                           ;incstack = 0
  7173                           ; Regs used in _SD_Init: [wreg+status,2+status,0+pclath+cstack]
  7174     133C  160A  158A  21EE  160A  118A  	fcall	_SD_SPI_Init
  7175                           
  7176                           ;SD_SPI.c: 60:     PORTBbits.RB0 = 1;
  7177     1341  1406               	bsf	6,0	;volatile
  7178                           
  7179                           ;SD_SPI.c: 61:     for(i = 0; i < 10; i++) SD_SPI_Transfer(0xFF);
  7180     1342  01A3               	clrf	SD_Init@i
  7181     1343                     l4127:
  7182     1343  30FF               	movlw	255
  7183     1344  160A  158A  23EE  160A  118A  	fcall	_SD_SPI_Transfer
  7184     1349  3001               	movlw	1
  7185     134A  1283               	bcf	3,5	;RP0=0, select bank0
  7186     134B  1303               	bcf	3,6	;RP1=0, select bank0
  7187     134C  07A3               	addwf	SD_Init@i,f
  7188     134D  300A               	movlw	10
  7189     134E  0223               	subwf	SD_Init@i,w
  7190     134F  1C03               	skipc
  7191     1350  2B43               	goto	l4127
  7192                           
  7193                           ;SD_SPI.c: 63:     PORTBbits.RB0 = 0;
  7194     1351  1006               	bcf	6,0	;volatile
  7195                           
  7196                           ;SD_SPI.c: 64:     _delay((unsigned long)((1)*(20000000/4000.0)));
  7197     1352  3007               	movlw	7
  7198     1353  1283               	bcf	3,5	;RP0=0, select bank0
  7199     1354  1303               	bcf	3,6	;RP1=0, select bank0
  7200     1355  00A1               	movwf	??_SD_Init+1
  7201     1356  307C               	movlw	124
  7202     1357  00A0               	movwf	??_SD_Init
  7203     1358                     u6247:
  7204     1358  0BA0               	decfsz	??_SD_Init,f
  7205     1359  2B58               	goto	u6247
  7206     135A  0BA1               	decfsz	??_SD_Init+1,f
  7207     135B  2B58               	goto	u6247
  7208     135C  0000               	nop
  7209                           
  7210                           ;SD_SPI.c: 66:     for(retry = 0; retry < 200; retry++){
  7211     135D  1283               	bcf	3,5	;RP0=0, select bank0
  7212     135E  1303               	bcf	3,6	;RP1=0, select bank0
  7213     135F  01A4               	clrf	SD_Init@retry
  7214     1360  01A5               	clrf	SD_Init@retry+1
  7215     1361                     l4141:
  7216                           
  7217                           ;SD_SPI.c: 67:         if(SD_Cmd(0x00, 0) == 0x01) break;
  7218     1361  3000               	movlw	0
  7219     1362  00F9               	movwf	SD_Cmd@arg+3
  7220     1363  3000               	movlw	0
  7221     1364  00F8               	movwf	SD_Cmd@arg+2
  7222     1365  3000               	movlw	0
  7223     1366  00F7               	movwf	SD_Cmd@arg+1
  7224     1367  3000               	movlw	0
  7225     1368  00F6               	movwf	SD_Cmd@arg
  7226     1369  3000               	movlw	0
  7227     136A  120A  118A  2008  160A  118A  	fcall	_SD_Cmd
  7228     136F  3A01               	xorlw	1
  7229     1370  1903               	btfsc	3,2
  7230     1371  2B81               	goto	l4147
  7231                           
  7232                           ;SD_SPI.c: 68:     }
  7233     1372  3001               	movlw	1
  7234     1373  1283               	bcf	3,5	;RP0=0, select bank0
  7235     1374  1303               	bcf	3,6	;RP1=0, select bank0
  7236     1375  07A4               	addwf	SD_Init@retry,f
  7237     1376  1803               	skipnc
  7238     1377  0AA5               	incf	SD_Init@retry+1,f
  7239     1378  3000               	movlw	0
  7240     1379  07A5               	addwf	SD_Init@retry+1,f
  7241     137A  3000               	movlw	0
  7242     137B  0225               	subwf	SD_Init@retry+1,w
  7243     137C  30C8               	movlw	200
  7244     137D  1903               	skipnz
  7245     137E  0224               	subwf	SD_Init@retry,w
  7246     137F  1C03               	skipc
  7247     1380  2B61               	goto	l4141
  7248     1381                     l4147:
  7249                           
  7250                           ;SD_SPI.c: 69:     if(retry >= 200){ PORTBbits.RB0 = 1; return 0; }
  7251     1381  3000               	movlw	0
  7252     1382  1283               	bcf	3,5	;RP0=0, select bank0
  7253     1383  1303               	bcf	3,6	;RP1=0, select bank0
  7254     1384  0225               	subwf	SD_Init@retry+1,w
  7255     1385  30C8               	movlw	200
  7256     1386  1903               	skipnz
  7257     1387  0224               	subwf	SD_Init@retry,w
  7258     1388  1C03               	skipc
  7259     1389  2B8D               	goto	l4155
  7260     138A                     l4149:
  7261     138A  1406               	bsf	6,0	;volatile
  7262     138B  3000               	movlw	0
  7263     138C  0008               	return
  7264     138D                     l4155:
  7265                           
  7266                           ;SD_SPI.c: 71:     r = SD_Cmd(0x08, 0x000001AA);
  7267     138D  3000               	movlw	0
  7268     138E  00F9               	movwf	SD_Cmd@arg+3
  7269     138F  3000               	movlw	0
  7270     1390  00F8               	movwf	SD_Cmd@arg+2
  7271     1391  3001               	movlw	1
  7272     1392  00F7               	movwf	SD_Cmd@arg+1
  7273     1393  30AA               	movlw	170
  7274     1394  00F6               	movwf	SD_Cmd@arg
  7275     1395  3008               	movlw	8
  7276     1396  120A  118A  2008  160A  118A  	fcall	_SD_Cmd
  7277     139B  1283               	bcf	3,5	;RP0=0, select bank0
  7278     139C  1303               	bcf	3,6	;RP1=0, select bank0
  7279     139D  00A2               	movwf	SD_Init@r
  7280                           
  7281                           ;SD_SPI.c: 72:     if(r == 0x01){
  7282     139E  0322               	decf	SD_Init@r,w
  7283     139F  1D03               	btfss	3,2
  7284     13A0  2BB0               	goto	l4171
  7285                           
  7286                           ;SD_SPI.c: 73:         for(i = 0; i < 4; i++) SD_SPI_Transfer(0xFF);
  7287     13A1  01A3               	clrf	SD_Init@i
  7288     13A2                     l4165:
  7289     13A2  30FF               	movlw	255
  7290     13A3  160A  158A  23EE  160A  118A  	fcall	_SD_SPI_Transfer
  7291     13A8  3001               	movlw	1
  7292     13A9  1283               	bcf	3,5	;RP0=0, select bank0
  7293     13AA  1303               	bcf	3,6	;RP1=0, select bank0
  7294     13AB  07A3               	addwf	SD_Init@i,f
  7295     13AC  3004               	movlw	4
  7296     13AD  0223               	subwf	SD_Init@i,w
  7297     13AE  1C03               	skipc
  7298     13AF  2BA2               	goto	l4165
  7299     13B0                     l4171:
  7300                           
  7301                           ;SD_SPI.c: 76:     for(retry = 0; retry < 500; retry++){
  7302     13B0  01A4               	clrf	SD_Init@retry
  7303     13B1  01A5               	clrf	SD_Init@retry+1
  7304     13B2                     l4177:
  7305                           
  7306                           ;SD_SPI.c: 77:         SD_Cmd(0x37, 0);
  7307     13B2  3000               	movlw	0
  7308     13B3  00F9               	movwf	SD_Cmd@arg+3
  7309     13B4  3000               	movlw	0
  7310     13B5  00F8               	movwf	SD_Cmd@arg+2
  7311     13B6  3000               	movlw	0
  7312     13B7  00F7               	movwf	SD_Cmd@arg+1
  7313     13B8  3000               	movlw	0
  7314     13B9  00F6               	movwf	SD_Cmd@arg
  7315     13BA  3037               	movlw	55
  7316     13BB  120A  118A  2008  160A  118A  	fcall	_SD_Cmd
  7317                           
  7318                           ;SD_SPI.c: 78:         if(SD_Cmd(0x29, 0x40000000) == 0x00) break;
  7319     13C0  3040               	movlw	64
  7320     13C1  00F9               	movwf	SD_Cmd@arg+3
  7321     13C2  3000               	movlw	0
  7322     13C3  00F8               	movwf	SD_Cmd@arg+2
  7323     13C4  3000               	movlw	0
  7324     13C5  00F7               	movwf	SD_Cmd@arg+1
  7325     13C6  3000               	movlw	0
  7326     13C7  00F6               	movwf	SD_Cmd@arg
  7327     13C8  3029               	movlw	41
  7328     13C9  120A  118A  2008  160A  118A  	fcall	_SD_Cmd
  7329     13CE  3A00               	xorlw	0
  7330     13CF  1903               	btfsc	3,2
  7331     13D0  2BEB               	goto	l4183
  7332                           
  7333                           ;SD_SPI.c: 79:         _delay((unsigned long)((10)*(20000000/4000.0)));
  7334     13D1  3041               	movlw	65
  7335     13D2  1283               	bcf	3,5	;RP0=0, select bank0
  7336     13D3  1303               	bcf	3,6	;RP1=0, select bank0
  7337     13D4  00A1               	movwf	??_SD_Init+1
  7338     13D5  30ED               	movlw	237
  7339     13D6  00A0               	movwf	??_SD_Init
  7340     13D7                     u6257:
  7341     13D7  0BA0               	decfsz	??_SD_Init,f
  7342     13D8  2BD7               	goto	u6257
  7343     13D9  0BA1               	decfsz	??_SD_Init+1,f
  7344     13DA  2BD7               	goto	u6257
  7345     13DB  2BDC               	nop2
  7346                           
  7347                           ;SD_SPI.c: 80:     }
  7348     13DC  3001               	movlw	1
  7349     13DD  1283               	bcf	3,5	;RP0=0, select bank0
  7350     13DE  1303               	bcf	3,6	;RP1=0, select bank0
  7351     13DF  07A4               	addwf	SD_Init@retry,f
  7352     13E0  1803               	skipnc
  7353     13E1  0AA5               	incf	SD_Init@retry+1,f
  7354     13E2  3000               	movlw	0
  7355     13E3  07A5               	addwf	SD_Init@retry+1,f
  7356     13E4  3001               	movlw	1
  7357     13E5  0225               	subwf	SD_Init@retry+1,w
  7358     13E6  30F4               	movlw	244
  7359     13E7  1903               	skipnz
  7360     13E8  0224               	subwf	SD_Init@retry,w
  7361     13E9  1C03               	skipc
  7362     13EA  2BB2               	goto	l4177
  7363     13EB                     l4183:
  7364                           
  7365                           ;SD_SPI.c: 81:     if(retry >= 500){ PORTBbits.RB0 = 1; return 0; }
  7366     13EB  3001               	movlw	1
  7367     13EC  1283               	bcf	3,5	;RP0=0, select bank0
  7368     13ED  1303               	bcf	3,6	;RP1=0, select bank0
  7369     13EE  0225               	subwf	SD_Init@retry+1,w
  7370     13EF  30F4               	movlw	244
  7371     13F0  1903               	skipnz
  7372     13F1  0224               	subwf	SD_Init@retry,w
  7373     13F2  1803               	btfsc	3,0
  7374     13F3  2B8A               	goto	l4149
  7375                           
  7376                           ;SD_SPI.c: 83:     if(SD_Cmd(0x10, 512) != 0x00){ PORTBbits.RB0 = 1; return 0; }
  7377     13F4  3000               	movlw	0
  7378     13F5  00F9               	movwf	SD_Cmd@arg+3
  7379     13F6  3000               	movlw	0
  7380     13F7  00F8               	movwf	SD_Cmd@arg+2
  7381     13F8  3002               	movlw	2
  7382     13F9  00F7               	movwf	SD_Cmd@arg+1
  7383     13FA  3000               	movlw	0
  7384     13FB  00F6               	movwf	SD_Cmd@arg
  7385     13FC  3010               	movlw	16
  7386     13FD  120A  118A  2008  160A  118A  	fcall	_SD_Cmd
  7387     1402  3A00               	xorlw	0
  7388     1403  1903               	skipnz
  7389     1404  2C08               	goto	l299
  7390     1405  1283               	bcf	3,5	;RP0=0, select bank0
  7391     1406  1303               	bcf	3,6	;RP1=0, select bank0
  7392     1407  2B8A               	goto	l4149
  7393     1408                     l299:
  7394                           
  7395                           ;SD_SPI.c: 85:     PORTBbits.RB0 = 1;
  7396     1408  1283               	bcf	3,5	;RP0=0, select bank0
  7397     1409  1303               	bcf	3,6	;RP1=0, select bank0
  7398     140A  1406               	bsf	6,0	;volatile
  7399                           
  7400                           ;SD_SPI.c: 86:     SD_SPI_Transfer(0xFF);
  7401     140B  30FF               	movlw	255
  7402     140C  160A  158A  23EE   	fcall	_SD_SPI_Transfer
  7403                           
  7404                           ;SD_SPI.c: 87:     return 1;
  7405     140F  3001               	movlw	1
  7406     1410  0008               	return
  7407     1411                     __end_of_SD_Init:
  7408                           
  7409                           	psect	text24
  7410     19EE                     __ptext24:	
  7411 ;; *************** function _SD_SPI_Init *****************
  7412 ;; Defined at:
  7413 ;;		line 6 in file "SD_SPI.c"
  7414 ;; Parameters:    Size  Location     Type
  7415 ;;		None
  7416 ;; Auto vars:     Size  Location     Type
  7417 ;;		None
  7418 ;; Return value:  Size  Location     Type
  7419 ;;                  1    wreg      void 
  7420 ;; Registers used:
  7421 ;;		None
  7422 ;; Tracked objects:
  7423 ;;		On entry : 0/0
  7424 ;;		On exit  : 300/0
  7425 ;;		Unchanged: 0/0
  7426 ;; Data sizes:     COMMON   BANK0   BANK1   BANK3   BANK2
  7427 ;;      Params:         0       0       0       0       0
  7428 ;;      Locals:         0       0       0       0       0
  7429 ;;      Temps:          0       0       0       0       0
  7430 ;;      Totals:         0       0       0       0       0
  7431 ;;Total ram usage:        0 bytes
  7432 ;; Hardware stack levels used: 1
  7433 ;; This function calls:
  7434 ;;		Nothing
  7435 ;; This function is called by:
  7436 ;;		_SD_Init
  7437 ;; This function uses a non-reentrant model
  7438 ;;
  7439                           
  7440     19EE                     _SD_SPI_Init:	
  7441                           ;psect for function _SD_SPI_Init
  7442                           
  7443                           
  7444                           ;SD_SPI.c: 7:     TRISBbits.TRISB0 = 0;
  7445                           
  7446                           ;incstack = 0
  7447                           ; Regs used in _SD_SPI_Init: []
  7448     19EE  1683               	bsf	3,5	;RP0=1, select bank1
  7449     19EF  1303               	bcf	3,6	;RP1=0, select bank1
  7450     19F0  1006               	bcf	6,0	;volatile
  7451                           
  7452                           ;SD_SPI.c: 8:     TRISBbits.TRISB1 = 0;
  7453     19F1  1086               	bcf	6,1	;volatile
  7454                           
  7455                           ;SD_SPI.c: 9:     TRISBbits.TRISB2 = 1;
  7456     19F2  1506               	bsf	6,2	;volatile
  7457                           
  7458                           ;SD_SPI.c: 10:     TRISBbits.TRISB3 = 0;
  7459     19F3  1186               	bcf	6,3	;volatile
  7460                           
  7461                           ;SD_SPI.c: 11:     PORTBbits.RB0 = 1;
  7462     19F4  1283               	bcf	3,5	;RP0=0, select bank0
  7463     19F5  1406               	bsf	6,0	;volatile
  7464                           
  7465                           ;SD_SPI.c: 12:     PORTBbits.RB3 = 0;
  7466     19F6  1186               	bcf	6,3	;volatile
  7467                           
  7468                           ;SD_SPI.c: 13:     PORTBbits.RB1 = 1;
  7469     19F7  1486               	bsf	6,1	;volatile
  7470     19F8  0008               	return
  7471     19F9                     __end_of_SD_SPI_Init:
  7472                           
  7473                           	psect	text25
  7474     10B8                     __ptext25:	
  7475 ;; *************** function _Lcd_Init *****************
  7476 ;; Defined at:
  7477 ;;		line 38 in file "LCD.c"
  7478 ;; Parameters:    Size  Location     Type
  7479 ;;		None
  7480 ;; Auto vars:     Size  Location     Type
  7481 ;;		None
  7482 ;; Return value:  Size  Location     Type
  7483 ;;                  1    wreg      void 
  7484 ;; Registers used:
  7485 ;;		wreg, status,2, status,0, pclath, cstack
  7486 ;; Tracked objects:
  7487 ;;		On entry : B00/100
  7488 ;;		On exit  : 0/0
  7489 ;;		Unchanged: 0/0
  7490 ;; Data sizes:     COMMON   BANK0   BANK1   BANK3   BANK2
  7491 ;;      Params:         0       0       0       0       0
  7492 ;;      Locals:         0       0       0       0       0
  7493 ;;      Temps:          2       0       0       0       0
  7494 ;;      Totals:         2       0       0       0       0
  7495 ;;Total ram usage:        2 bytes
  7496 ;; Hardware stack levels used: 1
  7497 ;; Hardware stack levels required when called: 1
  7498 ;; This function calls:
  7499 ;;		_Lcd_Cmd
  7500 ;; This function is called by:
  7501 ;;		_main
  7502 ;; This function uses a non-reentrant model
  7503 ;;
  7504                           
  7505     10B8                     _Lcd_Init:	
  7506                           ;psect for function _Lcd_Init
  7507                           
  7508                           
  7509                           ;LCD.c: 39:     TRISDbits.TRISD2 = 0;
  7510                           
  7511                           ;incstack = 0
  7512                           ; Regs used in _Lcd_Init: [wreg+status,2+status,0+pclath+cstack]
  7513     10B8  1108               	bcf	8,2	;volatile
  7514                           
  7515                           ;LCD.c: 40:     TRISDbits.TRISD3 = 0;
  7516     10B9  1188               	bcf	8,3	;volatile
  7517                           
  7518                           ;LCD.c: 41:     TRISDbits.TRISD4 = 0;
  7519     10BA  1208               	bcf	8,4	;volatile
  7520                           
  7521                           ;LCD.c: 42:     TRISDbits.TRISD5 = 0;
  7522     10BB  1288               	bcf	8,5	;volatile
  7523                           
  7524                           ;LCD.c: 43:     TRISDbits.TRISD6 = 0;
  7525     10BC  1308               	bcf	8,6	;volatile
  7526                           
  7527                           ;LCD.c: 44:     TRISDbits.TRISD7 = 0;
  7528     10BD  1388               	bcf	8,7	;volatile
  7529                           
  7530                           ;LCD.c: 46:     _delay((unsigned long)((20)*(20000000/4000.0)));
  7531     10BE  3082               	movlw	130
  7532     10BF  00F5               	movwf	??_Lcd_Init+1
  7533     10C0  30DD               	movlw	221
  7534     10C1  00F4               	movwf	??_Lcd_Init
  7535     10C2                     u6267:
  7536     10C2  0BF4               	decfsz	??_Lcd_Init,f
  7537     10C3  28C2               	goto	u6267
  7538     10C4  0BF5               	decfsz	??_Lcd_Init+1,f
  7539     10C5  28C2               	goto	u6267
  7540     10C6  28C7               	nop2
  7541                           
  7542                           ;LCD.c: 47:     Lcd_Cmd(0x03);
  7543     10C7  3003               	movlw	3
  7544     10C8  160A  158A  231D  160A  118A  	fcall	_Lcd_Cmd
  7545                           
  7546                           ;LCD.c: 48:     _delay((unsigned long)((5)*(20000000/4000.0)));
  7547     10CD  3021               	movlw	33
  7548     10CE  00F5               	movwf	??_Lcd_Init+1
  7549     10CF  3076               	movlw	118
  7550     10D0  00F4               	movwf	??_Lcd_Init
  7551     10D1                     u6277:
  7552     10D1  0BF4               	decfsz	??_Lcd_Init,f
  7553     10D2  28D1               	goto	u6277
  7554     10D3  0BF5               	decfsz	??_Lcd_Init+1,f
  7555     10D4  28D1               	goto	u6277
  7556     10D5  0000               	nop
  7557                           
  7558                           ;LCD.c: 49:     Lcd_Cmd(0x03);
  7559     10D6  3003               	movlw	3
  7560     10D7  160A  158A  231D  160A  118A  	fcall	_Lcd_Cmd
  7561                           
  7562                           ;LCD.c: 50:     _delay((unsigned long)((11)*(20000000/4000.0)));
  7563     10DC  3048               	movlw	72
  7564     10DD  00F5               	movwf	??_Lcd_Init+1
  7565     10DE  306C               	movlw	108
  7566     10DF  00F4               	movwf	??_Lcd_Init
  7567     10E0                     u6287:
  7568     10E0  0BF4               	decfsz	??_Lcd_Init,f
  7569     10E1  28E0               	goto	u6287
  7570     10E2  0BF5               	decfsz	??_Lcd_Init+1,f
  7571     10E3  28E0               	goto	u6287
  7572     10E4  0000               	nop
  7573                           
  7574                           ;LCD.c: 51:     Lcd_Cmd(0x03);
  7575     10E5  3003               	movlw	3
  7576     10E6  160A  158A  231D  160A  118A  	fcall	_Lcd_Cmd
  7577                           
  7578                           ;LCD.c: 52:     _delay((unsigned long)((5)*(20000000/4000.0)));
  7579     10EB  3021               	movlw	33
  7580     10EC  00F5               	movwf	??_Lcd_Init+1
  7581     10ED  3076               	movlw	118
  7582     10EE  00F4               	movwf	??_Lcd_Init
  7583     10EF                     u6297:
  7584     10EF  0BF4               	decfsz	??_Lcd_Init,f
  7585     10F0  28EF               	goto	u6297
  7586     10F1  0BF5               	decfsz	??_Lcd_Init+1,f
  7587     10F2  28EF               	goto	u6297
  7588     10F3  0000               	nop
  7589                           
  7590                           ;LCD.c: 53:     Lcd_Cmd(0x02);
  7591     10F4  3002               	movlw	2
  7592     10F5  160A  158A  231D  160A  118A  	fcall	_Lcd_Cmd
  7593                           
  7594                           ;LCD.c: 54:     _delay((unsigned long)((5)*(20000000/4000.0)));
  7595     10FA  3021               	movlw	33
  7596     10FB  00F5               	movwf	??_Lcd_Init+1
  7597     10FC  3076               	movlw	118
  7598     10FD  00F4               	movwf	??_Lcd_Init
  7599     10FE                     u6307:
  7600     10FE  0BF4               	decfsz	??_Lcd_Init,f
  7601     10FF  28FE               	goto	u6307
  7602     1100  0BF5               	decfsz	??_Lcd_Init+1,f
  7603     1101  28FE               	goto	u6307
  7604     1102  0000               	nop
  7605                           
  7606                           ;LCD.c: 55:     Lcd_Cmd(0x02);
  7607     1103  3002               	movlw	2
  7608     1104  160A  158A  231D  160A  118A  	fcall	_Lcd_Cmd
  7609                           
  7610                           ;LCD.c: 56:     Lcd_Cmd(0x08);
  7611     1109  3008               	movlw	8
  7612     110A  160A  158A  231D  160A  118A  	fcall	_Lcd_Cmd
  7613                           
  7614                           ;LCD.c: 57:     _delay((unsigned long)((5)*(20000000/4000.0)));
  7615     110F  3021               	movlw	33
  7616     1110  00F5               	movwf	??_Lcd_Init+1
  7617     1111  3076               	movlw	118
  7618     1112  00F4               	movwf	??_Lcd_Init
  7619     1113                     u6317:
  7620     1113  0BF4               	decfsz	??_Lcd_Init,f
  7621     1114  2913               	goto	u6317
  7622     1115  0BF5               	decfsz	??_Lcd_Init+1,f
  7623     1116  2913               	goto	u6317
  7624     1117  0000               	nop
  7625                           
  7626                           ;LCD.c: 58:     Lcd_Cmd(0x00);
  7627     1118  3000               	movlw	0
  7628     1119  160A  158A  231D  160A  118A  	fcall	_Lcd_Cmd
  7629                           
  7630                           ;LCD.c: 59:     Lcd_Cmd(0x0C);
  7631     111E  300C               	movlw	12
  7632     111F  160A  158A  231D  160A  118A  	fcall	_Lcd_Cmd
  7633                           
  7634                           ;LCD.c: 60:     _delay((unsigned long)((5)*(20000000/4000.0)));
  7635     1124  3021               	movlw	33
  7636     1125  00F5               	movwf	??_Lcd_Init+1
  7637     1126  3076               	movlw	118
  7638     1127  00F4               	movwf	??_Lcd_Init
  7639     1128                     u6327:
  7640     1128  0BF4               	decfsz	??_Lcd_Init,f
  7641     1129  2928               	goto	u6327
  7642     112A  0BF5               	decfsz	??_Lcd_Init+1,f
  7643     112B  2928               	goto	u6327
  7644     112C  0000               	nop
  7645                           
  7646                           ;LCD.c: 61:     Lcd_Cmd(0x00);
  7647     112D  3000               	movlw	0
  7648     112E  160A  158A  231D  160A  118A  	fcall	_Lcd_Cmd
  7649                           
  7650                           ;LCD.c: 62:     Lcd_Cmd(0x01);
  7651     1133  3001               	movlw	1
  7652     1134  160A  158A  231D  160A  118A  	fcall	_Lcd_Cmd
  7653                           
  7654                           ;LCD.c: 63:     _delay((unsigned long)((20)*(20000000/4000.0)));
  7655     1139  3082               	movlw	130
  7656     113A  00F5               	movwf	??_Lcd_Init+1
  7657     113B  30DD               	movlw	221
  7658     113C  00F4               	movwf	??_Lcd_Init
  7659     113D                     u6337:
  7660     113D  0BF4               	decfsz	??_Lcd_Init,f
  7661     113E  293D               	goto	u6337
  7662     113F  0BF5               	decfsz	??_Lcd_Init+1,f
  7663     1140  293D               	goto	u6337
  7664     1141  2942               	nop2
  7665     1142  0008               	return
  7666     1143                     __end_of_Lcd_Init:
  7667                           
  7668                           	psect	text26
  7669     1A72                     __ptext26:	
  7670 ;; *************** function _Lcd_Clear *****************
  7671 ;; Defined at:
  7672 ;;		line 19 in file "LCD.c"
  7673 ;; Parameters:    Size  Location     Type
  7674 ;;		None
  7675 ;; Auto vars:     Size  Location     Type
  7676 ;;		None
  7677 ;; Return value:  Size  Location     Type
  7678 ;;                  1    wreg      void 
  7679 ;; Registers used:
  7680 ;;		wreg, status,2, status,0, pclath, cstack
  7681 ;; Tracked objects:
  7682 ;;		On entry : 0/100
  7683 ;;		On exit  : 0/0
  7684 ;;		Unchanged: 0/0
  7685 ;; Data sizes:     COMMON   BANK0   BANK1   BANK3   BANK2
  7686 ;;      Params:         0       0       0       0       0
  7687 ;;      Locals:         0       0       0       0       0
  7688 ;;      Temps:          2       0       0       0       0
  7689 ;;      Totals:         2       0       0       0       0
  7690 ;;Total ram usage:        2 bytes
  7691 ;; Hardware stack levels used: 1
  7692 ;; Hardware stack levels required when called: 2
  7693 ;; This function calls:
  7694 ;;		_Lcd_Cmd
  7695 ;; This function is called by:
  7696 ;;		_main
  7697 ;; This function uses a non-reentrant model
  7698 ;;
  7699                           
  7700     1A72                     _Lcd_Clear:	
  7701                           ;psect for function _Lcd_Clear
  7702                           
  7703                           
  7704                           ;LCD.c: 20:     Lcd_Cmd(0);
  7705                           
  7706                           ;incstack = 0
  7707                           ; Regs used in _Lcd_Clear: [wreg+status,2+status,0+pclath+cstack]
  7708     1A72  3000               	movlw	0
  7709     1A73  160A  158A  231D  160A  158A  	fcall	_Lcd_Cmd
  7710                           
  7711                           ;LCD.c: 21:     Lcd_Cmd(1);
  7712     1A78  3001               	movlw	1
  7713     1A79  160A  158A  231D  160A  158A  	fcall	_Lcd_Cmd
  7714                           
  7715                           ;LCD.c: 22:     _delay((unsigned long)((20)*(20000000/4000.0)));
  7716     1A7E  3082               	movlw	130
  7717     1A7F  00F5               	movwf	??_Lcd_Clear+1
  7718     1A80  30DD               	movlw	221
  7719     1A81  00F4               	movwf	??_Lcd_Clear
  7720     1A82                     u6347:
  7721     1A82  0BF4               	decfsz	??_Lcd_Clear,f
  7722     1A83  2A82               	goto	u6347
  7723     1A84  0BF5               	decfsz	??_Lcd_Clear+1,f
  7724     1A85  2A82               	goto	u6347
  7725     1A86  2A87               	nop2
  7726     1A87  0008               	return
  7727     1A88                     __end_of_Lcd_Clear:
  7728                           
  7729                           	psect	text27
  7730     1B1D                     __ptext27:	
  7731 ;; *************** function _Lcd_Cmd *****************
  7732 ;; Defined at:
  7733 ;;		line 10 in file "LCD.c"
  7734 ;; Parameters:    Size  Location     Type
  7735 ;;  a               1    wreg     unsigned char 
  7736 ;; Auto vars:     Size  Location     Type
  7737 ;;  a               1    3[COMMON] unsigned char 
  7738 ;; Return value:  Size  Location     Type
  7739 ;;                  1    wreg      void 
  7740 ;; Registers used:
  7741 ;;		wreg, status,2, status,0, pclath, cstack
  7742 ;; Tracked objects:
  7743 ;;		On entry : 0/100
  7744 ;;		On exit  : 0/0
  7745 ;;		Unchanged: 0/0
  7746 ;; Data sizes:     COMMON   BANK0   BANK1   BANK3   BANK2
  7747 ;;      Params:         0       0       0       0       0
  7748 ;;      Locals:         1       0       0       0       0
  7749 ;;      Temps:          2       0       0       0       0
  7750 ;;      Totals:         3       0       0       0       0
  7751 ;;Total ram usage:        3 bytes
  7752 ;; Hardware stack levels used: 1
  7753 ;; This function calls:
  7754 ;;		_Lcd_Port
  7755 ;; This function is called by:
  7756 ;;		_Lcd_Clear
  7757 ;;		_Lcd_Set_Cursor
  7758 ;;		_Lcd_Init
  7759 ;; This function uses a non-reentrant model
  7760 ;;
  7761                           
  7762     1B1D                     _Lcd_Cmd:	
  7763                           ;psect for function _Lcd_Cmd
  7764                           
  7765                           
  7766                           ;incstack = 0
  7767                           ; Regs used in _Lcd_Cmd: [wreg+status,2+status,0+pclath+cstack]
  7768                           ;Lcd_Cmd@a stored from wreg
  7769     1B1D  00F3               	movwf	Lcd_Cmd@a
  7770                           
  7771                           ;LCD.c: 11:     PORTDbits.RD2 = 0;
  7772     1B1E  1283               	bcf	3,5	;RP0=0, select bank0
  7773     1B1F  1303               	bcf	3,6	;RP1=0, select bank0
  7774     1B20  1108               	bcf	8,2	;volatile
  7775                           
  7776                           ;LCD.c: 12:     Lcd_Port(a);
  7777     1B21  0873               	movf	Lcd_Cmd@a,w
  7778     1B22  160A  158A  225C  160A  158A  	fcall	_Lcd_Port
  7779                           
  7780                           ;LCD.c: 13:     PORTDbits.RD3 = 1;
  7781     1B27  1588               	bsf	8,3	;volatile
  7782                           
  7783                           ;LCD.c: 14:     _delay((unsigned long)((4)*(20000000/4000.0)));
  7784     1B28  301A               	movlw	26
  7785     1B29  00F2               	movwf	??_Lcd_Cmd+1
  7786     1B2A  30F8               	movlw	248
  7787     1B2B  00F1               	movwf	??_Lcd_Cmd
  7788     1B2C                     u6357:
  7789     1B2C  0BF1               	decfsz	??_Lcd_Cmd,f
  7790     1B2D  2B2C               	goto	u6357
  7791     1B2E  0BF2               	decfsz	??_Lcd_Cmd+1,f
  7792     1B2F  2B2C               	goto	u6357
  7793     1B30  0000               	nop
  7794                           
  7795                           ;LCD.c: 15:     PORTDbits.RD3 = 0;
  7796     1B31  1283               	bcf	3,5	;RP0=0, select bank0
  7797     1B32  1303               	bcf	3,6	;RP1=0, select bank0
  7798     1B33  1188               	bcf	8,3	;volatile
  7799                           
  7800                           ;LCD.c: 16:     _delay((unsigned long)((4)*(20000000/4000.0)));
  7801     1B34  301A               	movlw	26
  7802     1B35  00F2               	movwf	??_Lcd_Cmd+1
  7803     1B36  30F8               	movlw	248
  7804     1B37  00F1               	movwf	??_Lcd_Cmd
  7805     1B38                     u6367:
  7806     1B38  0BF1               	decfsz	??_Lcd_Cmd,f
  7807     1B39  2B38               	goto	u6367
  7808     1B3A  0BF2               	decfsz	??_Lcd_Cmd+1,f
  7809     1B3B  2B38               	goto	u6367
  7810     1B3C  0000               	nop
  7811     1B3D  0008               	return
  7812     1B3E                     __end_of_Lcd_Cmd:
  7813                           
  7814                           	psect	text28
  7815     1A5C                     __ptext28:	
  7816 ;; *************** function _Lcd_Port *****************
  7817 ;; Defined at:
  7818 ;;		line 3 in file "LCD.c"
  7819 ;; Parameters:    Size  Location     Type
  7820 ;;  a               1    wreg     unsigned char 
  7821 ;; Auto vars:     Size  Location     Type
  7822 ;;  a               1    0[COMMON] unsigned char 
  7823 ;; Return value:  Size  Location     Type
  7824 ;;                  1    wreg      void 
  7825 ;; Registers used:
  7826 ;;		wreg
  7827 ;; Tracked objects:
  7828 ;;		On entry : 300/800
  7829 ;;		On exit  : 300/0
  7830 ;;		Unchanged: 0/0
  7831 ;; Data sizes:     COMMON   BANK0   BANK1   BANK3   BANK2
  7832 ;;      Params:         0       0       0       0       0
  7833 ;;      Locals:         1       0       0       0       0
  7834 ;;      Temps:          0       0       0       0       0
  7835 ;;      Totals:         1       0       0       0       0
  7836 ;;Total ram usage:        1 bytes
  7837 ;; Hardware stack levels used: 1
  7838 ;; This function calls:
  7839 ;;		Nothing
  7840 ;; This function is called by:
  7841 ;;		_Lcd_Cmd
  7842 ;;		_Lcd_Write_Char
  7843 ;; This function uses a non-reentrant model
  7844 ;;
  7845                           
  7846     1A5C                     _Lcd_Port:	
  7847                           ;psect for function _Lcd_Port
  7848                           
  7849                           
  7850                           ;incstack = 0
  7851                           ; Regs used in _Lcd_Port: [wreg]
  7852                           ;Lcd_Port@a stored from wreg
  7853     1A5C  00F0               	movwf	Lcd_Port@a
  7854                           
  7855                           ;LCD.c: 4:     if(a & 1) PORTDbits.RD4 = 1; else PORTDbits.RD4 = 0;
  7856     1A5D  1C70               	btfss	Lcd_Port@a,0
  7857     1A5E  2A61               	goto	l165
  7858     1A5F  1608               	bsf	8,4	;volatile
  7859     1A60  2A62               	goto	l166
  7860     1A61                     l165:
  7861     1A61  1208               	bcf	8,4	;volatile
  7862     1A62                     l166:
  7863                           
  7864                           ;LCD.c: 5:     if(a & 2) PORTDbits.RD5 = 1; else PORTDbits.RD5 = 0;
  7865     1A62  1CF0               	btfss	Lcd_Port@a,1
  7866     1A63  2A66               	goto	l167
  7867     1A64  1688               	bsf	8,5	;volatile
  7868     1A65  2A67               	goto	l168
  7869     1A66                     l167:
  7870     1A66  1288               	bcf	8,5	;volatile
  7871     1A67                     l168:
  7872                           
  7873                           ;LCD.c: 6:     if(a & 4) PORTDbits.RD6 = 1; else PORTDbits.RD6 = 0;
  7874     1A67  1D70               	btfss	Lcd_Port@a,2
  7875     1A68  2A6B               	goto	l169
  7876     1A69  1708               	bsf	8,6	;volatile
  7877     1A6A  2A6C               	goto	l170
  7878     1A6B                     l169:
  7879     1A6B  1308               	bcf	8,6	;volatile
  7880     1A6C                     l170:
  7881                           
  7882                           ;LCD.c: 7:     if(a & 8) PORTDbits.RD7 = 1; else PORTDbits.RD7 = 0;
  7883     1A6C  1DF0               	btfss	Lcd_Port@a,3
  7884     1A6D  2A70               	goto	l171
  7885     1A6E  1788               	bsf	8,7	;volatile
  7886     1A6F  0008               	return
  7887     1A70                     l171:
  7888     1A70  1388               	bcf	8,7	;volatile
  7889     1A71  0008               	return
  7890     1A72                     __end_of_Lcd_Port:
  7891                           
  7892                           	psect	text29
  7893     10AC                     __ptext29:	
  7894 ;; *************** function _FAT32_Init *****************
  7895 ;; Defined at:
  7896 ;;		line 7 in file "FAT32_Simple.c"
  7897 ;; Parameters:    Size  Location     Type
  7898 ;;		None
  7899 ;; Auto vars:     Size  Location     Type
  7900 ;;		None
  7901 ;; Return value:  Size  Location     Type
  7902 ;;                  1    wreg      unsigned char 
  7903 ;; Registers used:
  7904 ;;		wreg
  7905 ;; Tracked objects:
  7906 ;;		On entry : 0/0
  7907 ;;		On exit  : 300/100
  7908 ;;		Unchanged: 0/0
  7909 ;; Data sizes:     COMMON   BANK0   BANK1   BANK3   BANK2
  7910 ;;      Params:         0       0       0       0       0
  7911 ;;      Locals:         0       0       0       0       0
  7912 ;;      Temps:          0       0       0       0       0
  7913 ;;      Totals:         0       0       0       0       0
  7914 ;;Total ram usage:        0 bytes
  7915 ;; Hardware stack levels used: 1
  7916 ;; This function calls:
  7917 ;;		Nothing
  7918 ;; This function is called by:
  7919 ;;		_main
  7920 ;; This function uses a non-reentrant model
  7921 ;;
  7922                           
  7923     10AC                     _FAT32_Init:	
  7924                           ;psect for function _FAT32_Init
  7925                           
  7926                           
  7927                           ;FAT32_Simple.c: 8:     data_sector = 1000;
  7928                           
  7929                           ;incstack = 0
  7930                           ; Regs used in _FAT32_Init: [wreg]
  7931     10AC  3000               	movlw	0
  7932     10AD  1683               	bsf	3,5	;RP0=1, select bank1
  7933     10AE  1303               	bcf	3,6	;RP1=0, select bank1
  7934     10AF  00EC               	movwf	(_data_sector+3)^(0+128)
  7935     10B0  3000               	movlw	0
  7936     10B1  00EB               	movwf	(_data_sector+2)^(0+128)
  7937     10B2  3003               	movlw	3
  7938     10B3  00EA               	movwf	(_data_sector+1)^(0+128)
  7939     10B4  30E8               	movlw	232
  7940     10B5  00E9               	movwf	_data_sector^(0+128)
  7941                           
  7942                           ;FAT32_Simple.c: 9:     return 1;
  7943     10B6  3001               	movlw	1
  7944     10B7  0008               	return
  7945     10B8                     __end_of_FAT32_Init:
  7946                           
  7947                           	psect	text30
  7948     1D47                     __ptext30:	
  7949 ;; *************** function _FAT32_AppendLine *****************
  7950 ;; Defined at:
  7951 ;;		line 13 in file "FAT32_Simple.c"
  7952 ;; Parameters:    Size  Location     Type
  7953 ;;  filename        1   15[BANK0 ] PTR const unsigned char 
  7954 ;;		 -> STR_20(9), STR_16(9), 
  7955 ;;  line            2   16[BANK0 ] PTR const unsigned char 
  7956 ;;		 -> csv(40), STR_17(22), 
  7957 ;; Auto vars:     Size  Location     Type
  7958 ;;  len             1   18[BANK0 ] unsigned char 
  7959 ;; Return value:  Size  Location     Type
  7960 ;;                  1    wreg      unsigned char 
  7961 ;; Registers used:
  7962 ;;		wreg, fsr0l, fsr0h, status,2, status,0, pclath, btemp1, cstack
  7963 ;; Tracked objects:
  7964 ;;		On entry : 300/0
  7965 ;;		On exit  : 300/100
  7966 ;;		Unchanged: 0/0
  7967 ;; Data sizes:     COMMON   BANK0   BANK1   BANK3   BANK2
  7968 ;;      Params:         0       3       0       0       0
  7969 ;;      Locals:         0       1       0       0       0
  7970 ;;      Temps:          0       0       0       0       0
  7971 ;;      Totals:         0       4       0       0       0
  7972 ;;Total ram usage:        4 bytes
  7973 ;; Hardware stack levels used: 1
  7974 ;; Hardware stack levels required when called: 3
  7975 ;; This function calls:
  7976 ;;		_SD_WriteBytes
  7977 ;; This function is called by:
  7978 ;;		_main
  7979 ;; This function uses a non-reentrant model
  7980 ;;
  7981                           
  7982     1D47                     _FAT32_AppendLine:	
  7983                           ;psect for function _FAT32_AppendLine
  7984                           
  7985                           
  7986                           ;FAT32_Simple.c: 14:     uint8_t len = 0;
  7987                           
  7988                           ;incstack = 0
  7989                           ; Regs used in _FAT32_AppendLine: [wreg-fsr0h+status,2+status,0+pclath+btemp1+cstack]
  7990     1D47  01B2               	clrf	FAT32_AppendLine@len
  7991                           
  7992                           ;FAT32_Simple.c: 17:     while(line[len] && len < 50) len++;
  7993     1D48  2D4F               	goto	l4213
  7994     1D49                     l4215:
  7995     1D49  3032               	movlw	50
  7996     1D4A  0232               	subwf	FAT32_AppendLine@len,w
  7997     1D4B  1803               	btfsc	3,0
  7998     1D4C  2D5E               	goto	l4217
  7999     1D4D  3001               	movlw	1
  8000     1D4E  07B2               	addwf	FAT32_AppendLine@len,f
  8001     1D4F                     l4213:
  8002     1D4F  0832               	movf	FAT32_AppendLine@len,w
  8003     1D50  0730               	addwf	FAT32_AppendLine@line,w
  8004     1D51  0084               	movwf	4
  8005     1D52  0831               	movf	FAT32_AppendLine@line+1,w
  8006     1D53  1803               	skipnc
  8007     1D54  0A31               	incf	FAT32_AppendLine@line+1,w
  8008     1D55  00FF               	movwf	127
  8009     1D56  160A  118A  2000  160A  158A  	fcall	stringtab
  8010     1D5B  3A00               	xorlw	0
  8011     1D5C  1D03               	btfss	3,2
  8012     1D5D  2D49               	goto	l4215
  8013     1D5E                     l4217:
  8014                           
  8015                           ;FAT32_Simple.c: 20:     SD_WriteBytes(data_sector, 0, (uint8_t*)line, len);
  8016     1D5E  1683               	bsf	3,5	;RP0=1, select bank1
  8017     1D5F  086C               	movf	(_data_sector+3)^(0+128),w
  8018     1D60  1283               	bcf	3,5	;RP0=0, select bank0
  8019     1D61  00A3               	movwf	SD_WriteBytes@sector+3
  8020     1D62  1683               	bsf	3,5	;RP0=1, select bank1
  8021     1D63  086B               	movf	(_data_sector+2)^(0+128),w
  8022     1D64  1283               	bcf	3,5	;RP0=0, select bank0
  8023     1D65  00A2               	movwf	SD_WriteBytes@sector+2
  8024     1D66  1683               	bsf	3,5	;RP0=1, select bank1
  8025     1D67  086A               	movf	(_data_sector+1)^(0+128),w
  8026     1D68  1283               	bcf	3,5	;RP0=0, select bank0
  8027     1D69  00A1               	movwf	SD_WriteBytes@sector+1
  8028     1D6A  1683               	bsf	3,5	;RP0=1, select bank1
  8029     1D6B  0869               	movf	_data_sector^(0+128),w
  8030     1D6C  1283               	bcf	3,5	;RP0=0, select bank0
  8031     1D6D  00A0               	movwf	SD_WriteBytes@sector
  8032     1D6E  3000               	movlw	0
  8033     1D6F  00A4               	movwf	SD_WriteBytes@offset
  8034     1D70  00A5               	movwf	SD_WriteBytes@offset+1
  8035     1D71  0830               	movf	FAT32_AppendLine@line,w
  8036     1D72  00A6               	movwf	SD_WriteBytes@buf
  8037     1D73  0831               	movf	FAT32_AppendLine@line+1,w
  8038     1D74  00A7               	movwf	SD_WriteBytes@buf+1
  8039     1D75  0832               	movf	FAT32_AppendLine@len,w
  8040     1D76  00A8               	movwf	SD_WriteBytes@len
  8041     1D77  160A  118A  24EF   	fcall	_SD_WriteBytes
  8042                           
  8043                           ;FAT32_Simple.c: 23:     data_sector++;
  8044     1D7A  3001               	movlw	1
  8045     1D7B  1683               	bsf	3,5	;RP0=1, select bank1
  8046     1D7C  1303               	bcf	3,6	;RP1=0, select bank1
  8047     1D7D  07E9               	addwf	_data_sector^(0+128),f
  8048     1D7E  3000               	movlw	0
  8049     1D7F  1803               	skipnc
  8050     1D80  3001               	movlw	1
  8051     1D81  07EA               	addwf	(_data_sector+1)^(0+128),f
  8052     1D82  3000               	movlw	0
  8053     1D83  1803               	skipnc
  8054     1D84  3001               	movlw	1
  8055     1D85  07EB               	addwf	(_data_sector+2)^(0+128),f
  8056     1D86  3000               	movlw	0
  8057     1D87  1803               	skipnc
  8058     1D88  3001               	movlw	1
  8059     1D89  07EC               	addwf	(_data_sector+3)^(0+128),f
  8060                           
  8061                           ;FAT32_Simple.c: 25:     return 1;
  8062     1D8A  3001               	movlw	1
  8063     1D8B  0008               	return
  8064     1D8C                     __end_of_FAT32_AppendLine:
  8065                           
  8066                           	psect	text31
  8067     14EF                     __ptext31:	
  8068 ;; *************** function _SD_WriteBytes *****************
  8069 ;; Defined at:
  8070 ;;		line 115 in file "SD_SPI.c"
  8071 ;; Parameters:    Size  Location     Type
  8072 ;;  sector          4    0[BANK0 ] unsigned long 
  8073 ;;  offset          2    4[BANK0 ] unsigned short 
  8074 ;;  buf             2    6[BANK0 ] PTR unsigned char 
  8075 ;;		 -> csv(40), STR_17(22), 
  8076 ;;  len             1    8[BANK0 ] unsigned char 
  8077 ;; Auto vars:     Size  Location     Type
  8078 ;;  i               2   13[BANK0 ] unsigned short 
  8079 ;;  resp            1   12[BANK0 ] unsigned char 
  8080 ;;  data_byte       1   11[BANK0 ] unsigned char 
  8081 ;; Return value:  Size  Location     Type
  8082 ;;                  1    wreg      void 
  8083 ;; Registers used:
  8084 ;;		wreg, fsr0l, fsr0h, status,2, status,0, pclath, btemp1, cstack
  8085 ;; Tracked objects:
  8086 ;;		On entry : 300/0
  8087 ;;		On exit  : 0/0
  8088 ;;		Unchanged: 0/0
  8089 ;; Data sizes:     COMMON   BANK0   BANK1   BANK3   BANK2
  8090 ;;      Params:         0       9       0       0       0
  8091 ;;      Locals:         0       4       0       0       0
  8092 ;;      Temps:          0       2       0       0       0
  8093 ;;      Totals:         0      15       0       0       0
  8094 ;;Total ram usage:       15 bytes
  8095 ;; Hardware stack levels used: 1
  8096 ;; Hardware stack levels required when called: 2
  8097 ;; This function calls:
  8098 ;;		_SD_Cmd
  8099 ;;		_SD_SPI_Transfer
  8100 ;; This function is called by:
  8101 ;;		_FAT32_AppendLine
  8102 ;; This function uses a non-reentrant model
  8103 ;;
  8104                           
  8105     14EF                     _SD_WriteBytes:	
  8106                           ;psect for function _SD_WriteBytes
  8107                           
  8108                           
  8109                           ;SD_SPI.c: 116:     uint16_t i;;SD_SPI.c: 117:     uint8_t resp, data_byte;;SD_SPI.c: 12
      +                          0:     PORTBbits.RB0 = 1;
  8110                           
  8111                           ;incstack = 0
  8112                           ; Regs used in _SD_WriteBytes: [wreg-fsr0h+status,2+status,0+pclath+btemp1+cstack]
  8113     14EF  1406               	bsf	6,0	;volatile
  8114                           
  8115                           ;SD_SPI.c: 121:     SD_SPI_Transfer(0xFF);
  8116     14F0  30FF               	movlw	255
  8117     14F1  160A  158A  23EE  160A  118A  	fcall	_SD_SPI_Transfer
  8118                           
  8119                           ;SD_SPI.c: 122:     _delay((unsigned long)((1)*(20000000/4000.0)));
  8120     14F6  3007               	movlw	7
  8121     14F7  1283               	bcf	3,5	;RP0=0, select bank0
  8122     14F8  1303               	bcf	3,6	;RP1=0, select bank0
  8123     14F9  00AA               	movwf	??_SD_WriteBytes+1
  8124     14FA  307C               	movlw	124
  8125     14FB  00A9               	movwf	??_SD_WriteBytes
  8126     14FC                     u6377:
  8127     14FC  0BA9               	decfsz	??_SD_WriteBytes,f
  8128     14FD  2CFC               	goto	u6377
  8129     14FE  0BAA               	decfsz	??_SD_WriteBytes+1,f
  8130     14FF  2CFC               	goto	u6377
  8131     1500  0000               	nop
  8132                           
  8133                           ;SD_SPI.c: 125:     PORTBbits.RB0 = 0;
  8134     1501  1283               	bcf	3,5	;RP0=0, select bank0
  8135     1502  1303               	bcf	3,6	;RP1=0, select bank0
  8136     1503  1006               	bcf	6,0	;volatile
  8137                           
  8138                           ;SD_SPI.c: 126:     _delay((unsigned long)((1)*(20000000/4000.0)));
  8139     1504  3007               	movlw	7
  8140     1505  1283               	bcf	3,5	;RP0=0, select bank0
  8141     1506  1303               	bcf	3,6	;RP1=0, select bank0
  8142     1507  00AA               	movwf	??_SD_WriteBytes+1
  8143     1508  307C               	movlw	124
  8144     1509  00A9               	movwf	??_SD_WriteBytes
  8145     150A                     u6387:
  8146     150A  0BA9               	decfsz	??_SD_WriteBytes,f
  8147     150B  2D0A               	goto	u6387
  8148     150C  0BAA               	decfsz	??_SD_WriteBytes+1,f
  8149     150D  2D0A               	goto	u6387
  8150     150E  0000               	nop
  8151                           
  8152                           ;SD_SPI.c: 129:     resp = SD_Cmd(0x18, sector);
  8153     150F  1283               	bcf	3,5	;RP0=0, select bank0
  8154     1510  1303               	bcf	3,6	;RP1=0, select bank0
  8155     1511  0823               	movf	SD_WriteBytes@sector+3,w
  8156     1512  00F9               	movwf	SD_Cmd@arg+3
  8157     1513  0822               	movf	SD_WriteBytes@sector+2,w
  8158     1514  00F8               	movwf	SD_Cmd@arg+2
  8159     1515  0821               	movf	SD_WriteBytes@sector+1,w
  8160     1516  00F7               	movwf	SD_Cmd@arg+1
  8161     1517  0820               	movf	SD_WriteBytes@sector,w
  8162     1518  00F6               	movwf	SD_Cmd@arg
  8163     1519  3018               	movlw	24
  8164     151A  120A  118A  2008  160A  118A  	fcall	_SD_Cmd
  8165     151F  1283               	bcf	3,5	;RP0=0, select bank0
  8166     1520  1303               	bcf	3,6	;RP1=0, select bank0
  8167     1521  00AC               	movwf	SD_WriteBytes@resp
  8168                           
  8169                           ;SD_SPI.c: 130:     if(resp != 0x00){
  8170     1522  082C               	movf	SD_WriteBytes@resp,w
  8171     1523  1903               	btfsc	3,2
  8172     1524  2D2B               	goto	l3543
  8173                           
  8174                           ;SD_SPI.c: 131:         PORTBbits.RB0 = 1;
  8175     1525  1406               	bsf	6,0	;volatile
  8176                           
  8177                           ;SD_SPI.c: 132:         SD_SPI_Transfer(0xFF);
  8178     1526  30FF               	movlw	255
  8179     1527  160A  158A  23EE   	fcall	_SD_SPI_Transfer
  8180     152A  0008               	return
  8181     152B                     l3543:
  8182                           
  8183                           ;SD_SPI.c: 137:     _delay((unsigned long)((1)*(20000000/4000.0)));
  8184     152B  3007               	movlw	7
  8185     152C  1283               	bcf	3,5	;RP0=0, select bank0
  8186     152D  1303               	bcf	3,6	;RP1=0, select bank0
  8187     152E  00AA               	movwf	??_SD_WriteBytes+1
  8188     152F  307C               	movlw	124
  8189     1530  00A9               	movwf	??_SD_WriteBytes
  8190     1531                     u6397:
  8191     1531  0BA9               	decfsz	??_SD_WriteBytes,f
  8192     1532  2D31               	goto	u6397
  8193     1533  0BAA               	decfsz	??_SD_WriteBytes+1,f
  8194     1534  2D31               	goto	u6397
  8195     1535  0000               	nop
  8196                           
  8197                           ;SD_SPI.c: 140:     SD_SPI_Transfer(0xFE);
  8198     1536  30FE               	movlw	254
  8199     1537  160A  158A  23EE  160A  118A  	fcall	_SD_SPI_Transfer
  8200                           
  8201                           ;SD_SPI.c: 143:     for(i = 0; i < 512; i++){
  8202     153C  1283               	bcf	3,5	;RP0=0, select bank0
  8203     153D  1303               	bcf	3,6	;RP1=0, select bank0
  8204     153E  01AD               	clrf	SD_WriteBytes@i
  8205     153F  01AE               	clrf	SD_WriteBytes@i+1
  8206     1540                     l3553:
  8207                           
  8208                           ;SD_SPI.c: 144:         if(i >= offset && i < (offset + len)){
  8209     1540  0825               	movf	SD_WriteBytes@offset+1,w
  8210     1541  022E               	subwf	SD_WriteBytes@i+1,w
  8211     1542  1D03               	skipz
  8212     1543  2D46               	goto	u4625
  8213     1544  0824               	movf	SD_WriteBytes@offset,w
  8214     1545  022D               	subwf	SD_WriteBytes@i,w
  8215     1546                     u4625:
  8216     1546  1C03               	skipc
  8217     1547  2D6D               	goto	l3561
  8218     1548  0828               	movf	SD_WriteBytes@len,w
  8219     1549  0724               	addwf	SD_WriteBytes@offset,w
  8220     154A  00A9               	movwf	??_SD_WriteBytes
  8221     154B  0825               	movf	SD_WriteBytes@offset+1,w
  8222     154C  1803               	skipnc
  8223     154D  0A25               	incf	SD_WriteBytes@offset+1,w
  8224     154E  00AA               	movwf	??_SD_WriteBytes+1
  8225     154F  082A               	movf	??_SD_WriteBytes+1,w
  8226     1550  022E               	subwf	SD_WriteBytes@i+1,w
  8227     1551  1D03               	skipz
  8228     1552  2D55               	goto	u4635
  8229     1553  0829               	movf	??_SD_WriteBytes,w
  8230     1554  022D               	subwf	SD_WriteBytes@i,w
  8231     1555                     u4635:
  8232     1555  1803               	skipnc
  8233     1556  2D6D               	goto	l3561
  8234                           
  8235                           ;SD_SPI.c: 146:             data_byte = buf[i - offset];
  8236     1557  0827               	movf	SD_WriteBytes@buf+1,w
  8237     1558  00AA               	movwf	??_SD_WriteBytes+1
  8238     1559  0824               	movf	SD_WriteBytes@offset,w
  8239     155A  0226               	subwf	SD_WriteBytes@buf,w
  8240     155B  00A9               	movwf	??_SD_WriteBytes
  8241     155C  1C03               	skipc
  8242     155D  03AA               	decf	??_SD_WriteBytes+1,f
  8243     155E  082D               	movf	SD_WriteBytes@i,w
  8244     155F  0729               	addwf	??_SD_WriteBytes,w
  8245     1560  0084               	movwf	4
  8246     1561  082A               	movf	??_SD_WriteBytes+1,w
  8247     1562  1803               	skipnc
  8248     1563  0A2A               	incf	??_SD_WriteBytes+1,w
  8249     1564  00FF               	movwf	127
  8250     1565  160A  118A  2000  160A  118A  	fcall	stringtab
  8251     156A  00AB               	movwf	SD_WriteBytes@data_byte
  8252                           
  8253                           ;SD_SPI.c: 147:             SD_SPI_Transfer(data_byte);
  8254     156B  082B               	movf	SD_WriteBytes@data_byte,w
  8255     156C  2D6E               	goto	L6
  8256     156D                     l3561:	
  8257                           ;SD_SPI.c: 148:         } else {
  8258                           
  8259                           
  8260                           ;SD_SPI.c: 150:             SD_SPI_Transfer(0xFF);
  8261     156D  30FF               	movlw	255
  8262     156E                     L6:
  8263     156E  160A  158A  23EE  160A  118A  	fcall	_SD_SPI_Transfer
  8264                           
  8265                           ;SD_SPI.c: 152:     }
  8266     1573  3001               	movlw	1
  8267     1574  1283               	bcf	3,5	;RP0=0, select bank0
  8268     1575  1303               	bcf	3,6	;RP1=0, select bank0
  8269     1576  07AD               	addwf	SD_WriteBytes@i,f
  8270     1577  1803               	skipnc
  8271     1578  0AAE               	incf	SD_WriteBytes@i+1,f
  8272     1579  3000               	movlw	0
  8273     157A  07AE               	addwf	SD_WriteBytes@i+1,f
  8274     157B  3002               	movlw	2
  8275     157C  022E               	subwf	SD_WriteBytes@i+1,w
  8276     157D  3000               	movlw	0
  8277     157E  1903               	skipnz
  8278     157F  022D               	subwf	SD_WriteBytes@i,w
  8279     1580  1C03               	skipc
  8280     1581  2D40               	goto	l3553
  8281                           
  8282                           ;SD_SPI.c: 155:     SD_SPI_Transfer(0xFF);
  8283     1582  30FF               	movlw	255
  8284     1583  160A  158A  23EE  160A  118A  	fcall	_SD_SPI_Transfer
  8285                           
  8286                           ;SD_SPI.c: 156:     SD_SPI_Transfer(0xFF);
  8287     1588  30FF               	movlw	255
  8288     1589  160A  158A  23EE  160A  118A  	fcall	_SD_SPI_Transfer
  8289                           
  8290                           ;SD_SPI.c: 159:     resp = SD_SPI_Transfer(0xFF);
  8291     158E  30FF               	movlw	255
  8292     158F  160A  158A  23EE  160A  118A  	fcall	_SD_SPI_Transfer
  8293     1594  1283               	bcf	3,5	;RP0=0, select bank0
  8294     1595  1303               	bcf	3,6	;RP1=0, select bank0
  8295     1596  00AC               	movwf	SD_WriteBytes@resp
  8296                           
  8297                           ;SD_SPI.c: 163:     if((resp & 0x1F) != 0x05){
  8298     1597  301F               	movlw	31
  8299     1598  052C               	andwf	SD_WriteBytes@resp,w
  8300     1599  00A9               	movwf	??_SD_WriteBytes
  8301     159A  3005               	movlw	5
  8302     159B  0629               	xorwf	??_SD_WriteBytes,w
  8303     159C  1903               	btfsc	3,2
  8304     159D  2DA4               	goto	l3577
  8305                           
  8306                           ;SD_SPI.c: 164:         PORTBbits.RB0 = 1;
  8307     159E  1406               	bsf	6,0	;volatile
  8308                           
  8309                           ;SD_SPI.c: 165:         SD_SPI_Transfer(0xFF);
  8310     159F  30FF               	movlw	255
  8311     15A0  160A  158A  23EE   	fcall	_SD_SPI_Transfer
  8312     15A3  0008               	return
  8313     15A4                     l3577:
  8314                           
  8315                           ;SD_SPI.c: 171:     i = 0;
  8316     15A4  01AD               	clrf	SD_WriteBytes@i
  8317     15A5  01AE               	clrf	SD_WriteBytes@i+1
  8318     15A6                     l325:	
  8319                           ;SD_SPI.c: 178:     }
  8320                           
  8321                           ;SD_SPI.c: 172:     while(i < 60000){
  8322                           
  8323                           
  8324                           ;SD_SPI.c: 172:     while(i < 60000){
  8325     15A6  30EA               	movlw	234
  8326     15A7  022E               	subwf	SD_WriteBytes@i+1,w
  8327     15A8  3060               	movlw	96
  8328     15A9  1903               	skipnz
  8329     15AA  022D               	subwf	SD_WriteBytes@i,w
  8330     15AB  1803               	btfsc	3,0
  8331     15AC  2DC0               	goto	l328
  8332                           
  8333                           ;SD_SPI.c: 173:         resp = SD_SPI_Transfer(0xFF);
  8334     15AD  30FF               	movlw	255
  8335     15AE  160A  158A  23EE  160A  118A  	fcall	_SD_SPI_Transfer
  8336     15B3  1283               	bcf	3,5	;RP0=0, select bank0
  8337     15B4  1303               	bcf	3,6	;RP1=0, select bank0
  8338     15B5  00AC               	movwf	SD_WriteBytes@resp
  8339                           
  8340                           ;SD_SPI.c: 174:         if(resp != 0x00){
  8341     15B6  082C               	movf	SD_WriteBytes@resp,w
  8342     15B7  1D03               	btfss	3,2
  8343     15B8  2DC0               	goto	l328
  8344                           
  8345                           ;SD_SPI.c: 177:         i++;
  8346     15B9  3001               	movlw	1
  8347     15BA  07AD               	addwf	SD_WriteBytes@i,f
  8348     15BB  1803               	skipnc
  8349     15BC  0AAE               	incf	SD_WriteBytes@i+1,f
  8350     15BD  3000               	movlw	0
  8351     15BE  07AE               	addwf	SD_WriteBytes@i+1,f
  8352     15BF  2DA6               	goto	l325
  8353     15C0                     l328:
  8354                           
  8355                           ;SD_SPI.c: 181:     PORTBbits.RB0 = 1;
  8356     15C0  1406               	bsf	6,0	;volatile
  8357                           
  8358                           ;SD_SPI.c: 182:     SD_SPI_Transfer(0xFF);
  8359     15C1  30FF               	movlw	255
  8360     15C2  160A  158A  23EE  160A  118A  	fcall	_SD_SPI_Transfer
  8361                           
  8362                           ;SD_SPI.c: 183:     _delay((unsigned long)((20)*(20000000/4000.0)));
  8363     15C7  3082               	movlw	130
  8364     15C8  1283               	bcf	3,5	;RP0=0, select bank0
  8365     15C9  1303               	bcf	3,6	;RP1=0, select bank0
  8366     15CA  00AA               	movwf	??_SD_WriteBytes+1
  8367     15CB  30DD               	movlw	221
  8368     15CC  00A9               	movwf	??_SD_WriteBytes
  8369     15CD                     u6407:
  8370     15CD  0BA9               	decfsz	??_SD_WriteBytes,f
  8371     15CE  2DCD               	goto	u6407
  8372     15CF  0BAA               	decfsz	??_SD_WriteBytes+1,f
  8373     15D0  2DCD               	goto	u6407
  8374     15D1  0008               	return
  8375     15D2                     __end_of_SD_WriteBytes:
  8376                           
  8377                           	psect	text32
  8378     0008                     __ptext32:	
  8379 ;; *************** function _SD_Cmd *****************
  8380 ;; Defined at:
  8381 ;;		line 30 in file "SD_SPI.c"
  8382 ;; Parameters:    Size  Location     Type
  8383 ;;  cmd             1    wreg     unsigned char 
  8384 ;;  arg             4    6[COMMON] unsigned long 
  8385 ;; Auto vars:     Size  Location     Type
  8386 ;;  cmd             1   13[COMMON] unsigned char 
  8387 ;;  i               1   12[COMMON] unsigned char 
  8388 ;;  r               1   11[COMMON] unsigned char 
  8389 ;;  crc             1   10[COMMON] unsigned char 
  8390 ;; Return value:  Size  Location     Type
  8391 ;;                  1    wreg      unsigned char 
  8392 ;; Registers used:
  8393 ;;		wreg, status,2, status,0, pclath, cstack
  8394 ;; Tracked objects:
  8395 ;;		On entry : 0/0
  8396 ;;		On exit  : 0/0
  8397 ;;		Unchanged: 0/0
  8398 ;; Data sizes:     COMMON   BANK0   BANK1   BANK3   BANK2
  8399 ;;      Params:         4       0       0       0       0
  8400 ;;      Locals:         4       0       0       0       0
  8401 ;;      Temps:          0       0       0       0       0
  8402 ;;      Totals:         8       0       0       0       0
  8403 ;;Total ram usage:        8 bytes
  8404 ;; Hardware stack levels used: 1
  8405 ;; This function calls:
  8406 ;;		_SD_SPI_Transfer
  8407 ;; This function is called by:
  8408 ;;		_SD_Init
  8409 ;;		_SD_WriteBytes
  8410 ;; This function uses a non-reentrant model
  8411 ;;
  8412                           
  8413     0008                     _SD_Cmd:	
  8414                           ;psect for function _SD_Cmd
  8415                           
  8416                           
  8417                           ;incstack = 0
  8418                           ; Regs used in _SD_Cmd: [wreg+status,2+status,0+pclath+cstack]
  8419                           ;SD_Cmd@cmd stored from wreg
  8420     0008  00FD               	movwf	SD_Cmd@cmd
  8421                           
  8422                           ;SD_SPI.c: 31:     uint8_t r, i, crc = 0xFF;
  8423     0009  30FF               	movlw	255
  8424     000A  00FA               	movwf	SD_Cmd@crc
  8425                           
  8426                           ;SD_SPI.c: 32:     if(cmd == 0x00) crc = 0x95;
  8427     000B  087D               	movf	SD_Cmd@cmd,w
  8428     000C  1D03               	btfss	3,2
  8429     000D  2810               	goto	l2875
  8430     000E  3095               	movlw	149
  8431     000F  00FA               	movwf	SD_Cmd@crc
  8432     0010                     l2875:
  8433                           
  8434                           ;SD_SPI.c: 33:     if(cmd == 0x08) crc = 0x87;
  8435     0010  3008               	movlw	8
  8436     0011  067D               	xorwf	SD_Cmd@cmd,w
  8437     0012  1D03               	btfss	3,2
  8438     0013  2816               	goto	l2879
  8439     0014  3087               	movlw	135
  8440     0015  00FA               	movwf	SD_Cmd@crc
  8441     0016                     l2879:
  8442                           
  8443                           ;SD_SPI.c: 38:     SD_SPI_Transfer(0xFF);
  8444     0016  30FF               	movlw	255
  8445     0017  160A  158A  23EE  120A  118A  	fcall	_SD_SPI_Transfer
  8446                           
  8447                           ;SD_SPI.c: 40:     SD_SPI_Transfer(cmd | 0x40);
  8448     001C  087D               	movf	SD_Cmd@cmd,w
  8449     001D  3840               	iorlw	64
  8450     001E  160A  158A  23EE  120A  118A  	fcall	_SD_SPI_Transfer
  8451                           
  8452                           ;SD_SPI.c: 41:     SD_SPI_Transfer((uint8_t)(arg >> 24));
  8453     0023  0879               	movf	SD_Cmd@arg+3,w
  8454     0024  160A  158A  23EE  120A  118A  	fcall	_SD_SPI_Transfer
  8455                           
  8456                           ;SD_SPI.c: 42:     SD_SPI_Transfer((uint8_t)(arg >> 16));
  8457     0029  0878               	movf	SD_Cmd@arg+2,w
  8458     002A  160A  158A  23EE  120A  118A  	fcall	_SD_SPI_Transfer
  8459                           
  8460                           ;SD_SPI.c: 43:     SD_SPI_Transfer((uint8_t)(arg >> 8));
  8461     002F  0877               	movf	SD_Cmd@arg+1,w
  8462     0030  160A  158A  23EE  120A  118A  	fcall	_SD_SPI_Transfer
  8463                           
  8464                           ;SD_SPI.c: 44:     SD_SPI_Transfer((uint8_t)arg);
  8465     0035  0876               	movf	SD_Cmd@arg,w
  8466     0036  160A  158A  23EE  120A  118A  	fcall	_SD_SPI_Transfer
  8467                           
  8468                           ;SD_SPI.c: 45:     SD_SPI_Transfer(crc);
  8469     003B  087A               	movf	SD_Cmd@crc,w
  8470     003C  160A  158A  23EE  120A  118A  	fcall	_SD_SPI_Transfer
  8471                           
  8472                           ;SD_SPI.c: 48:     for(i = 0; i < 10; i++){
  8473     0041  01FC               	clrf	SD_Cmd@i
  8474     0042                     l2887:
  8475                           
  8476                           ;SD_SPI.c: 49:         r = SD_SPI_Transfer(0xFF);
  8477     0042  30FF               	movlw	255
  8478     0043  160A  158A  23EE  120A  118A  	fcall	_SD_SPI_Transfer
  8479     0048  00FB               	movwf	SD_Cmd@r
  8480                           
  8481                           ;SD_SPI.c: 50:         if(!(r & 0x80)) return r;
  8482     0049  1BFB               	btfsc	SD_Cmd@r,7
  8483     004A  284D               	goto	l2895
  8484     004B  087B               	movf	SD_Cmd@r,w
  8485     004C  0008               	return
  8486     004D                     l2895:
  8487                           
  8488                           ;SD_SPI.c: 51:     }
  8489     004D  3001               	movlw	1
  8490     004E  07FC               	addwf	SD_Cmd@i,f
  8491     004F  300A               	movlw	10
  8492     0050  027C               	subwf	SD_Cmd@i,w
  8493     0051  1C03               	skipc
  8494     0052  2842               	goto	l2887
  8495                           
  8496                           ;SD_SPI.c: 52:     return 0xFF;
  8497     0053  30FF               	movlw	255
  8498     0054  0008               	return
  8499     0055                     __end_of_SD_Cmd:
  8500                           
  8501                           	psect	text33
  8502     1BEE                     __ptext33:	
  8503 ;; *************** function _SD_SPI_Transfer *****************
  8504 ;; Defined at:
  8505 ;;		line 16 in file "SD_SPI.c"
  8506 ;; Parameters:    Size  Location     Type
  8507 ;;  data            1    wreg     unsigned char 
  8508 ;; Auto vars:     Size  Location     Type
  8509 ;;  data            1    3[COMMON] unsigned char 
  8510 ;;  result          1    5[COMMON] unsigned char 
  8511 ;;  i               1    4[COMMON] unsigned char 
  8512 ;; Return value:  Size  Location     Type
  8513 ;;                  1    wreg      unsigned char 
  8514 ;; Registers used:
  8515 ;;		wreg, status,2, status,0
  8516 ;; Tracked objects:
  8517 ;;		On entry : 0/0
  8518 ;;		On exit  : 0/0
  8519 ;;		Unchanged: 0/0
  8520 ;; Data sizes:     COMMON   BANK0   BANK1   BANK3   BANK2
  8521 ;;      Params:         0       0       0       0       0
  8522 ;;      Locals:         3       0       0       0       0
  8523 ;;      Temps:          3       0       0       0       0
  8524 ;;      Totals:         6       0       0       0       0
  8525 ;;Total ram usage:        6 bytes
  8526 ;; Hardware stack levels used: 1
  8527 ;; This function calls:
  8528 ;;		Nothing
  8529 ;; This function is called by:
  8530 ;;		_SD_Cmd
  8531 ;;		_SD_Init
  8532 ;;		_SD_WriteBytes
  8533 ;; This function uses a non-reentrant model
  8534 ;;
  8535                           
  8536     1BEE                     _SD_SPI_Transfer:	
  8537                           ;psect for function _SD_SPI_Transfer
  8538                           
  8539                           
  8540                           ;incstack = 0
  8541                           ; Regs used in _SD_SPI_Transfer: [wreg+status,2+status,0]
  8542                           ;SD_SPI_Transfer@data stored from wreg
  8543     1BEE  00F3               	movwf	SD_SPI_Transfer@data
  8544                           
  8545                           ;SD_SPI.c: 17:     uint8_t i, result = 0;
  8546     1BEF  01F5               	clrf	SD_SPI_Transfer@result
  8547                           
  8548                           ;SD_SPI.c: 18:     for(i = 0; i < 8; i++){
  8549     1BF0  01F4               	clrf	SD_SPI_Transfer@i
  8550     1BF1                     l272:
  8551                           
  8552                           ;SD_SPI.c: 19:         PORTBbits.RB1 = (data & 0x80) ? 1 : 0;
  8553     1BF1  1FF3               	btfss	SD_SPI_Transfer@data,7
  8554     1BF2  2BF7               	goto	u3090
  8555     1BF3  1283               	bcf	3,5	;RP0=0, select bank0
  8556     1BF4  1303               	bcf	3,6	;RP1=0, select bank0
  8557     1BF5  1486               	bsf	6,1	;volatile
  8558     1BF6  2BFA               	goto	l2751
  8559     1BF7                     u3090:
  8560     1BF7  1283               	bcf	3,5	;RP0=0, select bank0
  8561     1BF8  1303               	bcf	3,6	;RP1=0, select bank0
  8562     1BF9  1086               	bcf	6,1	;volatile
  8563     1BFA                     l2751:
  8564                           
  8565                           ;SD_SPI.c: 20:         data <<= 1;
  8566     1BFA  1003               	clrc
  8567     1BFB  0DF3               	rlf	SD_SPI_Transfer@data,f
  8568                           
  8569                           ;SD_SPI.c: 21:         PORTBbits.RB3 = 1;
  8570     1BFC  1586               	bsf	6,3	;volatile
  8571                           
  8572                           ;SD_SPI.c: 22:         _delay((unsigned long)((1)*(20000000/4000000.0)));
  8573     1BFD  2BFE               	nop2	;2 cycle nop
  8574     1BFE  2BFF               	nop2	;2 cycle nop
  8575     1BFF  0000               	nop
  8576                           
  8577                           ;SD_SPI.c: 23:         result = (result << 1) | (PORTBbits.RB2 ? 1 : 0);
  8578     1C00  1283               	bcf	3,5	;RP0=0, select bank0
  8579     1C01  1303               	bcf	3,6	;RP1=0, select bank0
  8580     1C02  0C06               	rrf	6,w	;volatile
  8581     1C03  00F0               	movwf	??_SD_SPI_Transfer
  8582     1C04  0C70               	rrf	??_SD_SPI_Transfer,w
  8583     1C05  3901               	andlw	1
  8584     1C06  00F1               	movwf	??_SD_SPI_Transfer+1
  8585     1C07  0875               	movf	SD_SPI_Transfer@result,w
  8586     1C08  00F2               	movwf	??_SD_SPI_Transfer+2
  8587     1C09  0772               	addwf	??_SD_SPI_Transfer+2,w
  8588     1C0A  0471               	iorwf	??_SD_SPI_Transfer+1,w
  8589     1C0B  00F5               	movwf	SD_SPI_Transfer@result
  8590                           
  8591                           ;SD_SPI.c: 24:         PORTBbits.RB3 = 0;
  8592     1C0C  1186               	bcf	6,3	;volatile
  8593                           
  8594                           ;SD_SPI.c: 25:         _delay((unsigned long)((1)*(20000000/4000000.0)));
  8595     1C0D  2C0E               	nop2	;2 cycle nop
  8596     1C0E  2C0F               	nop2	;2 cycle nop
  8597     1C0F  0000               	nop
  8598                           
  8599                           ;SD_SPI.c: 26:     }
  8600     1C10  3001               	movlw	1
  8601     1C11  07F4               	addwf	SD_SPI_Transfer@i,f
  8602     1C12  3008               	movlw	8
  8603     1C13  0274               	subwf	SD_SPI_Transfer@i,w
  8604     1C14  1C03               	skipc
  8605     1C15  2BF1               	goto	l272
  8606                           
  8607                           ;SD_SPI.c: 27:     return result;
  8608     1C16  0875               	movf	SD_SPI_Transfer@result,w
  8609     1C17  0008               	return
  8610     1C18                     __end_of_SD_SPI_Transfer:
  8611                           
  8612                           	psect	text34
  8613     0834                     __ptext34:	
  8614 ;; *************** function _DS3231_ReadTime *****************
  8615 ;; Defined at:
  8616 ;;		line 70 in file "DS3231.c"
  8617 ;; Parameters:    Size  Location     Type
  8618 ;;  time            2   10[COMMON] PTR struct .
  8619 ;;		 -> main@t(7), 
  8620 ;; Auto vars:     Size  Location     Type
  8621 ;;  r               1    0[BANK0 ] unsigned char 
  8622 ;; Return value:  Size  Location     Type
  8623 ;;                  1    wreg      unsigned char 
  8624 ;; Registers used:
  8625 ;;		wreg, fsr0l, fsr0h, status,2, status,0, pclath, cstack
  8626 ;; Tracked objects:
  8627 ;;		On entry : 0/100
  8628 ;;		On exit  : 0/0
  8629 ;;		Unchanged: 0/0
  8630 ;; Data sizes:     COMMON   BANK0   BANK1   BANK3   BANK2
  8631 ;;      Params:         2       0       0       0       0
  8632 ;;      Locals:         0       1       0       0       0
  8633 ;;      Temps:          2       0       0       0       0
  8634 ;;      Totals:         4       1       0       0       0
  8635 ;;Total ram usage:        5 bytes
  8636 ;; Hardware stack levels used: 1
  8637 ;; Hardware stack levels required when called: 3
  8638 ;; This function calls:
  8639 ;;		_DS3231_IsPresent
  8640 ;;		_I2C_Read
  8641 ;;		_I2C_Start
  8642 ;;		_I2C_Stop
  8643 ;;		_I2C_Write
  8644 ;;		_bcd2dec
  8645 ;;		_clr
  8646 ;; This function is called by:
  8647 ;;		_main
  8648 ;; This function uses a non-reentrant model
  8649 ;;
  8650                           
  8651     0834                     _DS3231_ReadTime:	
  8652                           ;psect for function _DS3231_ReadTime
  8653                           
  8654                           
  8655                           ;DS3231.c: 71:     uint8_t r;;DS3231.c: 73:     if(!DS3231_IsPresent()){ clr(time); retu
      +                          rn 0; }
  8656                           
  8657                           ;incstack = 0
  8658                           ; Regs used in _DS3231_ReadTime: [wreg-fsr0h+status,2+status,0+pclath+cstack]
  8659     0834  160A  158A  2225  120A  158A  	fcall	_DS3231_IsPresent
  8660     0839  3A00               	xorlw	0
  8661     083A  1903               	btfsc	3,2
  8662     083B  2842               	goto	l4227
  8663     083C  284A               	goto	l4231
  8664     083D                     l4233:
  8665     083D  160A  158A  22A3  120A  158A  	fcall	_I2C_Stop
  8666     0842                     l4227:
  8667     0842  087A               	movf	DS3231_ReadTime@time,w
  8668     0843  00F0               	movwf	clr@t
  8669     0844  087B               	movf	DS3231_ReadTime@time+1,w
  8670     0845  00F1               	movwf	clr@t+1
  8671     0846  160A  158A  262A   	fcall	_clr
  8672     0849  0008               	return
  8673     084A                     l4231:
  8674                           
  8675                           ;DS3231.c: 75:     I2C_Start();
  8676     084A  160A  158A  2288  120A  158A  	fcall	_I2C_Start
  8677                           
  8678                           ;DS3231.c: 76:     if(!I2C_Write(0x68<<1)) { I2C_Stop(); clr(time); return 0; }
  8679     084F  30D0               	movlw	208
  8680     0850  160A  158A  24C3  120A  158A  	fcall	_I2C_Write
  8681     0855  3A00               	xorlw	0
  8682     0856  1903               	btfsc	3,2
  8683     0857  283D               	goto	l4233
  8684                           
  8685                           ;DS3231.c: 77:     if(!I2C_Write(0x00)) { I2C_Stop(); clr(time); return 0; }
  8686     0858  3000               	movlw	0
  8687     0859  160A  158A  24C3  120A  158A  	fcall	_I2C_Write
  8688     085E  3A00               	xorlw	0
  8689     085F  1903               	btfsc	3,2
  8690     0860  283D               	goto	l4233
  8691                           
  8692                           ;DS3231.c: 79:     I2C_Start();
  8693     0861  160A  158A  2288  120A  158A  	fcall	_I2C_Start
  8694                           
  8695                           ;DS3231.c: 80:     if(!I2C_Write((0x68<<1)|1)) { I2C_Stop(); clr(time); return 0; }
  8696     0866  30D1               	movlw	209
  8697     0867  160A  158A  24C3  120A  158A  	fcall	_I2C_Write
  8698     086C  3A00               	xorlw	0
  8699     086D  1903               	btfsc	3,2
  8700     086E  283D               	goto	l4233
  8701                           
  8702                           ;DS3231.c: 82:     r = I2C_Read(1); time->seconds = bcd2dec(r & 0x7F);
  8703     086F  3001               	movlw	1
  8704     0870  160A  158A  2504  120A  158A  	fcall	_I2C_Read
  8705     0875  1283               	bcf	3,5	;RP0=0, select bank0
  8706     0876  00A0               	movwf	DS3231_ReadTime@r
  8707     0877  087A               	movf	DS3231_ReadTime@time,w
  8708     0878  0084               	movwf	4
  8709     0879  1783               	bsf	3,7
  8710     087A  1C7B               	btfss	DS3231_ReadTime@time+1,0
  8711     087B  1383               	bcf	3,7
  8712     087C  0820               	movf	DS3231_ReadTime@r,w
  8713     087D  397F               	andlw	127
  8714     087E  160A  158A  2248  120A  158A  	fcall	_bcd2dec
  8715     0883  0080               	movwf	0
  8716                           
  8717                           ;DS3231.c: 83:     r = I2C_Read(1); time->minutes = bcd2dec(r & 0x7F);
  8718     0884  3001               	movlw	1
  8719     0885  160A  158A  2504  120A  158A  	fcall	_I2C_Read
  8720     088A  1283               	bcf	3,5	;RP0=0, select bank0
  8721     088B  00A0               	movwf	DS3231_ReadTime@r
  8722     088C  087A               	movf	DS3231_ReadTime@time,w
  8723     088D  3E01               	addlw	1
  8724     088E  00FC               	movwf	??_DS3231_ReadTime
  8725     088F  087B               	movf	DS3231_ReadTime@time+1,w
  8726     0890  1803               	skipnc
  8727     0891  3E01               	addlw	1
  8728     0892  3E00               	addlw	0
  8729     0893  00FD               	movwf	??_DS3231_ReadTime+1
  8730     0894  087C               	movf	??_DS3231_ReadTime,w
  8731     0895  0084               	movwf	4
  8732     0896  1783               	bsf	3,7
  8733     0897  1C7D               	btfss	??_DS3231_ReadTime+1,0
  8734     0898  1383               	bcf	3,7
  8735     0899  0820               	movf	DS3231_ReadTime@r,w
  8736     089A  397F               	andlw	127
  8737     089B  160A  158A  2248  120A  158A  	fcall	_bcd2dec
  8738     08A0  0080               	movwf	0
  8739                           
  8740                           ;DS3231.c: 84:     r = I2C_Read(1); time->hours = bcd2dec(r & 0x3F);
  8741     08A1  3001               	movlw	1
  8742     08A2  160A  158A  2504  120A  158A  	fcall	_I2C_Read
  8743     08A7  1283               	bcf	3,5	;RP0=0, select bank0
  8744     08A8  00A0               	movwf	DS3231_ReadTime@r
  8745     08A9  087A               	movf	DS3231_ReadTime@time,w
  8746     08AA  3E02               	addlw	2
  8747     08AB  00FC               	movwf	??_DS3231_ReadTime
  8748     08AC  087B               	movf	DS3231_ReadTime@time+1,w
  8749     08AD  1803               	skipnc
  8750     08AE  3E01               	addlw	1
  8751     08AF  3E00               	addlw	0
  8752     08B0  00FD               	movwf	??_DS3231_ReadTime+1
  8753     08B1  087C               	movf	??_DS3231_ReadTime,w
  8754     08B2  0084               	movwf	4
  8755     08B3  1783               	bsf	3,7
  8756     08B4  1C7D               	btfss	??_DS3231_ReadTime+1,0
  8757     08B5  1383               	bcf	3,7
  8758     08B6  0820               	movf	DS3231_ReadTime@r,w
  8759     08B7  393F               	andlw	63
  8760     08B8  160A  158A  2248  120A  158A  	fcall	_bcd2dec
  8761     08BD  0080               	movwf	0
  8762                           
  8763                           ;DS3231.c: 85:     r = I2C_Read(1); time->day = bcd2dec(r & 0x07);
  8764     08BE  3001               	movlw	1
  8765     08BF  160A  158A  2504  120A  158A  	fcall	_I2C_Read
  8766     08C4  1283               	bcf	3,5	;RP0=0, select bank0
  8767     08C5  00A0               	movwf	DS3231_ReadTime@r
  8768     08C6  087A               	movf	DS3231_ReadTime@time,w
  8769     08C7  3E03               	addlw	3
  8770     08C8  00FC               	movwf	??_DS3231_ReadTime
  8771     08C9  087B               	movf	DS3231_ReadTime@time+1,w
  8772     08CA  1803               	skipnc
  8773     08CB  3E01               	addlw	1
  8774     08CC  3E00               	addlw	0
  8775     08CD  00FD               	movwf	??_DS3231_ReadTime+1
  8776     08CE  087C               	movf	??_DS3231_ReadTime,w
  8777     08CF  0084               	movwf	4
  8778     08D0  1783               	bsf	3,7
  8779     08D1  1C7D               	btfss	??_DS3231_ReadTime+1,0
  8780     08D2  1383               	bcf	3,7
  8781     08D3  0820               	movf	DS3231_ReadTime@r,w
  8782     08D4  3907               	andlw	7
  8783     08D5  160A  158A  2248  120A  158A  	fcall	_bcd2dec
  8784     08DA  0080               	movwf	0
  8785                           
  8786                           ;DS3231.c: 86:     r = I2C_Read(1); time->date = bcd2dec(r & 0x3F);
  8787     08DB  3001               	movlw	1
  8788     08DC  160A  158A  2504  120A  158A  	fcall	_I2C_Read
  8789     08E1  1283               	bcf	3,5	;RP0=0, select bank0
  8790     08E2  00A0               	movwf	DS3231_ReadTime@r
  8791     08E3  087A               	movf	DS3231_ReadTime@time,w
  8792     08E4  3E04               	addlw	4
  8793     08E5  00FC               	movwf	??_DS3231_ReadTime
  8794     08E6  087B               	movf	DS3231_ReadTime@time+1,w
  8795     08E7  1803               	skipnc
  8796     08E8  3E01               	addlw	1
  8797     08E9  3E00               	addlw	0
  8798     08EA  00FD               	movwf	??_DS3231_ReadTime+1
  8799     08EB  087C               	movf	??_DS3231_ReadTime,w
  8800     08EC  0084               	movwf	4
  8801     08ED  1783               	bsf	3,7
  8802     08EE  1C7D               	btfss	??_DS3231_ReadTime+1,0
  8803     08EF  1383               	bcf	3,7
  8804     08F0  0820               	movf	DS3231_ReadTime@r,w
  8805     08F1  393F               	andlw	63
  8806     08F2  160A  158A  2248  120A  158A  	fcall	_bcd2dec
  8807     08F7  0080               	movwf	0
  8808                           
  8809                           ;DS3231.c: 87:     r = I2C_Read(1); time->month = bcd2dec(r & 0x1F);
  8810     08F8  3001               	movlw	1
  8811     08F9  160A  158A  2504  120A  158A  	fcall	_I2C_Read
  8812     08FE  1283               	bcf	3,5	;RP0=0, select bank0
  8813     08FF  00A0               	movwf	DS3231_ReadTime@r
  8814     0900  087A               	movf	DS3231_ReadTime@time,w
  8815     0901  3E05               	addlw	5
  8816     0902  00FC               	movwf	??_DS3231_ReadTime
  8817     0903  087B               	movf	DS3231_ReadTime@time+1,w
  8818     0904  1803               	skipnc
  8819     0905  3E01               	addlw	1
  8820     0906  3E00               	addlw	0
  8821     0907  00FD               	movwf	??_DS3231_ReadTime+1
  8822     0908  087C               	movf	??_DS3231_ReadTime,w
  8823     0909  0084               	movwf	4
  8824     090A  1783               	bsf	3,7
  8825     090B  1C7D               	btfss	??_DS3231_ReadTime+1,0
  8826     090C  1383               	bcf	3,7
  8827     090D  0820               	movf	DS3231_ReadTime@r,w
  8828     090E  391F               	andlw	31
  8829     090F  160A  158A  2248  120A  158A  	fcall	_bcd2dec
  8830     0914  0080               	movwf	0
  8831                           
  8832                           ;DS3231.c: 88:     r = I2C_Read(0); time->year = bcd2dec(r);
  8833     0915  3000               	movlw	0
  8834     0916  160A  158A  2504  120A  158A  	fcall	_I2C_Read
  8835     091B  1283               	bcf	3,5	;RP0=0, select bank0
  8836     091C  00A0               	movwf	DS3231_ReadTime@r
  8837     091D  087A               	movf	DS3231_ReadTime@time,w
  8838     091E  3E06               	addlw	6
  8839     091F  00FC               	movwf	??_DS3231_ReadTime
  8840     0920  087B               	movf	DS3231_ReadTime@time+1,w
  8841     0921  1803               	skipnc
  8842     0922  3E01               	addlw	1
  8843     0923  3E00               	addlw	0
  8844     0924  00FD               	movwf	??_DS3231_ReadTime+1
  8845     0925  087C               	movf	??_DS3231_ReadTime,w
  8846     0926  0084               	movwf	4
  8847     0927  1783               	bsf	3,7
  8848     0928  1C7D               	btfss	??_DS3231_ReadTime+1,0
  8849     0929  1383               	bcf	3,7
  8850     092A  0820               	movf	DS3231_ReadTime@r,w
  8851     092B  160A  158A  2248  120A  158A  	fcall	_bcd2dec
  8852     0930  0080               	movwf	0
  8853                           
  8854                           ;DS3231.c: 90:     I2C_Stop();
  8855     0931  160A  158A  22A3  120A  158A  	fcall	_I2C_Stop
  8856                           
  8857                           ;DS3231.c: 93:     if(time->seconds>59 || time->minutes>59 || time->hours>23 ||
  8858     0936  087A               	movf	DS3231_ReadTime@time,w
  8859     0937  0084               	movwf	4
  8860     0938  1783               	bsf	3,7
  8861     0939  1C7B               	btfss	DS3231_ReadTime@time+1,0
  8862     093A  1383               	bcf	3,7
  8863     093B  303C               	movlw	60
  8864     093C  0200               	subwf	0,w
  8865     093D  1803               	skipnc
  8866     093E  2842               	goto	l4227
  8867     093F  087A               	movf	DS3231_ReadTime@time,w
  8868     0940  3E01               	addlw	1
  8869     0941  00FC               	movwf	??_DS3231_ReadTime
  8870     0942  087B               	movf	DS3231_ReadTime@time+1,w
  8871     0943  1803               	skipnc
  8872     0944  3E01               	addlw	1
  8873     0945  3E00               	addlw	0
  8874     0946  00FD               	movwf	??_DS3231_ReadTime+1
  8875     0947  087C               	movf	??_DS3231_ReadTime,w
  8876     0948  0084               	movwf	4
  8877     0949  1783               	bsf	3,7
  8878     094A  1C7D               	btfss	??_DS3231_ReadTime+1,0
  8879     094B  1383               	bcf	3,7
  8880     094C  303C               	movlw	60
  8881     094D  0200               	subwf	0,w
  8882     094E  1803               	skipnc
  8883     094F  2842               	goto	l4227
  8884     0950  087A               	movf	DS3231_ReadTime@time,w
  8885     0951  3E02               	addlw	2
  8886     0952  00FC               	movwf	??_DS3231_ReadTime
  8887     0953  087B               	movf	DS3231_ReadTime@time+1,w
  8888     0954  1803               	skipnc
  8889     0955  3E01               	addlw	1
  8890     0956  3E00               	addlw	0
  8891     0957  00FD               	movwf	??_DS3231_ReadTime+1
  8892     0958  087C               	movf	??_DS3231_ReadTime,w
  8893     0959  0084               	movwf	4
  8894     095A  1783               	bsf	3,7
  8895     095B  1C7D               	btfss	??_DS3231_ReadTime+1,0
  8896     095C  1383               	bcf	3,7
  8897     095D  3018               	movlw	24
  8898     095E  0200               	subwf	0,w
  8899     095F  1803               	skipnc
  8900     0960  2842               	goto	l4227
  8901     0961  087A               	movf	DS3231_ReadTime@time,w
  8902     0962  3E04               	addlw	4
  8903     0963  00FC               	movwf	??_DS3231_ReadTime
  8904     0964  087B               	movf	DS3231_ReadTime@time+1,w
  8905     0965  1803               	skipnc
  8906     0966  3E01               	addlw	1
  8907     0967  3E00               	addlw	0
  8908     0968  00FD               	movwf	??_DS3231_ReadTime+1
  8909     0969  087C               	movf	??_DS3231_ReadTime,w
  8910     096A  0084               	movwf	4
  8911     096B  1783               	bsf	3,7
  8912     096C  1C7D               	btfss	??_DS3231_ReadTime+1,0
  8913     096D  1383               	bcf	3,7
  8914     096E  0800               	movf	0,w
  8915     096F  1903               	btfsc	3,2
  8916     0970  2842               	goto	l4227
  8917     0971  087A               	movf	DS3231_ReadTime@time,w
  8918     0972  3E04               	addlw	4
  8919     0973  00FC               	movwf	??_DS3231_ReadTime
  8920     0974  087B               	movf	DS3231_ReadTime@time+1,w
  8921     0975  1803               	skipnc
  8922     0976  3E01               	addlw	1
  8923     0977  3E00               	addlw	0
  8924     0978  00FD               	movwf	??_DS3231_ReadTime+1
  8925     0979  087C               	movf	??_DS3231_ReadTime,w
  8926     097A  0084               	movwf	4
  8927     097B  1783               	bsf	3,7
  8928     097C  1C7D               	btfss	??_DS3231_ReadTime+1,0
  8929     097D  1383               	bcf	3,7
  8930     097E  3020               	movlw	32
  8931     097F  0200               	subwf	0,w
  8932     0980  1803               	skipnc
  8933     0981  2842               	goto	l4227
  8934     0982  087A               	movf	DS3231_ReadTime@time,w
  8935     0983  3E05               	addlw	5
  8936     0984  00FC               	movwf	??_DS3231_ReadTime
  8937     0985  087B               	movf	DS3231_ReadTime@time+1,w
  8938     0986  1803               	skipnc
  8939     0987  3E01               	addlw	1
  8940     0988  3E00               	addlw	0
  8941     0989  00FD               	movwf	??_DS3231_ReadTime+1
  8942     098A  087C               	movf	??_DS3231_ReadTime,w
  8943     098B  0084               	movwf	4
  8944     098C  1783               	bsf	3,7
  8945     098D  1C7D               	btfss	??_DS3231_ReadTime+1,0
  8946     098E  1383               	bcf	3,7
  8947     098F  0800               	movf	0,w
  8948     0990  1903               	btfsc	3,2
  8949     0991  2842               	goto	l4227
  8950     0992  087A               	movf	DS3231_ReadTime@time,w
  8951     0993  3E05               	addlw	5
  8952     0994  00FC               	movwf	??_DS3231_ReadTime
  8953     0995  087B               	movf	DS3231_ReadTime@time+1,w
  8954     0996  1803               	skipnc
  8955     0997  3E01               	addlw	1
  8956     0998  3E00               	addlw	0
  8957     0999  00FD               	movwf	??_DS3231_ReadTime+1
  8958     099A  087C               	movf	??_DS3231_ReadTime,w
  8959     099B  0084               	movwf	4
  8960     099C  1783               	bsf	3,7
  8961     099D  1C7D               	btfss	??_DS3231_ReadTime+1,0
  8962     099E  1383               	bcf	3,7
  8963     099F  300D               	movlw	13
  8964     09A0  0200               	subwf	0,w
  8965     09A1  1C03               	skipc
  8966     09A2  0008               	return
  8967     09A3  2842               	goto	l4227
  8968     09A4                     __end_of_DS3231_ReadTime:
  8969                           
  8970                           	psect	text35
  8971     1E2A                     __ptext35:	
  8972 ;; *************** function _clr *****************
  8973 ;; Defined at:
  8974 ;;		line 65 in file "DS3231.c"
  8975 ;; Parameters:    Size  Location     Type
  8976 ;;  t               2    0[COMMON] PTR struct .
  8977 ;;		 -> main@t(7), 
  8978 ;; Auto vars:     Size  Location     Type
  8979 ;;		None
  8980 ;; Return value:  Size  Location     Type
  8981 ;;                  1    wreg      void 
  8982 ;; Registers used:
  8983 ;;		wreg, fsr0l, fsr0h, status,2, status,0
  8984 ;; Tracked objects:
  8985 ;;		On entry : 0/100
  8986 ;;		On exit  : 0/0
  8987 ;;		Unchanged: 0/0
  8988 ;; Data sizes:     COMMON   BANK0   BANK1   BANK3   BANK2
  8989 ;;      Params:         2       0       0       0       0
  8990 ;;      Locals:         0       0       0       0       0
  8991 ;;      Temps:          8       0       0       0       0
  8992 ;;      Totals:        10       0       0       0       0
  8993 ;;Total ram usage:       10 bytes
  8994 ;; Hardware stack levels used: 1
  8995 ;; This function calls:
  8996 ;;		Nothing
  8997 ;; This function is called by:
  8998 ;;		_DS3231_ReadTime
  8999 ;; This function uses a non-reentrant model
  9000 ;;
  9001                           
  9002     1E2A                     _clr:	
  9003                           ;psect for function _clr
  9004                           
  9005                           
  9006                           ;DS3231.c: 66:     t->seconds=t->minutes=t->hours=0;
  9007                           
  9008                           ;incstack = 0
  9009                           ; Regs used in _clr: [wreg-fsr0h+status,2+status,0]
  9010     1E2A  0870               	movf	clr@t,w
  9011     1E2B  3E02               	addlw	2
  9012     1E2C  00F2               	movwf	??_clr
  9013     1E2D  0871               	movf	clr@t+1,w
  9014     1E2E  1803               	skipnc
  9015     1E2F  3E01               	addlw	1
  9016     1E30  3E00               	addlw	0
  9017     1E31  00F3               	movwf	??_clr+1
  9018     1E32  0872               	movf	??_clr,w
  9019     1E33  0084               	movwf	4
  9020     1E34  1783               	bsf	3,7
  9021     1E35  1C73               	btfss	??_clr+1,0
  9022     1E36  1383               	bcf	3,7
  9023     1E37  0180               	clrf	0
  9024     1E38  0870               	movf	clr@t,w
  9025     1E39  3E01               	addlw	1
  9026     1E3A  00F4               	movwf	??_clr+2
  9027     1E3B  0871               	movf	clr@t+1,w
  9028     1E3C  1803               	skipnc
  9029     1E3D  3E01               	addlw	1
  9030     1E3E  3E00               	addlw	0
  9031     1E3F  00F5               	movwf	??_clr+3
  9032     1E40  0874               	movf	??_clr+2,w
  9033     1E41  0084               	movwf	4
  9034     1E42  1783               	bsf	3,7
  9035     1E43  1C75               	btfss	??_clr+3,0
  9036     1E44  1383               	bcf	3,7
  9037     1E45  0180               	clrf	0
  9038     1E46  0870               	movf	clr@t,w
  9039     1E47  0084               	movwf	4
  9040     1E48  1783               	bsf	3,7
  9041     1E49  1C71               	btfss	clr@t+1,0
  9042     1E4A  1383               	bcf	3,7
  9043     1E4B  0180               	clrf	0
  9044                           
  9045                           ;DS3231.c: 67:     t->day=t->date=t->month=t->year=0;
  9046     1E4C  0870               	movf	clr@t,w
  9047     1E4D  3E06               	addlw	6
  9048     1E4E  00F2               	movwf	??_clr
  9049     1E4F  0871               	movf	clr@t+1,w
  9050     1E50  1803               	skipnc
  9051     1E51  3E01               	addlw	1
  9052     1E52  3E00               	addlw	0
  9053     1E53  00F3               	movwf	??_clr+1
  9054     1E54  0872               	movf	??_clr,w
  9055     1E55  0084               	movwf	4
  9056     1E56  1783               	bsf	3,7
  9057     1E57  1C73               	btfss	??_clr+1,0
  9058     1E58  1383               	bcf	3,7
  9059     1E59  0180               	clrf	0
  9060     1E5A  0870               	movf	clr@t,w
  9061     1E5B  3E05               	addlw	5
  9062     1E5C  00F4               	movwf	??_clr+2
  9063     1E5D  0871               	movf	clr@t+1,w
  9064     1E5E  1803               	skipnc
  9065     1E5F  3E01               	addlw	1
  9066     1E60  3E00               	addlw	0
  9067     1E61  00F5               	movwf	??_clr+3
  9068     1E62  0874               	movf	??_clr+2,w
  9069     1E63  0084               	movwf	4
  9070     1E64  1783               	bsf	3,7
  9071     1E65  1C75               	btfss	??_clr+3,0
  9072     1E66  1383               	bcf	3,7
  9073     1E67  0180               	clrf	0
  9074     1E68  0870               	movf	clr@t,w
  9075     1E69  3E04               	addlw	4
  9076     1E6A  00F6               	movwf	??_clr+4
  9077     1E6B  0871               	movf	clr@t+1,w
  9078     1E6C  1803               	skipnc
  9079     1E6D  3E01               	addlw	1
  9080     1E6E  3E00               	addlw	0
  9081     1E6F  00F7               	movwf	??_clr+5
  9082     1E70  0876               	movf	??_clr+4,w
  9083     1E71  0084               	movwf	4
  9084     1E72  1783               	bsf	3,7
  9085     1E73  1C77               	btfss	??_clr+5,0
  9086     1E74  1383               	bcf	3,7
  9087     1E75  0180               	clrf	0
  9088     1E76  0870               	movf	clr@t,w
  9089     1E77  3E03               	addlw	3
  9090     1E78  00F8               	movwf	??_clr+6
  9091     1E79  0871               	movf	clr@t+1,w
  9092     1E7A  1803               	skipnc
  9093     1E7B  3E01               	addlw	1
  9094     1E7C  3E00               	addlw	0
  9095     1E7D  00F9               	movwf	??_clr+7
  9096     1E7E  0878               	movf	??_clr+6,w
  9097     1E7F  0084               	movwf	4
  9098     1E80  1783               	bsf	3,7
  9099     1E81  1C79               	btfss	??_clr+7,0
  9100     1E82  1383               	bcf	3,7
  9101     1E83  0180               	clrf	0
  9102     1E84  0008               	return
  9103     1E85                     __end_of_clr:
  9104                           
  9105                           	psect	text36
  9106     1A48                     __ptext36:	
  9107 ;; *************** function _bcd2dec *****************
  9108 ;; Defined at:
  9109 ;;		line 54 in file "DS3231.c"
  9110 ;; Parameters:    Size  Location     Type
  9111 ;;  b               1    wreg     unsigned char 
  9112 ;; Auto vars:     Size  Location     Type
  9113 ;;  b               1    5[COMMON] unsigned char 
  9114 ;; Return value:  Size  Location     Type
  9115 ;;                  1    wreg      unsigned char 
  9116 ;; Registers used:
  9117 ;;		wreg, status,2, status,0, pclath, cstack
  9118 ;; Tracked objects:
  9119 ;;		On entry : 300/0
  9120 ;;		On exit  : 300/0
  9121 ;;		Unchanged: 300/0
  9122 ;; Data sizes:     COMMON   BANK0   BANK1   BANK3   BANK2
  9123 ;;      Params:         0       0       0       0       0
  9124 ;;      Locals:         1       0       0       0       0
  9125 ;;      Temps:          2       0       0       0       0
  9126 ;;      Totals:         3       0       0       0       0
  9127 ;;Total ram usage:        3 bytes
  9128 ;; Hardware stack levels used: 1
  9129 ;; Hardware stack levels required when called: 1
  9130 ;; This function calls:
  9131 ;;		___bmul
  9132 ;; This function is called by:
  9133 ;;		_DS3231_ReadTime
  9134 ;; This function uses a non-reentrant model
  9135 ;;
  9136                           
  9137     1A48                     _bcd2dec:	
  9138                           ;psect for function _bcd2dec
  9139                           
  9140                           
  9141                           ;incstack = 0
  9142                           ; Regs used in _bcd2dec: [wreg+status,2+status,0+pclath+cstack]
  9143                           ;bcd2dec@b stored from wreg
  9144     1A48  00F5               	movwf	bcd2dec@b
  9145     1A49  300F               	movlw	15
  9146     1A4A  0575               	andwf	bcd2dec@b,w
  9147     1A4B  00F3               	movwf	??_bcd2dec
  9148     1A4C  300A               	movlw	10
  9149     1A4D  00F0               	movwf	___bmul@multiplicand
  9150     1A4E  0875               	movf	bcd2dec@b,w
  9151     1A4F  00F4               	movwf	??_bcd2dec+1
  9152     1A50  3004               	movlw	4
  9153     1A51                     u4605:
  9154     1A51  1003               	clrc
  9155     1A52  0CF4               	rrf	??_bcd2dec+1,f
  9156     1A53  3EFF               	addlw	-1
  9157     1A54  1D03               	skipz
  9158     1A55  2A51               	goto	u4605
  9159     1A56  0874               	movf	??_bcd2dec+1,w
  9160     1A57  160A  158A  2216   	fcall	___bmul
  9161     1A5A  0773               	addwf	??_bcd2dec,w
  9162     1A5B  0008               	return
  9163     1A5C                     __end_of_bcd2dec:
  9164                           
  9165                           	psect	text37
  9166     1A16                     __ptext37:	
  9167 ;; *************** function ___bmul *****************
  9168 ;; Defined at:
  9169 ;;		line 4 in file "C:\Program Files\Microchip\xc8\v3.10\pic\sources\c99\common\Umul8.c"
  9170 ;; Parameters:    Size  Location     Type
  9171 ;;  multiplier      1    wreg     unsigned char 
  9172 ;;  multiplicand    1    0[COMMON] unsigned char 
  9173 ;; Auto vars:     Size  Location     Type
  9174 ;;  multiplier      1    2[COMMON] unsigned char 
  9175 ;;  product         1    1[COMMON] unsigned char 
  9176 ;; Return value:  Size  Location     Type
  9177 ;;                  1    wreg      unsigned char 
  9178 ;; Registers used:
  9179 ;;		wreg, status,2, status,0
  9180 ;; Tracked objects:
  9181 ;;		On entry : 300/0
  9182 ;;		On exit  : 300/0
  9183 ;;		Unchanged: 300/0
  9184 ;; Data sizes:     COMMON   BANK0   BANK1   BANK3   BANK2
  9185 ;;      Params:         1       0       0       0       0
  9186 ;;      Locals:         2       0       0       0       0
  9187 ;;      Temps:          0       0       0       0       0
  9188 ;;      Totals:         3       0       0       0       0
  9189 ;;Total ram usage:        3 bytes
  9190 ;; Hardware stack levels used: 1
  9191 ;; This function calls:
  9192 ;;		Nothing
  9193 ;; This function is called by:
  9194 ;;		_bcd2dec
  9195 ;; This function uses a non-reentrant model
  9196 ;;
  9197                           
  9198     1A16                     ___bmul:	
  9199                           ;psect for function ___bmul
  9200                           
  9201                           
  9202                           ;incstack = 0
  9203                           ; Regs used in ___bmul: [wreg+status,2+status,0]
  9204                           ;___bmul@multiplier stored from wreg
  9205     1A16  00F2               	movwf	___bmul@multiplier
  9206     1A17  01F1               	clrf	___bmul@product
  9207     1A18                     l2905:
  9208     1A18  1C72               	btfss	___bmul@multiplier,0
  9209     1A19  2A1C               	goto	l2909
  9210     1A1A  0870               	movf	___bmul@multiplicand,w
  9211     1A1B  07F1               	addwf	___bmul@product,f
  9212     1A1C                     l2909:
  9213     1A1C  1003               	clrc
  9214     1A1D  0DF0               	rlf	___bmul@multiplicand,f
  9215     1A1E  1003               	clrc
  9216     1A1F  0CF2               	rrf	___bmul@multiplier,f
  9217     1A20  0872               	movf	___bmul@multiplier,w
  9218     1A21  1D03               	btfss	3,2
  9219     1A22  2A18               	goto	l2905
  9220     1A23  0871               	movf	___bmul@product,w
  9221     1A24  0008               	return
  9222     1A25                     __end_of___bmul:
  9223                           
  9224                           	psect	text38
  9225     1D04                     __ptext38:	
  9226 ;; *************** function _I2C_Read *****************
  9227 ;; Defined at:
  9228 ;;		line 39 in file "DS3231.c"
  9229 ;; Parameters:    Size  Location     Type
  9230 ;;  ack             1    wreg     unsigned char 
  9231 ;; Auto vars:     Size  Location     Type
  9232 ;;  ack             1    1[COMMON] unsigned char 
  9233 ;;  i               1    3[COMMON] unsigned char 
  9234 ;;  d               1    2[COMMON] unsigned char 
  9235 ;; Return value:  Size  Location     Type
  9236 ;;                  1    wreg      unsigned char 
  9237 ;; Registers used:
  9238 ;;		wreg, status,2, status,0, pclath, cstack
  9239 ;; Tracked objects:
  9240 ;;		On entry : 300/0
  9241 ;;		On exit  : 300/100
  9242 ;;		Unchanged: 0/0
  9243 ;; Data sizes:     COMMON   BANK0   BANK1   BANK3   BANK2
  9244 ;;      Params:         0       0       0       0       0
  9245 ;;      Locals:         3       0       0       0       0
  9246 ;;      Temps:          1       0       0       0       0
  9247 ;;      Totals:         4       0       0       0       0
  9248 ;;Total ram usage:        4 bytes
  9249 ;; Hardware stack levels used: 1
  9250 ;; Hardware stack levels required when called: 1
  9251 ;; This function calls:
  9252 ;;		_SCL_drive0
  9253 ;;		_SCL_release
  9254 ;;		_SDA_drive0
  9255 ;;		_SDA_release
  9256 ;; This function is called by:
  9257 ;;		_DS3231_ReadTime
  9258 ;; This function uses a non-reentrant model
  9259 ;;
  9260                           
  9261     1D04                     _I2C_Read:	
  9262                           ;psect for function _I2C_Read
  9263                           
  9264                           
  9265                           ;incstack = 0
  9266                           ; Regs used in _I2C_Read: [wreg+status,2+status,0+pclath+cstack]
  9267                           ;I2C_Read@ack stored from wreg
  9268     1D04  00F1               	movwf	I2C_Read@ack
  9269                           
  9270                           ;DS3231.c: 40:     uint8_t d=0;
  9271     1D05  01F2               	clrf	I2C_Read@d
  9272                           
  9273                           ;DS3231.c: 41:     SDA_release();
  9274     1D06  120A  118A  2004  160A  158A  	fcall	_SDA_release
  9275                           
  9276                           ;DS3231.c: 42:     for(uint8_t i=0;i<8;i++){
  9277     1D0B  01F3               	clrf	I2C_Read@i
  9278                           
  9279                           ;DS3231.c: 43:         d <<= 1;
  9280     1D0C  1003               	clrc
  9281     1D0D                     L7:
  9282     1D0D  0DF2               	rlf	I2C_Read@d,f
  9283                           
  9284                           ;DS3231.c: 44:         SCL_release(); _delay((unsigned long)((5)*(20000000/4000000.0)));
  9285     1D0E  120A  158A  2000  160A  158A  	fcall	_SCL_release
  9286     1D13  3008               	movlw	8
  9287     1D14  00F0               	movwf	??_I2C_Read
  9288     1D15                     u6417:
  9289     1D15  0BF0               	decfsz	??_I2C_Read,f
  9290     1D16  2D15               	goto	u6417
  9291                           
  9292                           ;DS3231.c: 45:         if(PORTCbits.RC4) d |= 1;
  9293     1D17  1283               	bcf	3,5	;RP0=0, select bank0
  9294     1D18  1303               	bcf	3,6	;RP1=0, select bank0
  9295     1D19  1A07               	btfsc	7,4	;volatile
  9296     1D1A  1472               	bsf	I2C_Read@d,0
  9297                           
  9298                           ;DS3231.c: 46:         SCL_drive0();
  9299     1D1B  160A  158A  21D4  160A  158A  	fcall	_SCL_drive0
  9300                           
  9301                           ;DS3231.c: 47:     }
  9302     1D20  3001               	movlw	1
  9303     1D21  07F3               	addwf	I2C_Read@i,f
  9304     1D22  3008               	movlw	8
  9305     1D23  0273               	subwf	I2C_Read@i,w
  9306     1D24  1C03               	skipc
  9307     1D25  2D0D               	goto	L7
  9308                           
  9309                           ;DS3231.c: 48:     if(ack) SDA_drive0(); else SDA_release();
  9310     1D26  0871               	movf	I2C_Read@ack,w
  9311     1D27  1903               	btfsc	3,2
  9312     1D28  2D2F               	goto	l3499
  9313     1D29  160A  158A  21DA  160A  158A  	fcall	_SDA_drive0
  9314     1D2E  2D34               	goto	l237
  9315     1D2F                     l3499:
  9316     1D2F  120A  118A  2004  160A  158A  	fcall	_SDA_release
  9317     1D34                     l237:
  9318                           
  9319                           ;DS3231.c: 49:     SCL_release(); _delay((unsigned long)((5)*(20000000/4000000.0)));
  9320     1D34  120A  158A  2000  160A  158A  	fcall	_SCL_release
  9321     1D39  3008               	movlw	8
  9322     1D3A  00F0               	movwf	??_I2C_Read
  9323     1D3B                     u6427:
  9324     1D3B  0BF0               	decfsz	??_I2C_Read,f
  9325     1D3C  2D3B               	goto	u6427
  9326                           
  9327                           ;DS3231.c: 50:     SCL_drive0(); SDA_release();
  9328     1D3D  160A  158A  21D4  160A  158A  	fcall	_SCL_drive0
  9329     1D42  120A  118A  2004   	fcall	_SDA_release
  9330                           
  9331                           ;DS3231.c: 51:     return d;
  9332     1D45  0872               	movf	I2C_Read@d,w
  9333     1D46  0008               	return
  9334     1D47                     __end_of_I2C_Read:
  9335                           
  9336                           	psect	text39
  9337     1A25                     __ptext39:	
  9338 ;; *************** function _DS3231_IsPresent *****************
  9339 ;; Defined at:
  9340 ;;		line 58 in file "DS3231.c"
  9341 ;; Parameters:    Size  Location     Type
  9342 ;;		None
  9343 ;; Auto vars:     Size  Location     Type
  9344 ;;  ok              1    4[COMMON] unsigned char 
  9345 ;; Return value:  Size  Location     Type
  9346 ;;                  1    wreg      unsigned char 
  9347 ;; Registers used:
  9348 ;;		wreg, status,2, status,0, pclath, cstack
  9349 ;; Tracked objects:
  9350 ;;		On entry : 0/100
  9351 ;;		On exit  : 0/0
  9352 ;;		Unchanged: 0/0
  9353 ;; Data sizes:     COMMON   BANK0   BANK1   BANK3   BANK2
  9354 ;;      Params:         0       0       0       0       0
  9355 ;;      Locals:         1       0       0       0       0
  9356 ;;      Temps:          0       0       0       0       0
  9357 ;;      Totals:         1       0       0       0       0
  9358 ;;Total ram usage:        1 bytes
  9359 ;; Hardware stack levels used: 1
  9360 ;; Hardware stack levels required when called: 2
  9361 ;; This function calls:
  9362 ;;		_I2C_Start
  9363 ;;		_I2C_Stop
  9364 ;;		_I2C_Write
  9365 ;; This function is called by:
  9366 ;;		_DS3231_ReadTime
  9367 ;; This function uses a non-reentrant model
  9368 ;;
  9369                           
  9370     1A25                     _DS3231_IsPresent:	
  9371                           ;psect for function _DS3231_IsPresent
  9372                           
  9373                           
  9374                           ;DS3231.c: 59:     I2C_Start();
  9375                           
  9376                           ;incstack = 0
  9377                           ; Regs used in _DS3231_IsPresent: [wreg+status,2+status,0+pclath+cstack]
  9378     1A25  160A  158A  2288  160A  158A  	fcall	_I2C_Start
  9379                           
  9380                           ;DS3231.c: 60:     uint8_t ok = I2C_Write(0x68<<1);
  9381     1A2A  30D0               	movlw	208
  9382     1A2B  160A  158A  24C3  160A  158A  	fcall	_I2C_Write
  9383     1A30  00F4               	movwf	DS3231_IsPresent@ok
  9384                           
  9385                           ;DS3231.c: 61:     I2C_Stop();
  9386     1A31  160A  158A  22A3   	fcall	_I2C_Stop
  9387                           
  9388                           ;DS3231.c: 62:     return ok;
  9389     1A34  0874               	movf	DS3231_IsPresent@ok,w
  9390     1A35  0008               	return
  9391     1A36                     __end_of_DS3231_IsPresent:
  9392                           
  9393                           	psect	text40
  9394     1CC3                     __ptext40:	
  9395 ;; *************** function _I2C_Write *****************
  9396 ;; Defined at:
  9397 ;;		line 26 in file "DS3231.c"
  9398 ;; Parameters:    Size  Location     Type
  9399 ;;  data            1    wreg     unsigned char 
  9400 ;; Auto vars:     Size  Location     Type
  9401 ;;  data            1    1[COMMON] unsigned char 
  9402 ;;  i               1    3[COMMON] unsigned char 
  9403 ;;  ack             1    2[COMMON] unsigned char 
  9404 ;; Return value:  Size  Location     Type
  9405 ;;                  1    wreg      unsigned char 
  9406 ;; Registers used:
  9407 ;;		wreg, status,2, status,0, pclath, cstack
  9408 ;; Tracked objects:
  9409 ;;		On entry : 300/0
  9410 ;;		On exit  : 300/0
  9411 ;;		Unchanged: 0/0
  9412 ;; Data sizes:     COMMON   BANK0   BANK1   BANK3   BANK2
  9413 ;;      Params:         0       0       0       0       0
  9414 ;;      Locals:         3       0       0       0       0
  9415 ;;      Temps:          1       0       0       0       0
  9416 ;;      Totals:         4       0       0       0       0
  9417 ;;Total ram usage:        4 bytes
  9418 ;; Hardware stack levels used: 1
  9419 ;; This function calls:
  9420 ;;		_SCL_drive0
  9421 ;;		_SCL_release
  9422 ;;		_SDA_drive0
  9423 ;;		_SDA_release
  9424 ;; This function is called by:
  9425 ;;		_DS3231_IsPresent
  9426 ;;		_DS3231_ReadTime
  9427 ;; This function uses a non-reentrant model
  9428 ;;
  9429                           
  9430     1CC3                     _I2C_Write:	
  9431                           ;psect for function _I2C_Write
  9432                           
  9433                           
  9434                           ;incstack = 0
  9435                           ; Regs used in _I2C_Write: [wreg+status,2+status,0+pclath+cstack]
  9436                           ;I2C_Write@data stored from wreg
  9437     1CC3  00F1               	movwf	I2C_Write@data
  9438                           
  9439                           ;DS3231.c: 27:     for(uint8_t i=0;i<8;i++){
  9440     1CC4  01F3               	clrf	I2C_Write@i
  9441     1CC5                     l226:
  9442                           
  9443                           ;DS3231.c: 28:         if(data & 0x80) SDA_release(); else SDA_drive0();
  9444     1CC5  1FF1               	btfss	I2C_Write@data,7
  9445     1CC6  2CCD               	goto	l2847
  9446     1CC7  120A  118A  2004  160A  158A  	fcall	_SDA_release
  9447     1CCC  2CD2               	goto	l229
  9448     1CCD                     l2847:
  9449     1CCD  160A  158A  21DA  160A  158A  	fcall	_SDA_drive0
  9450     1CD2                     l229:
  9451                           
  9452                           ;DS3231.c: 29:         SCL_release(); _delay((unsigned long)((5)*(20000000/4000000.0)));
  9453     1CD2  120A  158A  2000  160A  158A  	fcall	_SCL_release
  9454     1CD7  3008               	movlw	8
  9455     1CD8  00F0               	movwf	??_I2C_Write
  9456     1CD9                     u6437:
  9457     1CD9  0BF0               	decfsz	??_I2C_Write,f
  9458     1CDA  2CD9               	goto	u6437
  9459                           
  9460                           ;DS3231.c: 30:         SCL_drive0();
  9461     1CDB  160A  158A  21D4  160A  158A  	fcall	_SCL_drive0
  9462                           
  9463                           ;DS3231.c: 31:         data <<= 1;
  9464     1CE0  1003               	clrc
  9465     1CE1  0DF1               	rlf	I2C_Write@data,f
  9466                           
  9467                           ;DS3231.c: 32:     }
  9468     1CE2  3001               	movlw	1
  9469     1CE3  07F3               	addwf	I2C_Write@i,f
  9470     1CE4  3008               	movlw	8
  9471     1CE5  0273               	subwf	I2C_Write@i,w
  9472     1CE6  1C03               	skipc
  9473     1CE7  2CC5               	goto	l226
  9474                           
  9475                           ;DS3231.c: 33:     SDA_release();
  9476     1CE8  120A  118A  2004  160A  158A  	fcall	_SDA_release
  9477                           
  9478                           ;DS3231.c: 34:     SCL_release(); _delay((unsigned long)((5)*(20000000/4000000.0)));
  9479     1CED  120A  158A  2000  160A  158A  	fcall	_SCL_release
  9480     1CF2  3008               	movlw	8
  9481     1CF3  00F0               	movwf	??_I2C_Write
  9482     1CF4                     u6447:
  9483     1CF4  0BF0               	decfsz	??_I2C_Write,f
  9484     1CF5  2CF4               	goto	u6447
  9485                           
  9486                           ;DS3231.c: 35:     uint8_t ack = (PORTCbits.RC4 == 0);
  9487     1CF6  1003               	clrc
  9488     1CF7  1283               	bcf	3,5	;RP0=0, select bank0
  9489     1CF8  1303               	bcf	3,6	;RP1=0, select bank0
  9490     1CF9  1E07               	btfss	7,4	;volatile
  9491     1CFA  1403               	setc
  9492     1CFB  3000               	movlw	0
  9493     1CFC  1803               	skipnc
  9494     1CFD  3001               	movlw	1
  9495     1CFE  00F2               	movwf	I2C_Write@ack
  9496                           
  9497                           ;DS3231.c: 36:     SCL_drive0();
  9498     1CFF  160A  158A  21D4   	fcall	_SCL_drive0
  9499                           
  9500                           ;DS3231.c: 37:     return ack;
  9501     1D02  0872               	movf	I2C_Write@ack,w
  9502     1D03  0008               	return
  9503     1D04                     __end_of_I2C_Write:
  9504                           
  9505                           	psect	text41
  9506     1AA3                     __ptext41:	
  9507 ;; *************** function _I2C_Stop *****************
  9508 ;; Defined at:
  9509 ;;		line 21 in file "DS3231.c"
  9510 ;; Parameters:    Size  Location     Type
  9511 ;;		None
  9512 ;; Auto vars:     Size  Location     Type
  9513 ;;		None
  9514 ;; Return value:  Size  Location     Type
  9515 ;;                  1    wreg      void 
  9516 ;; Registers used:
  9517 ;;		wreg, status,2, status,0, pclath, cstack
  9518 ;; Tracked objects:
  9519 ;;		On entry : 0/0
  9520 ;;		On exit  : 0/0
  9521 ;;		Unchanged: 0/0
  9522 ;; Data sizes:     COMMON   BANK0   BANK1   BANK3   BANK2
  9523 ;;      Params:         0       0       0       0       0
  9524 ;;      Locals:         0       0       0       0       0
  9525 ;;      Temps:          1       0       0       0       0
  9526 ;;      Totals:         1       0       0       0       0
  9527 ;;Total ram usage:        1 bytes
  9528 ;; Hardware stack levels used: 1
  9529 ;; This function calls:
  9530 ;;		_SCL_release
  9531 ;;		_SDA_drive0
  9532 ;;		_SDA_release
  9533 ;; This function is called by:
  9534 ;;		_DS3231_IsPresent
  9535 ;;		_DS3231_ReadTime
  9536 ;; This function uses a non-reentrant model
  9537 ;;
  9538                           
  9539     1AA3                     _I2C_Stop:	
  9540                           ;psect for function _I2C_Stop
  9541                           
  9542                           
  9543                           ;DS3231.c: 22:     SDA_drive0(); _delay((unsigned long)((5)*(20000000/4000000.0)));
  9544                           
  9545                           ;incstack = 0
  9546                           ; Regs used in _I2C_Stop: [wreg+status,2+status,0+pclath+cstack]
  9547     1AA3  160A  158A  21DA  160A  158A  	fcall	_SDA_drive0
  9548     1AA8  3008               	movlw	8
  9549     1AA9  00F0               	movwf	??_I2C_Stop
  9550     1AAA                     u6457:
  9551     1AAA  0BF0               	decfsz	??_I2C_Stop,f
  9552     1AAB  2AAA               	goto	u6457
  9553                           
  9554                           ;DS3231.c: 23:     SCL_release(); _delay((unsigned long)((5)*(20000000/4000000.0)));
  9555     1AAC  120A  158A  2000  160A  158A  	fcall	_SCL_release
  9556     1AB1  3008               	movlw	8
  9557     1AB2  00F0               	movwf	??_I2C_Stop
  9558     1AB3                     u6467:
  9559     1AB3  0BF0               	decfsz	??_I2C_Stop,f
  9560     1AB4  2AB3               	goto	u6467
  9561                           
  9562                           ;DS3231.c: 24:     SDA_release(); _delay((unsigned long)((5)*(20000000/4000000.0)));
  9563     1AB5  120A  118A  2004  160A  158A  	fcall	_SDA_release
  9564     1ABA  3008               	movlw	8
  9565     1ABB  00F0               	movwf	??_I2C_Stop
  9566     1ABC                     u6477:
  9567     1ABC  0BF0               	decfsz	??_I2C_Stop,f
  9568     1ABD  2ABC               	goto	u6477
  9569     1ABE  0008               	return
  9570     1ABF                     __end_of_I2C_Stop:
  9571                           
  9572                           	psect	text42
  9573     1A88                     __ptext42:	
  9574 ;; *************** function _I2C_Start *****************
  9575 ;; Defined at:
  9576 ;;		line 15 in file "DS3231.c"
  9577 ;; Parameters:    Size  Location     Type
  9578 ;;		None
  9579 ;; Auto vars:     Size  Location     Type
  9580 ;;		None
  9581 ;; Return value:  Size  Location     Type
  9582 ;;                  1    wreg      void 
  9583 ;; Registers used:
  9584 ;;		wreg, status,2, status,0, pclath, cstack
  9585 ;; Tracked objects:
  9586 ;;		On entry : 0/100
  9587 ;;		On exit  : 300/0
  9588 ;;		Unchanged: 0/0
  9589 ;; Data sizes:     COMMON   BANK0   BANK1   BANK3   BANK2
  9590 ;;      Params:         0       0       0       0       0
  9591 ;;      Locals:         0       0       0       0       0
  9592 ;;      Temps:          1       0       0       0       0
  9593 ;;      Totals:         1       0       0       0       0
  9594 ;;Total ram usage:        1 bytes
  9595 ;; Hardware stack levels used: 1
  9596 ;; This function calls:
  9597 ;;		_SCL_drive0
  9598 ;;		_SCL_release
  9599 ;;		_SDA_drive0
  9600 ;;		_SDA_release
  9601 ;; This function is called by:
  9602 ;;		_DS3231_IsPresent
  9603 ;;		_DS3231_ReadTime
  9604 ;; This function uses a non-reentrant model
  9605 ;;
  9606                           
  9607     1A88                     _I2C_Start:	
  9608                           ;psect for function _I2C_Start
  9609                           
  9610                           
  9611                           ;DS3231.c: 16:     SDA_release();
  9612                           
  9613                           ;incstack = 0
  9614                           ; Regs used in _I2C_Start: [wreg+status,2+status,0+pclath+cstack]
  9615     1A88  120A  118A  2004  160A  158A  	fcall	_SDA_release
  9616                           
  9617                           ;DS3231.c: 17:     SCL_release(); _delay((unsigned long)((5)*(20000000/4000000.0)));
  9618     1A8D  120A  158A  2000  160A  158A  	fcall	_SCL_release
  9619     1A92  3008               	movlw	8
  9620     1A93  00F0               	movwf	??_I2C_Start
  9621     1A94                     u6487:
  9622     1A94  0BF0               	decfsz	??_I2C_Start,f
  9623     1A95  2A94               	goto	u6487
  9624                           
  9625                           ;DS3231.c: 18:     SDA_drive0(); _delay((unsigned long)((5)*(20000000/4000000.0)));
  9626     1A96  160A  158A  21DA  160A  158A  	fcall	_SDA_drive0
  9627     1A9B  3008               	movlw	8
  9628     1A9C  00F0               	movwf	??_I2C_Start
  9629     1A9D                     u6497:
  9630     1A9D  0BF0               	decfsz	??_I2C_Start,f
  9631     1A9E  2A9D               	goto	u6497
  9632                           
  9633                           ;DS3231.c: 19:     SCL_drive0();
  9634     1A9F  160A  158A  21D4   	fcall	_SCL_drive0
  9635     1AA2  0008               	return
  9636     1AA3                     __end_of_I2C_Start:
  9637                           
  9638                           	psect	text43
  9639     19DA                     __ptext43:	
  9640 ;; *************** function _SDA_drive0 *****************
  9641 ;; Defined at:
  9642 ;;		line 6 in file "DS3231.c"
  9643 ;; Parameters:    Size  Location     Type
  9644 ;;		None
  9645 ;; Auto vars:     Size  Location     Type
  9646 ;;		None
  9647 ;; Return value:  Size  Location     Type
  9648 ;;                  1    wreg      void 
  9649 ;; Registers used:
  9650 ;;		None
  9651 ;; Tracked objects:
  9652 ;;		On entry : 0/0
  9653 ;;		On exit  : 300/0
  9654 ;;		Unchanged: 0/0
  9655 ;; Data sizes:     COMMON   BANK0   BANK1   BANK3   BANK2
  9656 ;;      Params:         0       0       0       0       0
  9657 ;;      Locals:         0       0       0       0       0
  9658 ;;      Temps:          0       0       0       0       0
  9659 ;;      Totals:         0       0       0       0       0
  9660 ;;Total ram usage:        0 bytes
  9661 ;; Hardware stack levels used: 1
  9662 ;; This function calls:
  9663 ;;		Nothing
  9664 ;; This function is called by:
  9665 ;;		_I2C_Start
  9666 ;;		_I2C_Stop
  9667 ;;		_I2C_Write
  9668 ;;		_I2C_Read
  9669 ;; This function uses a non-reentrant model
  9670 ;;
  9671                           
  9672     19DA                     _SDA_drive0:	
  9673                           ;psect for function _SDA_drive0
  9674                           
  9675                           
  9676                           ;incstack = 0
  9677                           ; Regs used in _SDA_drive0: []
  9678     19DA  1683               	bsf	3,5	;RP0=1, select bank1
  9679     19DB  1303               	bcf	3,6	;RP1=0, select bank1
  9680     19DC  1207               	bcf	7,4	;volatile
  9681     19DD  1283               	bcf	3,5	;RP0=0, select bank0
  9682     19DE  1207               	bcf	7,4	;volatile
  9683     19DF  0008               	return
  9684     19E0                     __end_of_SDA_drive0:
  9685                           
  9686                           	psect	text44
  9687     19D4                     __ptext44:	
  9688 ;; *************** function _SCL_drive0 *****************
  9689 ;; Defined at:
  9690 ;;		line 8 in file "DS3231.c"
  9691 ;; Parameters:    Size  Location     Type
  9692 ;;		None
  9693 ;; Auto vars:     Size  Location     Type
  9694 ;;		None
  9695 ;; Return value:  Size  Location     Type
  9696 ;;                  1    wreg      void 
  9697 ;; Registers used:
  9698 ;;		None
  9699 ;; Tracked objects:
  9700 ;;		On entry : 0/0
  9701 ;;		On exit  : 300/0
  9702 ;;		Unchanged: 0/0
  9703 ;; Data sizes:     COMMON   BANK0   BANK1   BANK3   BANK2
  9704 ;;      Params:         0       0       0       0       0
  9705 ;;      Locals:         0       0       0       0       0
  9706 ;;      Temps:          0       0       0       0       0
  9707 ;;      Totals:         0       0       0       0       0
  9708 ;;Total ram usage:        0 bytes
  9709 ;; Hardware stack levels used: 1
  9710 ;; This function calls:
  9711 ;;		Nothing
  9712 ;; This function is called by:
  9713 ;;		_I2C_Start
  9714 ;;		_I2C_Write
  9715 ;;		_I2C_Read
  9716 ;; This function uses a non-reentrant model
  9717 ;;
  9718                           
  9719     19D4                     _SCL_drive0:	
  9720                           ;psect for function _SCL_drive0
  9721                           
  9722                           
  9723                           ;incstack = 0
  9724                           ; Regs used in _SCL_drive0: []
  9725     19D4  1683               	bsf	3,5	;RP0=1, select bank1
  9726     19D5  1303               	bcf	3,6	;RP1=0, select bank1
  9727     19D6  1187               	bcf	7,3	;volatile
  9728     19D7  1283               	bcf	3,5	;RP0=0, select bank0
  9729     19D8  1187               	bcf	7,3	;volatile
  9730     19D9  0008               	return
  9731     19DA                     __end_of_SCL_drive0:
  9732                           
  9733                           	psect	text45
  9734     19F9                     __ptext45:	
  9735 ;; *************** function _DS3231_Init *****************
  9736 ;; Defined at:
  9737 ;;		line 56 in file "DS3231.c"
  9738 ;; Parameters:    Size  Location     Type
  9739 ;;		None
  9740 ;; Auto vars:     Size  Location     Type
  9741 ;;		None
  9742 ;; Return value:  Size  Location     Type
  9743 ;;                  1    wreg      void 
  9744 ;; Registers used:
  9745 ;;		wreg, status,2, status,0, pclath, cstack
  9746 ;; Tracked objects:
  9747 ;;		On entry : 0/0
  9748 ;;		On exit  : 0/0
  9749 ;;		Unchanged: 0/0
  9750 ;; Data sizes:     COMMON   BANK0   BANK1   BANK3   BANK2
  9751 ;;      Params:         0       0       0       0       0
  9752 ;;      Locals:         0       0       0       0       0
  9753 ;;      Temps:          2       0       0       0       0
  9754 ;;      Totals:         2       0       0       0       0
  9755 ;;Total ram usage:        2 bytes
  9756 ;; Hardware stack levels used: 1
  9757 ;; Hardware stack levels required when called: 2
  9758 ;; This function calls:
  9759 ;;		_I2C_Init
  9760 ;; This function is called by:
  9761 ;;		_main
  9762 ;; This function uses a non-reentrant model
  9763 ;;
  9764                           
  9765     19F9                     _DS3231_Init:	
  9766                           ;psect for function _DS3231_Init
  9767                           
  9768                           
  9769                           ;incstack = 0
  9770                           ; Regs used in _DS3231_Init: [wreg+status,2+status,0+pclath+cstack]
  9771     19F9  160A  158A  2207  160A  158A  	fcall	_I2C_Init
  9772     19FE  30C3               	movlw	195
  9773     19FF  00F2               	movwf	??_DS3231_Init+1
  9774     1A00  30CD               	movlw	205
  9775     1A01  00F1               	movwf	??_DS3231_Init
  9776     1A02                     u6507:
  9777     1A02  0BF1               	decfsz	??_DS3231_Init,f
  9778     1A03  2A02               	goto	u6507
  9779     1A04  0BF2               	decfsz	??_DS3231_Init+1,f
  9780     1A05  2A02               	goto	u6507
  9781     1A06  0008               	return
  9782     1A07                     __end_of_DS3231_Init:
  9783                           
  9784                           	psect	text46
  9785     1A07                     __ptext46:	
  9786 ;; *************** function _I2C_Init *****************
  9787 ;; Defined at:
  9788 ;;		line 10 in file "DS3231.c"
  9789 ;; Parameters:    Size  Location     Type
  9790 ;;		None
  9791 ;; Auto vars:     Size  Location     Type
  9792 ;;		None
  9793 ;; Return value:  Size  Location     Type
  9794 ;;                  1    wreg      void 
  9795 ;; Registers used:
  9796 ;;		wreg, status,2, status,0, pclath, cstack
  9797 ;; Tracked objects:
  9798 ;;		On entry : 0/0
  9799 ;;		On exit  : 0/0
  9800 ;;		Unchanged: 0/0
  9801 ;; Data sizes:     COMMON   BANK0   BANK1   BANK3   BANK2
  9802 ;;      Params:         0       0       0       0       0
  9803 ;;      Locals:         0       0       0       0       0
  9804 ;;      Temps:          1       0       0       0       0
  9805 ;;      Totals:         1       0       0       0       0
  9806 ;;Total ram usage:        1 bytes
  9807 ;; Hardware stack levels used: 1
  9808 ;; Hardware stack levels required when called: 1
  9809 ;; This function calls:
  9810 ;;		_SCL_release
  9811 ;;		_SDA_release
  9812 ;; This function is called by:
  9813 ;;		_DS3231_Init
  9814 ;; This function uses a non-reentrant model
  9815 ;;
  9816                           
  9817     1A07                     _I2C_Init:	
  9818                           ;psect for function _I2C_Init
  9819                           
  9820                           
  9821                           ;DS3231.c: 11:     SDA_release();
  9822                           
  9823                           ;incstack = 0
  9824                           ; Regs used in _I2C_Init: [wreg+status,2+status,0+pclath+cstack]
  9825     1A07  120A  118A  2004  160A  158A  	fcall	_SDA_release
  9826                           
  9827                           ;DS3231.c: 12:     SCL_release();
  9828     1A0C  120A  158A  2000  160A  158A  	fcall	_SCL_release
  9829                           
  9830                           ;DS3231.c: 13:     _delay((unsigned long)((5)*(20000000/4000000.0)));
  9831     1A11  3008               	movlw	8
  9832     1A12  00F0               	movwf	??_I2C_Init
  9833     1A13                     u6517:
  9834     1A13  0BF0               	decfsz	??_I2C_Init,f
  9835     1A14  2A13               	goto	u6517
  9836     1A15  0008               	return
  9837     1A16                     __end_of_I2C_Init:
  9838                           
  9839                           	psect	text47
  9840     0004                     __ptext47:	
  9841 ;; *************** function _SDA_release *****************
  9842 ;; Defined at:
  9843 ;;		line 5 in file "DS3231.c"
  9844 ;; Parameters:    Size  Location     Type
  9845 ;;		None
  9846 ;; Auto vars:     Size  Location     Type
  9847 ;;		None
  9848 ;; Return value:  Size  Location     Type
  9849 ;;                  1    wreg      void 
  9850 ;; Registers used:
  9851 ;;		None
  9852 ;; Tracked objects:
  9853 ;;		On entry : 0/0
  9854 ;;		On exit  : 300/100
  9855 ;;		Unchanged: 0/0
  9856 ;; Data sizes:     COMMON   BANK0   BANK1   BANK3   BANK2
  9857 ;;      Params:         0       0       0       0       0
  9858 ;;      Locals:         0       0       0       0       0
  9859 ;;      Temps:          0       0       0       0       0
  9860 ;;      Totals:         0       0       0       0       0
  9861 ;;Total ram usage:        0 bytes
  9862 ;; Hardware stack levels used: 1
  9863 ;; This function calls:
  9864 ;;		Nothing
  9865 ;; This function is called by:
  9866 ;;		_I2C_Init
  9867 ;;		_I2C_Start
  9868 ;;		_I2C_Stop
  9869 ;;		_I2C_Write
  9870 ;;		_I2C_Read
  9871 ;; This function uses a non-reentrant model
  9872 ;;
  9873                           
  9874     0004                     _SDA_release:	
  9875                           ;psect for function _SDA_release
  9876                           
  9877                           
  9878                           ;incstack = 0
  9879                           ; Regs used in _SDA_release: []
  9880     0004  1683               	bsf	3,5	;RP0=1, select bank1
  9881     0005  1303               	bcf	3,6	;RP1=0, select bank1
  9882     0006  1607               	bsf	7,4	;volatile
  9883     0007  0008               	return
  9884     0008                     __end_of_SDA_release:
  9885                           
  9886                           	psect	text48
  9887     0800                     __ptext48:	
  9888 ;; *************** function _SCL_release *****************
  9889 ;; Defined at:
  9890 ;;		line 7 in file "DS3231.c"
  9891 ;; Parameters:    Size  Location     Type
  9892 ;;		None
  9893 ;; Auto vars:     Size  Location     Type
  9894 ;;		None
  9895 ;; Return value:  Size  Location     Type
  9896 ;;                  1    wreg      void 
  9897 ;; Registers used:
  9898 ;;		None
  9899 ;; Tracked objects:
  9900 ;;		On entry : 0/100
  9901 ;;		On exit  : 300/100
  9902 ;;		Unchanged: 0/0
  9903 ;; Data sizes:     COMMON   BANK0   BANK1   BANK3   BANK2
  9904 ;;      Params:         0       0       0       0       0
  9905 ;;      Locals:         0       0       0       0       0
  9906 ;;      Temps:          0       0       0       0       0
  9907 ;;      Totals:         0       0       0       0       0
  9908 ;;Total ram usage:        0 bytes
  9909 ;; Hardware stack levels used: 1
  9910 ;; This function calls:
  9911 ;;		Nothing
  9912 ;; This function is called by:
  9913 ;;		_I2C_Init
  9914 ;;		_I2C_Start
  9915 ;;		_I2C_Stop
  9916 ;;		_I2C_Write
  9917 ;;		_I2C_Read
  9918 ;; This function uses a non-reentrant model
  9919 ;;
  9920                           
  9921     0800                     _SCL_release:	
  9922                           ;psect for function _SCL_release
  9923                           
  9924                           
  9925                           ;incstack = 0
  9926                           ; Regs used in _SCL_release: []
  9927     0800  1683               	bsf	3,5	;RP0=1, select bank1
  9928     0801  1303               	bcf	3,6	;RP1=0, select bank1
  9929     0802  1587               	bsf	7,3	;volatile
  9930     0803  0008               	return
  9931     0804                     __end_of_SCL_release:
  9932                           
  9933                           	psect	text49
  9934     16C6                     __ptext49:	
  9935 ;; *************** function _DHT22_read *****************
  9936 ;; Defined at:
  9937 ;;		line 9 in file "DHT22.c"
  9938 ;; Parameters:    Size  Location     Type
  9939 ;;  dht_temperat    1   52[BANK0 ] PTR float 
  9940 ;;		 -> main@temp(4), 
  9941 ;;  dht_humedad     1   53[BANK0 ] PTR float 
  9942 ;;		 -> main@hum(4), 
  9943 ;; Auto vars:     Size  Location     Type
  9944 ;;  result          1   60[BANK0 ] unsigned char 
  9945 ;;  rawtemperatu    2   66[BANK0 ] unsigned short 
  9946 ;;  rawhumidity     2   58[BANK0 ] unsigned short 
  9947 ;;  bits            5   61[BANK0 ] unsigned char [5]
  9948 ;;  j               1   69[BANK0 ] unsigned char 
  9949 ;;  i               1   68[BANK0 ] unsigned char 
  9950 ;; Return value:  Size  Location     Type
  9951 ;;                  1    wreg      unsigned char 
  9952 ;; Registers used:
  9953 ;;		wreg, fsr0l, fsr0h, status,2, status,0, pclath, btemp1, cstack
  9954 ;; Tracked objects:
  9955 ;;		On entry : 300/0
  9956 ;;		On exit  : 300/0
  9957 ;;		Unchanged: 0/0
  9958 ;; Data sizes:     COMMON   BANK0   BANK1   BANK3   BANK2
  9959 ;;      Params:         0       2       0       0       0
  9960 ;;      Locals:         0      12       0       0       0
  9961 ;;      Temps:          0       4       0       0       0
  9962 ;;      Totals:         0      18       0       0       0
  9963 ;;Total ram usage:       18 bytes
  9964 ;; Hardware stack levels used: 1
  9965 ;; Hardware stack levels required when called: 2
  9966 ;; This function calls:
  9967 ;;		___fldiv
  9968 ;;		___flmul
  9969 ;;		___xxtofl
  9970 ;; This function is called by:
  9971 ;;		_main
  9972 ;; This function uses a non-reentrant model
  9973 ;;
  9974                           
  9975     16C6                     _DHT22_read:	
  9976                           ;psect for function _DHT22_read
  9977                           
  9978                           
  9979                           ;DHT22.c: 13:     PORTCbits.RC2 = 0;
  9980                           
  9981                           ;incstack = 0
  9982                           ; Regs used in _DHT22_read: [wreg-fsr0h+status,2+status,0+pclath+btemp1+cstack]
  9983     16C6  1107               	bcf	7,2	;volatile
  9984                           
  9985                           ;DHT22.c: 14:     _delay((unsigned long)((18)*(20000000/4000.0)));
  9986     16C7  3075               	movlw	117
  9987     16C8  1283               	bcf	3,5	;RP0=0, select bank0
  9988     16C9  1303               	bcf	3,6	;RP1=0, select bank0
  9989     16CA  00D7               	movwf	??_DHT22_read+1
  9990     16CB  30E0               	movlw	224
  9991     16CC  00D6               	movwf	??_DHT22_read
  9992     16CD                     u6527:
  9993     16CD  0BD6               	decfsz	??_DHT22_read,f
  9994     16CE  2ECD               	goto	u6527
  9995     16CF  0BD7               	decfsz	??_DHT22_read+1,f
  9996     16D0  2ECD               	goto	u6527
  9997     16D1  0000               	nop
  9998                           
  9999                           ;DHT22.c: 16:     PORTCbits.RC2 = 1;
 10000     16D2  1283               	bcf	3,5	;RP0=0, select bank0
 10001     16D3  1303               	bcf	3,6	;RP1=0, select bank0
 10002     16D4  1507               	bsf	7,2	;volatile
 10003                           
 10004                           ;DHT22.c: 17:     _delay((unsigned long)((40)*(20000000/4000000.0)));
 10005     16D5  3041               	movlw	65
 10006     16D6  1283               	bcf	3,5	;RP0=0, select bank0
 10007     16D7  1303               	bcf	3,6	;RP1=0, select bank0
 10008     16D8  00D6               	movwf	??_DHT22_read
 10009     16D9                     u6537:
 10010     16D9  0BD6               	decfsz	??_DHT22_read,f
 10011     16DA  2ED9               	goto	u6537
 10012     16DB  2EDC               	nop2
 10013                           
 10014                           ;DHT22.c: 19:     TRISCbits.TRISC2 = 1;
 10015     16DC  1683               	bsf	3,5	;RP0=1, select bank1
 10016     16DD  1303               	bcf	3,6	;RP1=0, select bank1
 10017     16DE  1507               	bsf	7,2	;volatile
 10018                           
 10019                           ;DHT22.c: 21:     if(PORTCbits.RC2){
 10020     16DF  1283               	bcf	3,5	;RP0=0, select bank0
 10021     16E0  1D07               	btfss	7,2	;volatile
 10022     16E1  2EE8               	goto	l3897
 10023     16E2                     l3901:	
 10024                           ;DHT22.c: 23:         PORTCbits.RC2 = 1;
 10025                           
 10026                           ;DHT22.c: 22:         TRISCbits.TRISC2 = 0;
 10027                           
 10028                           
 10029                           ;DHT22.c: 29:         TRISCbits.TRISC2 = 0;
 10030     16E2  1683               	bsf	3,5	;RP0=1, select bank1
 10031     16E3  1107               	bcf	7,2	;volatile
 10032                           
 10033                           ;DHT22.c: 30:         PORTCbits.RC2 = 1;
 10034     16E4  1283               	bcf	3,5	;RP0=0, select bank0
 10035     16E5  1507               	bsf	7,2	;volatile
 10036     16E6                     l3893:
 10037                           
 10038                           ;DHT22.c: 24:         return 0;
 10039     16E6  3000               	movlw	0
 10040     16E7  0008               	return
 10041     16E8                     l3897:
 10042                           
 10043                           ;DHT22.c: 26:     _delay((unsigned long)((80)*(20000000/4000000.0)));
 10044     16E8  3084               	movlw	132
 10045     16E9  1283               	bcf	3,5	;RP0=0, select bank0
 10046     16EA  1303               	bcf	3,6	;RP1=0, select bank0
 10047     16EB  00D6               	movwf	??_DHT22_read
 10048     16EC                     u6547:
 10049     16EC  0BD6               	decfsz	??_DHT22_read,f
 10050     16ED  2EEC               	goto	u6547
 10051     16EE  0000               	nop
 10052                           
 10053                           ;DHT22.c: 28:     if(!PORTCbits.RC2){
 10054     16EF  1283               	bcf	3,5	;RP0=0, select bank0
 10055     16F0  1303               	bcf	3,6	;RP1=0, select bank0
 10056     16F1  1D07               	btfss	7,2	;volatile
 10057     16F2  2EE2               	goto	l3901
 10058                           
 10059                           ;DHT22.c: 33:     _delay((unsigned long)((80)*(20000000/4000000.0)));
 10060     16F3  3084               	movlw	132
 10061     16F4  1283               	bcf	3,5	;RP0=0, select bank0
 10062     16F5  1303               	bcf	3,6	;RP1=0, select bank0
 10063     16F6  00D6               	movwf	??_DHT22_read
 10064     16F7                     u6557:
 10065     16F7  0BD6               	decfsz	??_DHT22_read,f
 10066     16F8  2EF7               	goto	u6557
 10067     16F9  0000               	nop
 10068                           
 10069                           ;DHT22.c: 35:     for (j=0; j<5; j++)
 10070     16FA  1283               	bcf	3,5	;RP0=0, select bank0
 10071     16FB  1303               	bcf	3,6	;RP1=0, select bank0
 10072     16FC  01E5               	clrf	DHT22_read@j
 10073     16FD                     l3915:
 10074                           
 10075                           ;DHT22.c: 36:     {;DHT22.c: 37:         uint8_t result=0;
 10076     16FD  01DC               	clrf	DHT22_read@result
 10077                           
 10078                           ;DHT22.c: 38:         for (i=0; i<8; i++)
 10079     16FE  01E4               	clrf	DHT22_read@i
 10080     16FF                     l19:
 10081     16FF  1D07               	btfss	7,2	;volatile
 10082     1700  2EFF               	goto	l19
 10083                           
 10084                           ;DHT22.c: 41:             _delay((unsigned long)((35)*(20000000/4000000.0)));
 10085     1701  3039               	movlw	57
 10086     1702  1283               	bcf	3,5	;RP0=0, select bank0
 10087     1703  1303               	bcf	3,6	;RP1=0, select bank0
 10088     1704  00D6               	movwf	??_DHT22_read
 10089     1705                     u6567:
 10090     1705  0BD6               	decfsz	??_DHT22_read,f
 10091     1706  2F05               	goto	u6567
 10092     1707  0000               	nop
 10093                           
 10094                           ;DHT22.c: 42:             if (PORTCbits.RC2)
 10095     1708  1283               	bcf	3,5	;RP0=0, select bank0
 10096     1709  1303               	bcf	3,6	;RP1=0, select bank0
 10097     170A  1D07               	btfss	7,2	;volatile
 10098     170B  2F19               	goto	l23
 10099                           
 10100                           ;DHT22.c: 43:                 result |= (1<<(7-i));
 10101     170C  3001               	movlw	1
 10102     170D  00D6               	movwf	??_DHT22_read
 10103     170E  0864               	movf	DHT22_read@i,w
 10104     170F  3C07               	sublw	7
 10105     1710  3E01               	addlw	1
 10106     1711  2F14               	goto	u5384
 10107     1712                     u5385:
 10108     1712  1003               	clrc
 10109     1713  0DD6               	rlf	??_DHT22_read,f
 10110     1714                     u5384:
 10111     1714  3EFF               	addlw	-1
 10112     1715  1D03               	skipz
 10113     1716  2F12               	goto	u5385
 10114     1717  0856               	movf	??_DHT22_read,w
 10115     1718  04DC               	iorwf	DHT22_read@result,f
 10116     1719                     l23:
 10117     1719  1907               	btfsc	7,2	;volatile
 10118     171A  2F19               	goto	l23
 10119                           
 10120                           ;DHT22.c: 46:         }
 10121     171B  3001               	movlw	1
 10122     171C  07E4               	addwf	DHT22_read@i,f
 10123     171D  3008               	movlw	8
 10124     171E  0264               	subwf	DHT22_read@i,w
 10125     171F  1C03               	skipc
 10126     1720  2EFF               	goto	l19
 10127                           
 10128                           ;DHT22.c: 47:         bits[j] = result;
 10129     1721  0865               	movf	DHT22_read@j,w
 10130     1722  3E5D               	addlw	(low (DHT22_read@bits| 0))& (0+255)
 10131     1723  0084               	movwf	4
 10132     1724  085C               	movf	DHT22_read@result,w
 10133     1725  1383               	bcf	3,7	;select IRP bank0
 10134     1726  0080               	movwf	0
 10135                           
 10136                           ;DHT22.c: 48:     }
 10137     1727  3001               	movlw	1
 10138     1728  07E5               	addwf	DHT22_read@j,f
 10139     1729  3005               	movlw	5
 10140     172A  0265               	subwf	DHT22_read@j,w
 10141     172B  1C03               	skipc
 10142     172C  2EFD               	goto	l3915
 10143                           
 10144                           ;DHT22.c: 50:     TRISCbits.TRISC2 = 0;
 10145     172D  1683               	bsf	3,5	;RP0=1, select bank1
 10146     172E  1107               	bcf	7,2	;volatile
 10147                           
 10148                           ;DHT22.c: 51:     PORTCbits.RC2 = 1;
 10149     172F  1283               	bcf	3,5	;RP0=0, select bank0
 10150     1730  1507               	bsf	7,2	;volatile
 10151                           
 10152                           ;DHT22.c: 53:     if ((uint8_t)(bits[0] + bits[1] + bits[2] + bits[3]) == bits[4])
 10153     1731  085F               	movf	DHT22_read@bits+2,w
 10154     1732  075E               	addwf	DHT22_read@bits+1,w
 10155     1733  00D6               	movwf	??_DHT22_read
 10156     1734  0860               	movf	DHT22_read@bits+3,w
 10157     1735  0756               	addwf	??_DHT22_read,w
 10158     1736  00D7               	movwf	??_DHT22_read+1
 10159     1737  085D               	movf	DHT22_read@bits,w
 10160     1738  0757               	addwf	??_DHT22_read+1,w
 10161     1739  0661               	xorwf	DHT22_read@bits+4,w
 10162     173A  1D03               	skipz
 10163     173B  2EE6               	goto	l3893
 10164                           
 10165                           ;DHT22.c: 54:     {;DHT22.c: 55:         uint16_t rawhumidity = bits[0]<<8 | bits[1];
 10166     173C  085E               	movf	DHT22_read@bits+1,w
 10167     173D  00D6               	movwf	??_DHT22_read
 10168     173E  01D7               	clrf	??_DHT22_read+1
 10169     173F  085D               	movf	DHT22_read@bits,w
 10170     1740  00D8               	movwf	??_DHT22_read+2
 10171     1741  01D9               	clrf	??_DHT22_read+3
 10172     1742  0858               	movf	??_DHT22_read+2,w
 10173     1743  00D9               	movwf	??_DHT22_read+3
 10174     1744  01D8               	clrf	??_DHT22_read+2
 10175     1745  0856               	movf	??_DHT22_read,w
 10176     1746  0458               	iorwf	??_DHT22_read+2,w
 10177     1747  00DA               	movwf	DHT22_read@rawhumidity
 10178     1748  0857               	movf	??_DHT22_read+1,w
 10179     1749  0459               	iorwf	??_DHT22_read+3,w
 10180     174A  00DB               	movwf	DHT22_read@rawhumidity+1
 10181                           
 10182                           ;DHT22.c: 56:         uint16_t rawtemperature = bits[2]<<8 | bits[3];
 10183     174B  0860               	movf	DHT22_read@bits+3,w
 10184     174C  00D6               	movwf	??_DHT22_read
 10185     174D  01D7               	clrf	??_DHT22_read+1
 10186     174E  085F               	movf	DHT22_read@bits+2,w
 10187     174F  00D8               	movwf	??_DHT22_read+2
 10188     1750  01D9               	clrf	??_DHT22_read+3
 10189     1751  0858               	movf	??_DHT22_read+2,w
 10190     1752  00D9               	movwf	??_DHT22_read+3
 10191     1753  01D8               	clrf	??_DHT22_read+2
 10192     1754  0856               	movf	??_DHT22_read,w
 10193     1755  0458               	iorwf	??_DHT22_read+2,w
 10194     1756  00E2               	movwf	DHT22_read@rawtemperature
 10195     1757  0857               	movf	??_DHT22_read+1,w
 10196     1758  0459               	iorwf	??_DHT22_read+3,w
 10197     1759  00E3               	movwf	DHT22_read@rawtemperature+1
 10198                           
 10199                           ;DHT22.c: 58:         if (rawtemperature & 0x8000){
 10200     175A  1FE3               	btfss	DHT22_read@rawtemperature+1,7
 10201     175B  2FA2               	goto	l3945
 10202                           
 10203                           ;DHT22.c: 59:             *dht_temperatura = (float)((rawtemperature & 0x7fff) / 10.0) *
      +                           -1.0;
 10204     175C  30BF               	movlw	191
 10205     175D  00BD               	movwf	___flmul@b+3
 10206     175E  3080               	movlw	128
 10207     175F  00BC               	movwf	___flmul@b+2
 10208     1760  3000               	movlw	0
 10209     1761  00BB               	movwf	___flmul@b+1
 10210     1762  3000               	movlw	0
 10211     1763  00BA               	movwf	___flmul@b
 10212     1764  3041               	movlw	65
 10213     1765  00A3               	movwf	___fldiv@a+3
 10214     1766  3020               	movlw	32
 10215     1767  00A2               	movwf	___fldiv@a+2
 10216     1768  3000               	movlw	0
 10217     1769  00A1               	movwf	___fldiv@a+1
 10218     176A  3000               	movlw	0
 10219     176B  00A0               	movwf	___fldiv@a
 10220     176C  30FF               	movlw	255
 10221     176D  0562               	andwf	DHT22_read@rawtemperature,w
 10222     176E  00F0               	movwf	___xxtofl@val
 10223     176F  307F               	movlw	127
 10224     1770  0563               	andwf	DHT22_read@rawtemperature+1,w
 10225     1771  00F1               	movwf	___xxtofl@val+1
 10226     1772  01F2               	clrf	___xxtofl@val+2
 10227     1773  01F3               	clrf	___xxtofl@val+3
 10228     1774  3000               	movlw	0
 10229     1775  160A  118A  21D6  160A  118A  	fcall	___xxtofl
 10230     177A  0873               	movf	?___xxtofl+3,w
 10231     177B  00A7               	movwf	___fldiv@b+3
 10232     177C  0872               	movf	?___xxtofl+2,w
 10233     177D  00A6               	movwf	___fldiv@b+2
 10234     177E  0871               	movf	?___xxtofl+1,w
 10235     177F  00A5               	movwf	___fldiv@b+1
 10236     1780  0870               	movf	?___xxtofl,w
 10237     1781  00A4               	movwf	___fldiv@b
 10238     1782  120A  158A  21A4  160A  118A  	fcall	___fldiv
 10239     1787  0823               	movf	?___fldiv+3,w
 10240     1788  00C1               	movwf	___flmul@a+3
 10241     1789  0822               	movf	?___fldiv+2,w
 10242     178A  00C0               	movwf	___flmul@a+2
 10243     178B  0821               	movf	?___fldiv+1,w
 10244     178C  00BF               	movwf	___flmul@a+1
 10245     178D  0820               	movf	?___fldiv,w
 10246     178E  00BE               	movwf	___flmul@a
 10247     178F  120A  158A  252A  160A  118A  	fcall	___flmul
 10248     1794  0854               	movf	DHT22_read@dht_temperatura,w
 10249     1795  0084               	movwf	4
 10250     1796  083A               	movf	?___flmul,w
 10251     1797  1383               	bcf	3,7	;select IRP bank0
 10252     1798  0080               	movwf	0
 10253     1799  0A84               	incf	4,f
 10254     179A  083B               	movf	?___flmul+1,w
 10255     179B  0080               	movwf	0
 10256     179C  0A84               	incf	4,f
 10257     179D  083C               	movf	?___flmul+2,w
 10258     179E  0080               	movwf	0
 10259     179F  0A84               	incf	4,f
 10260     17A0  083D               	movf	?___flmul+3,w
 10261     17A1  2FD0               	goto	L8
 10262     17A2                     l3945:	
 10263                           ;DHT22.c: 60:         }else{
 10264                           
 10265                           
 10266                           ;DHT22.c: 61:             *dht_temperatura = (float)(rawtemperature)/10.0;
 10267     17A2  3041               	movlw	65
 10268     17A3  00A3               	movwf	___fldiv@a+3
 10269     17A4  3020               	movlw	32
 10270     17A5  00A2               	movwf	___fldiv@a+2
 10271     17A6  3000               	movlw	0
 10272     17A7  00A1               	movwf	___fldiv@a+1
 10273     17A8  3000               	movlw	0
 10274     17A9  00A0               	movwf	___fldiv@a
 10275     17AA  0862               	movf	DHT22_read@rawtemperature,w
 10276     17AB  00F0               	movwf	___xxtofl@val
 10277     17AC  0863               	movf	DHT22_read@rawtemperature+1,w
 10278     17AD  00F1               	movwf	___xxtofl@val+1
 10279     17AE  01F2               	clrf	___xxtofl@val+2
 10280     17AF  01F3               	clrf	___xxtofl@val+3
 10281     17B0  3000               	movlw	0
 10282     17B1  160A  118A  21D6  160A  118A  	fcall	___xxtofl
 10283     17B6  0873               	movf	?___xxtofl+3,w
 10284     17B7  00A7               	movwf	___fldiv@b+3
 10285     17B8  0872               	movf	?___xxtofl+2,w
 10286     17B9  00A6               	movwf	___fldiv@b+2
 10287     17BA  0871               	movf	?___xxtofl+1,w
 10288     17BB  00A5               	movwf	___fldiv@b+1
 10289     17BC  0870               	movf	?___xxtofl,w
 10290     17BD  00A4               	movwf	___fldiv@b
 10291     17BE  120A  158A  21A4  160A  118A  	fcall	___fldiv
 10292     17C3  0854               	movf	DHT22_read@dht_temperatura,w
 10293     17C4  0084               	movwf	4
 10294     17C5  0820               	movf	?___fldiv,w
 10295     17C6  1383               	bcf	3,7	;select IRP bank0
 10296     17C7  0080               	movwf	0
 10297     17C8  0A84               	incf	4,f
 10298     17C9  0821               	movf	?___fldiv+1,w
 10299     17CA  0080               	movwf	0
 10300     17CB  0A84               	incf	4,f
 10301     17CC  0822               	movf	?___fldiv+2,w
 10302     17CD  0080               	movwf	0
 10303     17CE  0A84               	incf	4,f
 10304     17CF  0823               	movf	?___fldiv+3,w
 10305     17D0                     L8:
 10306     17D0  0080               	movwf	0
 10307                           
 10308                           ;DHT22.c: 63:         *dht_humedad = (float)(rawhumidity)/10.0;
 10309                           
 10310                           ;DHT22.c: 62:         }
 10311     17D1  3041               	movlw	65
 10312     17D2  00A3               	movwf	___fldiv@a+3
 10313     17D3  3020               	movlw	32
 10314     17D4  00A2               	movwf	___fldiv@a+2
 10315     17D5  3000               	movlw	0
 10316     17D6  00A1               	movwf	___fldiv@a+1
 10317     17D7  3000               	movlw	0
 10318     17D8  00A0               	movwf	___fldiv@a
 10319     17D9  085A               	movf	DHT22_read@rawhumidity,w
 10320     17DA  00F0               	movwf	___xxtofl@val
 10321     17DB  085B               	movf	DHT22_read@rawhumidity+1,w
 10322     17DC  00F1               	movwf	___xxtofl@val+1
 10323     17DD  01F2               	clrf	___xxtofl@val+2
 10324     17DE  01F3               	clrf	___xxtofl@val+3
 10325     17DF  3000               	movlw	0
 10326     17E0  160A  118A  21D6  160A  118A  	fcall	___xxtofl
 10327     17E5  0873               	movf	?___xxtofl+3,w
 10328     17E6  00A7               	movwf	___fldiv@b+3
 10329     17E7  0872               	movf	?___xxtofl+2,w
 10330     17E8  00A6               	movwf	___fldiv@b+2
 10331     17E9  0871               	movf	?___xxtofl+1,w
 10332     17EA  00A5               	movwf	___fldiv@b+1
 10333     17EB  0870               	movf	?___xxtofl,w
 10334     17EC  00A4               	movwf	___fldiv@b
 10335     17ED  120A  158A  21A4   	fcall	___fldiv
 10336     17F0  0855               	movf	DHT22_read@dht_humedad,w
 10337     17F1  0084               	movwf	4
 10338     17F2  0820               	movf	?___fldiv,w
 10339     17F3  1383               	bcf	3,7	;select IRP bank0
 10340     17F4  0080               	movwf	0
 10341     17F5  0A84               	incf	4,f
 10342     17F6  0821               	movf	?___fldiv+1,w
 10343     17F7  0080               	movwf	0
 10344     17F8  0A84               	incf	4,f
 10345     17F9  0822               	movf	?___fldiv+2,w
 10346     17FA  0080               	movwf	0
 10347     17FB  0A84               	incf	4,f
 10348     17FC  0823               	movf	?___fldiv+3,w
 10349     17FD  0080               	movwf	0
 10350                           
 10351                           ;DHT22.c: 64:         return 1;
 10352     17FE  3001               	movlw	1
 10353     17FF  0008               	return
 10354     1800                     __end_of_DHT22_read:
 10355                           
 10356                           	psect	text50
 10357     11D6                     __ptext50:	
 10358 ;; *************** function ___xxtofl *****************
 10359 ;; Defined at:
 10360 ;;		line 10 in file "C:\Program Files\Microchip\xc8\v3.10\pic\sources\c99\common\xxtofl.c"
 10361 ;; Parameters:    Size  Location     Type
 10362 ;;  sign            1    wreg     unsigned char 
 10363 ;;  val             4    0[COMMON] long 
 10364 ;; Auto vars:     Size  Location     Type
 10365 ;;  sign            1    8[COMMON] unsigned char 
 10366 ;;  arg             4   10[COMMON] unsigned long 
 10367 ;;  exp             1    9[COMMON] unsigned char 
 10368 ;; Return value:  Size  Location     Type
 10369 ;;                  4    0[COMMON] unsigned char 
 10370 ;; Registers used:
 10371 ;;		wreg, status,2, status,0
 10372 ;; Tracked objects:
 10373 ;;		On entry : 300/0
 10374 ;;		On exit  : 300/0
 10375 ;;		Unchanged: 300/0
 10376 ;; Data sizes:     COMMON   BANK0   BANK1   BANK3   BANK2
 10377 ;;      Params:         4       0       0       0       0
 10378 ;;      Locals:         6       0       0       0       0
 10379 ;;      Temps:          4       0       0       0       0
 10380 ;;      Totals:        14       0       0       0       0
 10381 ;;Total ram usage:       14 bytes
 10382 ;; Hardware stack levels used: 1
 10383 ;; This function calls:
 10384 ;;		Nothing
 10385 ;; This function is called by:
 10386 ;;		_DHT22_read
 10387 ;;		_calculate_temp_stats
 10388 ;; This function uses a non-reentrant model
 10389 ;;
 10390                           
 10391     11D6                     ___xxtofl:	
 10392                           ;psect for function ___xxtofl
 10393                           
 10394                           
 10395                           ;incstack = 0
 10396                           ; Regs used in ___xxtofl: [wreg+status,2+status,0]
 10397                           ;___xxtofl@sign stored from wreg
 10398     11D6  00F8               	movwf	___xxtofl@sign
 10399     11D7  0878               	movf	___xxtofl@sign,w
 10400     11D8  1D03               	btfss	3,2
 10401     11D9  1FF3               	btfss	___xxtofl@val+3,7
 10402     11DA  29EB               	goto	l3837
 10403     11DB  0970               	comf	___xxtofl@val,w
 10404     11DC  00FA               	movwf	___xxtofl@arg
 10405     11DD  0971               	comf	___xxtofl@val+1,w
 10406     11DE  00FB               	movwf	___xxtofl@arg+1
 10407     11DF  0972               	comf	___xxtofl@val+2,w
 10408     11E0  00FC               	movwf	___xxtofl@arg+2
 10409     11E1  0973               	comf	___xxtofl@val+3,w
 10410     11E2  00FD               	movwf	___xxtofl@arg+3
 10411     11E3  0AFA               	incf	___xxtofl@arg,f
 10412     11E4  1903               	skipnz
 10413     11E5  0AFB               	incf	___xxtofl@arg+1,f
 10414     11E6  1903               	skipnz
 10415     11E7  0AFC               	incf	___xxtofl@arg+2,f
 10416     11E8  1903               	skipnz
 10417     11E9  0AFD               	incf	___xxtofl@arg+3,f
 10418     11EA  29F3               	goto	l872
 10419     11EB                     l3837:
 10420     11EB  0873               	movf	___xxtofl@val+3,w
 10421     11EC  00FD               	movwf	___xxtofl@arg+3
 10422     11ED  0872               	movf	___xxtofl@val+2,w
 10423     11EE  00FC               	movwf	___xxtofl@arg+2
 10424     11EF  0871               	movf	___xxtofl@val+1,w
 10425     11F0  00FB               	movwf	___xxtofl@arg+1
 10426     11F1  0870               	movf	___xxtofl@val,w
 10427     11F2  00FA               	movwf	___xxtofl@arg
 10428     11F3                     l872:
 10429     11F3  0873               	movf	___xxtofl@val+3,w
 10430     11F4  0472               	iorwf	___xxtofl@val+2,w
 10431     11F5  0471               	iorwf	___xxtofl@val+1,w
 10432     11F6  0470               	iorwf	___xxtofl@val,w
 10433     11F7  1D03               	skipz
 10434     11F8  2A02               	goto	l873
 10435     11F9  3000               	movlw	0
 10436     11FA  00F3               	movwf	?___xxtofl+3
 10437     11FB  3000               	movlw	0
 10438     11FC  00F2               	movwf	?___xxtofl+2
 10439     11FD  3000               	movlw	0
 10440     11FE  00F1               	movwf	?___xxtofl+1
 10441     11FF  3000               	movlw	0
 10442     1200  00F0               	movwf	?___xxtofl
 10443     1201  0008               	return
 10444     1202                     l873:
 10445     1202  3096               	movlw	150
 10446     1203  00F9               	movwf	___xxtofl@exp
 10447     1204                     l3845:
 10448     1204  30FE               	movlw	254
 10449     1205  057D               	andwf	___xxtofl@arg+3,w
 10450     1206  1903               	btfsc	3,2
 10451     1207  2A2D               	goto	l878
 10452     1208  3001               	movlw	1
 10453     1209  07F9               	addwf	___xxtofl@exp,f
 10454     120A  3001               	movlw	1
 10455     120B                     u5235:
 10456     120B  1003               	clrc
 10457     120C  0CFD               	rrf	___xxtofl@arg+3,f
 10458     120D  0CFC               	rrf	___xxtofl@arg+2,f
 10459     120E  0CFB               	rrf	___xxtofl@arg+1,f
 10460     120F  0CFA               	rrf	___xxtofl@arg,f
 10461     1210  3EFF               	addlw	-1
 10462     1211  1D03               	skipz
 10463     1212  2A0B               	goto	u5235
 10464     1213  2A04               	goto	l3845
 10465     1214                     l3847:
 10466     1214  3001               	movlw	1
 10467     1215  07F9               	addwf	___xxtofl@exp,f
 10468     1216  3001               	movlw	1
 10469     1217  07FA               	addwf	___xxtofl@arg,f
 10470     1218  3000               	movlw	0
 10471     1219  1803               	skipnc
 10472     121A  3001               	movlw	1
 10473     121B  07FB               	addwf	___xxtofl@arg+1,f
 10474     121C  3000               	movlw	0
 10475     121D  1803               	skipnc
 10476     121E  3001               	movlw	1
 10477     121F  07FC               	addwf	___xxtofl@arg+2,f
 10478     1220  3000               	movlw	0
 10479     1221  1803               	skipnc
 10480     1222  3001               	movlw	1
 10481     1223  07FD               	addwf	___xxtofl@arg+3,f
 10482     1224  3001               	movlw	1
 10483     1225                     u5255:
 10484     1225  1003               	clrc
 10485     1226  0CFD               	rrf	___xxtofl@arg+3,f
 10486     1227  0CFC               	rrf	___xxtofl@arg+2,f
 10487     1228  0CFB               	rrf	___xxtofl@arg+1,f
 10488     1229  0CFA               	rrf	___xxtofl@arg,f
 10489     122A  3EFF               	addlw	-1
 10490     122B  1D03               	skipz
 10491     122C  2A25               	goto	u5255
 10492     122D                     l878:
 10493     122D  30FF               	movlw	255
 10494     122E  057D               	andwf	___xxtofl@arg+3,w
 10495     122F  1903               	btfsc	3,2
 10496     1230  2A41               	goto	l3855
 10497     1231  2A14               	goto	l3847
 10498     1232                     l3857:
 10499     1232  3002               	movlw	2
 10500     1233  0279               	subwf	___xxtofl@exp,w
 10501     1234  1C03               	btfss	3,0
 10502     1235  2A43               	goto	l885
 10503     1236  3001               	movlw	1
 10504     1237  02F9               	subwf	___xxtofl@exp,f
 10505     1238  3001               	movlw	1
 10506     1239  00F4               	movwf	??___xxtofl
 10507     123A                     u5275:
 10508     123A  1003               	clrc
 10509     123B  0DFA               	rlf	___xxtofl@arg,f
 10510     123C  0DFB               	rlf	___xxtofl@arg+1,f
 10511     123D  0DFC               	rlf	___xxtofl@arg+2,f
 10512     123E  0DFD               	rlf	___xxtofl@arg+3,f
 10513     123F  0BF4               	decfsz	??___xxtofl,f
 10514     1240  2A3A               	goto	u5275
 10515     1241                     l3855:
 10516     1241  1FFC               	btfss	___xxtofl@arg+2,7
 10517     1242  2A32               	goto	l3857
 10518     1243                     l885:
 10519     1243  1879               	btfsc	___xxtofl@exp,0
 10520     1244  2A4D               	goto	l886
 10521     1245  30FF               	movlw	255
 10522     1246  05FA               	andwf	___xxtofl@arg,f
 10523     1247  30FF               	movlw	255
 10524     1248  05FB               	andwf	___xxtofl@arg+1,f
 10525     1249  307F               	movlw	127
 10526     124A  05FC               	andwf	___xxtofl@arg+2,f
 10527     124B  30FF               	movlw	255
 10528     124C  05FD               	andwf	___xxtofl@arg+3,f
 10529     124D                     l886:
 10530     124D  1003               	clrc
 10531     124E  0CF9               	rrf	___xxtofl@exp,f
 10532     124F  0879               	movf	___xxtofl@exp,w
 10533     1250  00F4               	movwf	??___xxtofl
 10534     1251  01F5               	clrf	??___xxtofl+1
 10535     1252  01F6               	clrf	??___xxtofl+2
 10536     1253  01F7               	clrf	??___xxtofl+3
 10537     1254  3018               	movlw	24
 10538     1255                     u5315:
 10539     1255  1003               	clrc
 10540     1256  0DF4               	rlf	??___xxtofl,f
 10541     1257  0DF5               	rlf	??___xxtofl+1,f
 10542     1258  0DF6               	rlf	??___xxtofl+2,f
 10543     1259  0DF7               	rlf	??___xxtofl+3,f
 10544     125A  3EFF               	addlw	-1
 10545     125B  1D03               	skipz
 10546     125C  2A55               	goto	u5315
 10547     125D  0874               	movf	??___xxtofl,w
 10548     125E  04FA               	iorwf	___xxtofl@arg,f
 10549     125F  0875               	movf	??___xxtofl+1,w
 10550     1260  04FB               	iorwf	___xxtofl@arg+1,f
 10551     1261  0876               	movf	??___xxtofl+2,w
 10552     1262  04FC               	iorwf	___xxtofl@arg+2,f
 10553     1263  0877               	movf	??___xxtofl+3,w
 10554     1264  04FD               	iorwf	___xxtofl@arg+3,f
 10555     1265  0878               	movf	___xxtofl@sign,w
 10556     1266  1D03               	btfss	3,2
 10557     1267  1FF3               	btfss	___xxtofl@val+3,7
 10558     1268  2A6A               	goto	l3869
 10559     1269  17FD               	bsf	___xxtofl@arg+3,7
 10560     126A                     l3869:
 10561     126A  087D               	movf	___xxtofl@arg+3,w
 10562     126B  00F3               	movwf	?___xxtofl+3
 10563     126C  087C               	movf	___xxtofl@arg+2,w
 10564     126D  00F2               	movwf	?___xxtofl+2
 10565     126E  087B               	movf	___xxtofl@arg+1,w
 10566     126F  00F1               	movwf	?___xxtofl+1
 10567     1270  087A               	movf	___xxtofl@arg,w
 10568     1271  00F0               	movwf	?___xxtofl
 10569     1272  0008               	return
 10570     1273                     __end_of___xxtofl:
 10571                           
 10572                           	psect	text51
 10573     0D2A                     __ptext51:	
 10574 ;; *************** function ___flmul *****************
 10575 ;; Defined at:
 10576 ;;		line 8 in file "C:\Program Files\Microchip\xc8\v3.10\pic\sources\c99\common\sprcmul.c"
 10577 ;; Parameters:    Size  Location     Type
 10578 ;;  b               4   26[BANK0 ] unsigned char 
 10579 ;;  a               4   30[BANK0 ] unsigned char 
 10580 ;; Auto vars:     Size  Location     Type
 10581 ;;  prod            4   46[BANK0 ] struct .
 10582 ;;  grs             4   41[BANK0 ] unsigned long 
 10583 ;;  temp            2   50[BANK0 ] struct .
 10584 ;;  bexp            1   45[BANK0 ] unsigned char 
 10585 ;;  aexp            1   40[BANK0 ] unsigned char 
 10586 ;;  sign            1   39[BANK0 ] unsigned char 
 10587 ;; Return value:  Size  Location     Type
 10588 ;;                  4   26[BANK0 ] unsigned char 
 10589 ;; Registers used:
 10590 ;;		wreg, status,2, status,0, pclath, btemp1, cstack
 10591 ;; Tracked objects:
 10592 ;;		On entry : 300/800
 10593 ;;		On exit  : 300/0
 10594 ;;		Unchanged: 0/0
 10595 ;; Data sizes:     COMMON   BANK0   BANK1   BANK3   BANK2
 10596 ;;      Params:         0       8       0       0       0
 10597 ;;      Locals:         0      13       0       0       0
 10598 ;;      Temps:          0       5       0       0       0
 10599 ;;      Totals:         0      26       0       0       0
 10600 ;;Total ram usage:       26 bytes
 10601 ;; Hardware stack levels used: 1
 10602 ;; This function calls:
 10603 ;;		__Umul8_16
 10604 ;; This function is called by:
 10605 ;;		_DHT22_read
 10606 ;;		_pf
 10607 ;;		_main
 10608 ;; This function uses a non-reentrant model
 10609 ;;
 10610                           
 10611     0D2A                     ___flmul:	
 10612                           ;psect for function ___flmul
 10613                           
 10614                           
 10615                           ;incstack = 0
 10616                           ; Regs used in ___flmul: [wreg+status,2+status,0+pclath+btemp1+cstack]
 10617     0D2A  083D               	movf	___flmul@b+3,w
 10618     0D2B  00C7               	movwf	___flmul@sign
 10619     0D2C  3080               	movlw	128
 10620     0D2D  05C7               	andwf	___flmul@sign,f
 10621     0D2E  083D               	movf	___flmul@b+3,w
 10622     0D2F  00C2               	movwf	??___flmul
 10623     0D30  0742               	addwf	??___flmul,w
 10624     0D31  00CD               	movwf	___flmul@bexp
 10625     0D32  1BBC               	btfsc	___flmul@b+2,7
 10626     0D33  144D               	bsf	___flmul@bexp,0
 10627     0D34  084D               	movf	___flmul@bexp,w
 10628     0D35  1903               	btfsc	3,2
 10629     0D36  2D44               	goto	l3279
 10630     0D37  0A4D               	incf	___flmul@bexp,w
 10631     0D38  1D03               	btfss	3,2
 10632     0D39  2D42               	goto	l3277
 10633     0D3A  3000               	movlw	0
 10634     0D3B  00BD               	movwf	___flmul@b+3
 10635     0D3C  3000               	movlw	0
 10636     0D3D  00BC               	movwf	___flmul@b+2
 10637     0D3E  3000               	movlw	0
 10638     0D3F  00BB               	movwf	___flmul@b+1
 10639     0D40  3000               	movlw	0
 10640     0D41  00BA               	movwf	___flmul@b
 10641     0D42                     l3277:
 10642     0D42  17BC               	bsf	___flmul@b+2,7
 10643     0D43  2D4C               	goto	l3281
 10644     0D44                     l3279:
 10645     0D44  3000               	movlw	0
 10646     0D45  00BD               	movwf	___flmul@b+3
 10647     0D46  3000               	movlw	0
 10648     0D47  00BC               	movwf	___flmul@b+2
 10649     0D48  3000               	movlw	0
 10650     0D49  00BB               	movwf	___flmul@b+1
 10651     0D4A  3000               	movlw	0
 10652     0D4B  00BA               	movwf	___flmul@b
 10653     0D4C                     l3281:
 10654     0D4C  0841               	movf	___flmul@a+3,w
 10655     0D4D  3980               	andlw	128
 10656     0D4E  06C7               	xorwf	___flmul@sign,f
 10657     0D4F  0841               	movf	___flmul@a+3,w
 10658     0D50  00C2               	movwf	??___flmul
 10659     0D51  0742               	addwf	??___flmul,w
 10660     0D52  00C8               	movwf	___flmul@aexp
 10661     0D53  1BC0               	btfsc	___flmul@a+2,7
 10662     0D54  1448               	bsf	___flmul@aexp,0
 10663     0D55  0848               	movf	___flmul@aexp,w
 10664     0D56  1903               	btfsc	3,2
 10665     0D57  2D65               	goto	l3297
 10666     0D58  0A48               	incf	___flmul@aexp,w
 10667     0D59  1D03               	btfss	3,2
 10668     0D5A  2D63               	goto	l3295
 10669     0D5B  3000               	movlw	0
 10670     0D5C  00C1               	movwf	___flmul@a+3
 10671     0D5D  3000               	movlw	0
 10672     0D5E  00C0               	movwf	___flmul@a+2
 10673     0D5F  3000               	movlw	0
 10674     0D60  00BF               	movwf	___flmul@a+1
 10675     0D61  3000               	movlw	0
 10676     0D62  00BE               	movwf	___flmul@a
 10677     0D63                     l3295:
 10678     0D63  17C0               	bsf	___flmul@a+2,7
 10679     0D64  2D6D               	goto	l3299
 10680     0D65                     l3297:
 10681     0D65  3000               	movlw	0
 10682     0D66  00C1               	movwf	___flmul@a+3
 10683     0D67  3000               	movlw	0
 10684     0D68  00C0               	movwf	___flmul@a+2
 10685     0D69  3000               	movlw	0
 10686     0D6A  00BF               	movwf	___flmul@a+1
 10687     0D6B  3000               	movlw	0
 10688     0D6C  00BE               	movwf	___flmul@a
 10689     0D6D                     l3299:
 10690     0D6D  0848               	movf	___flmul@aexp,w
 10691     0D6E  1D03               	btfss	3,2
 10692     0D6F  084D               	movf	___flmul@bexp,w
 10693     0D70  1D03               	btfss	3,2
 10694     0D71  2D7B               	goto	l3307
 10695     0D72  3000               	movlw	0
 10696     0D73  00BD               	movwf	?___flmul+3
 10697     0D74  3000               	movlw	0
 10698     0D75  00BC               	movwf	?___flmul+2
 10699     0D76  3000               	movlw	0
 10700     0D77  00BB               	movwf	?___flmul+1
 10701     0D78  3000               	movlw	0
 10702     0D79  00BA               	movwf	?___flmul
 10703     0D7A  0008               	return
 10704     0D7B                     l3307:
 10705     0D7B  083A               	movf	___flmul@b,w
 10706     0D7C  00F0               	movwf	__Umul8_16@multiplicand
 10707     0D7D  0840               	movf	___flmul@a+2,w
 10708     0D7E  160A  158A  235F  120A  158A  	fcall	__Umul8_16
 10709     0D83  0871               	movf	?__Umul8_16+1,w
 10710     0D84  00D3               	movwf	___flmul@temp+1
 10711     0D85  0870               	movf	?__Umul8_16,w
 10712     0D86  00D2               	movwf	___flmul@temp
 10713     0D87  0852               	movf	___flmul@temp,w
 10714     0D88  00C2               	movwf	??___flmul
 10715     0D89  01C3               	clrf	??___flmul+1
 10716     0D8A  01C4               	clrf	??___flmul+2
 10717     0D8B  01C5               	clrf	??___flmul+3
 10718     0D8C  0845               	movf	??___flmul+3,w
 10719     0D8D  00CC               	movwf	___flmul@grs+3
 10720     0D8E  0844               	movf	??___flmul+2,w
 10721     0D8F  00CB               	movwf	___flmul@grs+2
 10722     0D90  0843               	movf	??___flmul+1,w
 10723     0D91  00CA               	movwf	___flmul@grs+1
 10724     0D92  0842               	movf	??___flmul,w
 10725     0D93  00C9               	movwf	___flmul@grs
 10726     0D94  0853               	movf	___flmul@temp+1,w
 10727     0D95  00C2               	movwf	??___flmul
 10728     0D96  01C3               	clrf	??___flmul+1
 10729     0D97  01C4               	clrf	??___flmul+2
 10730     0D98  01C5               	clrf	??___flmul+3
 10731     0D99  0845               	movf	??___flmul+3,w
 10732     0D9A  00D1               	movwf	___flmul@prod+3
 10733     0D9B  0844               	movf	??___flmul+2,w
 10734     0D9C  00D0               	movwf	___flmul@prod+2
 10735     0D9D  0843               	movf	??___flmul+1,w
 10736     0D9E  00CF               	movwf	___flmul@prod+1
 10737     0D9F  0842               	movf	??___flmul,w
 10738     0DA0  00CE               	movwf	___flmul@prod
 10739     0DA1  083B               	movf	___flmul@b+1,w
 10740     0DA2  00F0               	movwf	__Umul8_16@multiplicand
 10741     0DA3  083F               	movf	___flmul@a+1,w
 10742     0DA4  160A  158A  235F  120A  158A  	fcall	__Umul8_16
 10743     0DA9  0871               	movf	?__Umul8_16+1,w
 10744     0DAA  00D3               	movwf	___flmul@temp+1
 10745     0DAB  0870               	movf	?__Umul8_16,w
 10746     0DAC  00D2               	movwf	___flmul@temp
 10747     0DAD  0852               	movf	___flmul@temp,w
 10748     0DAE  00C2               	movwf	??___flmul
 10749     0DAF  01C3               	clrf	??___flmul+1
 10750     0DB0  01C4               	clrf	??___flmul+2
 10751     0DB1  01C5               	clrf	??___flmul+3
 10752     0DB2  0842               	movf	??___flmul,w
 10753     0DB3  07C9               	addwf	___flmul@grs,f
 10754     0DB4  0843               	movf	??___flmul+1,w
 10755     0DB5  1103               	clrz
 10756     0DB6  1803               	skipnc
 10757     0DB7  3E01               	addlw	1
 10758     0DB8  1D03               	btfss	3,2
 10759     0DB9  07CA               	addwf	___flmul@grs+1,f
 10760     0DBA  0844               	movf	??___flmul+2,w
 10761     0DBB  1103               	clrz
 10762     0DBC  1803               	skipnc
 10763     0DBD  3E01               	addlw	1
 10764     0DBE  1D03               	btfss	3,2
 10765     0DBF  07CB               	addwf	___flmul@grs+2,f
 10766     0DC0  0845               	movf	??___flmul+3,w
 10767     0DC1  1103               	clrz
 10768     0DC2  1803               	skipnc
 10769     0DC3  3E01               	addlw	1
 10770     0DC4  1D03               	btfss	3,2
 10771     0DC5  07CC               	addwf	___flmul@grs+3,f
 10772     0DC6  0853               	movf	___flmul@temp+1,w
 10773     0DC7  00C2               	movwf	??___flmul
 10774     0DC8  01C3               	clrf	??___flmul+1
 10775     0DC9  01C4               	clrf	??___flmul+2
 10776     0DCA  01C5               	clrf	??___flmul+3
 10777     0DCB  0842               	movf	??___flmul,w
 10778     0DCC  07CE               	addwf	___flmul@prod,f
 10779     0DCD  0843               	movf	??___flmul+1,w
 10780     0DCE  1103               	clrz
 10781     0DCF  1803               	skipnc
 10782     0DD0  3E01               	addlw	1
 10783     0DD1  1D03               	btfss	3,2
 10784     0DD2  07CF               	addwf	___flmul@prod+1,f
 10785     0DD3  0844               	movf	??___flmul+2,w
 10786     0DD4  1103               	clrz
 10787     0DD5  1803               	skipnc
 10788     0DD6  3E01               	addlw	1
 10789     0DD7  1D03               	btfss	3,2
 10790     0DD8  07D0               	addwf	___flmul@prod+2,f
 10791     0DD9  0845               	movf	??___flmul+3,w
 10792     0DDA  1103               	clrz
 10793     0DDB  1803               	skipnc
 10794     0DDC  3E01               	addlw	1
 10795     0DDD  1D03               	btfss	3,2
 10796     0DDE  07D1               	addwf	___flmul@prod+3,f
 10797     0DDF  083C               	movf	___flmul@b+2,w
 10798     0DE0  00F0               	movwf	__Umul8_16@multiplicand
 10799     0DE1  083E               	movf	___flmul@a,w
 10800     0DE2  160A  158A  235F  120A  158A  	fcall	__Umul8_16
 10801     0DE7  0871               	movf	?__Umul8_16+1,w
 10802     0DE8  00D3               	movwf	___flmul@temp+1
 10803     0DE9  0870               	movf	?__Umul8_16,w
 10804     0DEA  00D2               	movwf	___flmul@temp
 10805     0DEB  0852               	movf	___flmul@temp,w
 10806     0DEC  00C2               	movwf	??___flmul
 10807     0DED  01C3               	clrf	??___flmul+1
 10808     0DEE  01C4               	clrf	??___flmul+2
 10809     0DEF  01C5               	clrf	??___flmul+3
 10810     0DF0  0842               	movf	??___flmul,w
 10811     0DF1  07C9               	addwf	___flmul@grs,f
 10812     0DF2  0843               	movf	??___flmul+1,w
 10813     0DF3  1103               	clrz
 10814     0DF4  1803               	skipnc
 10815     0DF5  3E01               	addlw	1
 10816     0DF6  1D03               	btfss	3,2
 10817     0DF7  07CA               	addwf	___flmul@grs+1,f
 10818     0DF8  0844               	movf	??___flmul+2,w
 10819     0DF9  1103               	clrz
 10820     0DFA  1803               	skipnc
 10821     0DFB  3E01               	addlw	1
 10822     0DFC  1D03               	btfss	3,2
 10823     0DFD  07CB               	addwf	___flmul@grs+2,f
 10824     0DFE  0845               	movf	??___flmul+3,w
 10825     0DFF  1103               	clrz
 10826     0E00  1803               	skipnc
 10827     0E01  3E01               	addlw	1
 10828     0E02  1D03               	btfss	3,2
 10829     0E03  07CC               	addwf	___flmul@grs+3,f
 10830     0E04  0853               	movf	___flmul@temp+1,w
 10831     0E05  00C2               	movwf	??___flmul
 10832     0E06  01C3               	clrf	??___flmul+1
 10833     0E07  01C4               	clrf	??___flmul+2
 10834     0E08  01C5               	clrf	??___flmul+3
 10835     0E09  0842               	movf	??___flmul,w
 10836     0E0A  07CE               	addwf	___flmul@prod,f
 10837     0E0B  0843               	movf	??___flmul+1,w
 10838     0E0C  1103               	clrz
 10839     0E0D  1803               	skipnc
 10840     0E0E  3E01               	addlw	1
 10841     0E0F  1D03               	btfss	3,2
 10842     0E10  07CF               	addwf	___flmul@prod+1,f
 10843     0E11  0844               	movf	??___flmul+2,w
 10844     0E12  1103               	clrz
 10845     0E13  1803               	skipnc
 10846     0E14  3E01               	addlw	1
 10847     0E15  1D03               	btfss	3,2
 10848     0E16  07D0               	addwf	___flmul@prod+2,f
 10849     0E17  0845               	movf	??___flmul+3,w
 10850     0E18  1103               	clrz
 10851     0E19  1803               	skipnc
 10852     0E1A  3E01               	addlw	1
 10853     0E1B  1D03               	btfss	3,2
 10854     0E1C  07D1               	addwf	___flmul@prod+3,f
 10855     0E1D  3008               	movlw	8
 10856     0E1E  00C2               	movwf	??___flmul
 10857     0E1F                     u4195:
 10858     0E1F  1003               	clrc
 10859     0E20  0DC9               	rlf	___flmul@grs,f
 10860     0E21  0DCA               	rlf	___flmul@grs+1,f
 10861     0E22  0DCB               	rlf	___flmul@grs+2,f
 10862     0E23  0DCC               	rlf	___flmul@grs+3,f
 10863     0E24  0BC2               	decfsz	??___flmul,f
 10864     0E25  2E1F               	goto	u4195
 10865     0E26  083B               	movf	___flmul@b+1,w
 10866     0E27  00F0               	movwf	__Umul8_16@multiplicand
 10867     0E28  083E               	movf	___flmul@a,w
 10868     0E29  160A  158A  235F  120A  158A  	fcall	__Umul8_16
 10869     0E2E  0871               	movf	?__Umul8_16+1,w
 10870     0E2F  00D3               	movwf	___flmul@temp+1
 10871     0E30  0870               	movf	?__Umul8_16,w
 10872     0E31  00D2               	movwf	___flmul@temp
 10873     0E32  0852               	movf	___flmul@temp,w
 10874     0E33  00C2               	movwf	??___flmul
 10875     0E34  0853               	movf	___flmul@temp+1,w
 10876     0E35  00C3               	movwf	??___flmul+1
 10877     0E36  01C4               	clrf	??___flmul+2
 10878     0E37  01C5               	clrf	??___flmul+3
 10879     0E38  0842               	movf	??___flmul,w
 10880     0E39  07C9               	addwf	___flmul@grs,f
 10881     0E3A  0843               	movf	??___flmul+1,w
 10882     0E3B  1103               	clrz
 10883     0E3C  1803               	skipnc
 10884     0E3D  3E01               	addlw	1
 10885     0E3E  1D03               	btfss	3,2
 10886     0E3F  07CA               	addwf	___flmul@grs+1,f
 10887     0E40  0844               	movf	??___flmul+2,w
 10888     0E41  1103               	clrz
 10889     0E42  1803               	skipnc
 10890     0E43  3E01               	addlw	1
 10891     0E44  1D03               	btfss	3,2
 10892     0E45  07CB               	addwf	___flmul@grs+2,f
 10893     0E46  0845               	movf	??___flmul+3,w
 10894     0E47  1103               	clrz
 10895     0E48  1803               	skipnc
 10896     0E49  3E01               	addlw	1
 10897     0E4A  1D03               	btfss	3,2
 10898     0E4B  07CC               	addwf	___flmul@grs+3,f
 10899     0E4C  083A               	movf	___flmul@b,w
 10900     0E4D  00F0               	movwf	__Umul8_16@multiplicand
 10901     0E4E  083F               	movf	___flmul@a+1,w
 10902     0E4F  160A  158A  235F  120A  158A  	fcall	__Umul8_16
 10903     0E54  0871               	movf	?__Umul8_16+1,w
 10904     0E55  00D3               	movwf	___flmul@temp+1
 10905     0E56  0870               	movf	?__Umul8_16,w
 10906     0E57  00D2               	movwf	___flmul@temp
 10907     0E58  0852               	movf	___flmul@temp,w
 10908     0E59  00C2               	movwf	??___flmul
 10909     0E5A  0853               	movf	___flmul@temp+1,w
 10910     0E5B  00C3               	movwf	??___flmul+1
 10911     0E5C  01C4               	clrf	??___flmul+2
 10912     0E5D  01C5               	clrf	??___flmul+3
 10913     0E5E  0842               	movf	??___flmul,w
 10914     0E5F  07C9               	addwf	___flmul@grs,f
 10915     0E60  0843               	movf	??___flmul+1,w
 10916     0E61  1103               	clrz
 10917     0E62  1803               	skipnc
 10918     0E63  3E01               	addlw	1
 10919     0E64  1D03               	btfss	3,2
 10920     0E65  07CA               	addwf	___flmul@grs+1,f
 10921     0E66  0844               	movf	??___flmul+2,w
 10922     0E67  1103               	clrz
 10923     0E68  1803               	skipnc
 10924     0E69  3E01               	addlw	1
 10925     0E6A  1D03               	btfss	3,2
 10926     0E6B  07CB               	addwf	___flmul@grs+2,f
 10927     0E6C  0845               	movf	??___flmul+3,w
 10928     0E6D  1103               	clrz
 10929     0E6E  1803               	skipnc
 10930     0E6F  3E01               	addlw	1
 10931     0E70  1D03               	btfss	3,2
 10932     0E71  07CC               	addwf	___flmul@grs+3,f
 10933     0E72  3008               	movlw	8
 10934     0E73  00C2               	movwf	??___flmul
 10935     0E74                     u4225:
 10936     0E74  1003               	clrc
 10937     0E75  0DC9               	rlf	___flmul@grs,f
 10938     0E76  0DCA               	rlf	___flmul@grs+1,f
 10939     0E77  0DCB               	rlf	___flmul@grs+2,f
 10940     0E78  0DCC               	rlf	___flmul@grs+3,f
 10941     0E79  0BC2               	decfsz	??___flmul,f
 10942     0E7A  2E74               	goto	u4225
 10943     0E7B  083A               	movf	___flmul@b,w
 10944     0E7C  00F0               	movwf	__Umul8_16@multiplicand
 10945     0E7D  083E               	movf	___flmul@a,w
 10946     0E7E  160A  158A  235F  120A  158A  	fcall	__Umul8_16
 10947     0E83  0871               	movf	?__Umul8_16+1,w
 10948     0E84  00D3               	movwf	___flmul@temp+1
 10949     0E85  0870               	movf	?__Umul8_16,w
 10950     0E86  00D2               	movwf	___flmul@temp
 10951     0E87  0852               	movf	___flmul@temp,w
 10952     0E88  00C2               	movwf	??___flmul
 10953     0E89  0853               	movf	___flmul@temp+1,w
 10954     0E8A  00C3               	movwf	??___flmul+1
 10955     0E8B  01C4               	clrf	??___flmul+2
 10956     0E8C  01C5               	clrf	??___flmul+3
 10957     0E8D  0842               	movf	??___flmul,w
 10958     0E8E  07C9               	addwf	___flmul@grs,f
 10959     0E8F  0843               	movf	??___flmul+1,w
 10960     0E90  1103               	clrz
 10961     0E91  1803               	skipnc
 10962     0E92  3E01               	addlw	1
 10963     0E93  1D03               	btfss	3,2
 10964     0E94  07CA               	addwf	___flmul@grs+1,f
 10965     0E95  0844               	movf	??___flmul+2,w
 10966     0E96  1103               	clrz
 10967     0E97  1803               	skipnc
 10968     0E98  3E01               	addlw	1
 10969     0E99  1D03               	btfss	3,2
 10970     0E9A  07CB               	addwf	___flmul@grs+2,f
 10971     0E9B  0845               	movf	??___flmul+3,w
 10972     0E9C  1103               	clrz
 10973     0E9D  1803               	skipnc
 10974     0E9E  3E01               	addlw	1
 10975     0E9F  1D03               	btfss	3,2
 10976     0EA0  07CC               	addwf	___flmul@grs+3,f
 10977     0EA1  083B               	movf	___flmul@b+1,w
 10978     0EA2  00F0               	movwf	__Umul8_16@multiplicand
 10979     0EA3  0840               	movf	___flmul@a+2,w
 10980     0EA4  160A  158A  235F  120A  158A  	fcall	__Umul8_16
 10981     0EA9  0871               	movf	?__Umul8_16+1,w
 10982     0EAA  00D3               	movwf	___flmul@temp+1
 10983     0EAB  0870               	movf	?__Umul8_16,w
 10984     0EAC  00D2               	movwf	___flmul@temp
 10985     0EAD  0852               	movf	___flmul@temp,w
 10986     0EAE  00C2               	movwf	??___flmul
 10987     0EAF  0853               	movf	___flmul@temp+1,w
 10988     0EB0  00C3               	movwf	??___flmul+1
 10989     0EB1  01C4               	clrf	??___flmul+2
 10990     0EB2  01C5               	clrf	??___flmul+3
 10991     0EB3  0842               	movf	??___flmul,w
 10992     0EB4  07CE               	addwf	___flmul@prod,f
 10993     0EB5  0843               	movf	??___flmul+1,w
 10994     0EB6  1103               	clrz
 10995     0EB7  1803               	skipnc
 10996     0EB8  3E01               	addlw	1
 10997     0EB9  1D03               	btfss	3,2
 10998     0EBA  07CF               	addwf	___flmul@prod+1,f
 10999     0EBB  0844               	movf	??___flmul+2,w
 11000     0EBC  1103               	clrz
 11001     0EBD  1803               	skipnc
 11002     0EBE  3E01               	addlw	1
 11003     0EBF  1D03               	btfss	3,2
 11004     0EC0  07D0               	addwf	___flmul@prod+2,f
 11005     0EC1  0845               	movf	??___flmul+3,w
 11006     0EC2  1103               	clrz
 11007     0EC3  1803               	skipnc
 11008     0EC4  3E01               	addlw	1
 11009     0EC5  1D03               	btfss	3,2
 11010     0EC6  07D1               	addwf	___flmul@prod+3,f
 11011     0EC7  083C               	movf	___flmul@b+2,w
 11012     0EC8  00F0               	movwf	__Umul8_16@multiplicand
 11013     0EC9  083F               	movf	___flmul@a+1,w
 11014     0ECA  160A  158A  235F  120A  158A  	fcall	__Umul8_16
 11015     0ECF  0871               	movf	?__Umul8_16+1,w
 11016     0ED0  00D3               	movwf	___flmul@temp+1
 11017     0ED1  0870               	movf	?__Umul8_16,w
 11018     0ED2  00D2               	movwf	___flmul@temp
 11019     0ED3  0852               	movf	___flmul@temp,w
 11020     0ED4  00C2               	movwf	??___flmul
 11021     0ED5  0853               	movf	___flmul@temp+1,w
 11022     0ED6  00C3               	movwf	??___flmul+1
 11023     0ED7  01C4               	clrf	??___flmul+2
 11024     0ED8  01C5               	clrf	??___flmul+3
 11025     0ED9  0842               	movf	??___flmul,w
 11026     0EDA  07CE               	addwf	___flmul@prod,f
 11027     0EDB  0843               	movf	??___flmul+1,w
 11028     0EDC  1103               	clrz
 11029     0EDD  1803               	skipnc
 11030     0EDE  3E01               	addlw	1
 11031     0EDF  1D03               	btfss	3,2
 11032     0EE0  07CF               	addwf	___flmul@prod+1,f
 11033     0EE1  0844               	movf	??___flmul+2,w
 11034     0EE2  1103               	clrz
 11035     0EE3  1803               	skipnc
 11036     0EE4  3E01               	addlw	1
 11037     0EE5  1D03               	btfss	3,2
 11038     0EE6  07D0               	addwf	___flmul@prod+2,f
 11039     0EE7  0845               	movf	??___flmul+3,w
 11040     0EE8  1103               	clrz
 11041     0EE9  1803               	skipnc
 11042     0EEA  3E01               	addlw	1
 11043     0EEB  1D03               	btfss	3,2
 11044     0EEC  07D1               	addwf	___flmul@prod+3,f
 11045     0EED  083C               	movf	___flmul@b+2,w
 11046     0EEE  00F0               	movwf	__Umul8_16@multiplicand
 11047     0EEF  0840               	movf	___flmul@a+2,w
 11048     0EF0  160A  158A  235F  120A  158A  	fcall	__Umul8_16
 11049     0EF5  0871               	movf	?__Umul8_16+1,w
 11050     0EF6  00D3               	movwf	___flmul@temp+1
 11051     0EF7  0870               	movf	?__Umul8_16,w
 11052     0EF8  00D2               	movwf	___flmul@temp
 11053     0EF9  0852               	movf	___flmul@temp,w
 11054     0EFA  00C2               	movwf	??___flmul
 11055     0EFB  0853               	movf	___flmul@temp+1,w
 11056     0EFC  00C3               	movwf	??___flmul+1
 11057     0EFD  01C4               	clrf	??___flmul+2
 11058     0EFE  01C5               	clrf	??___flmul+3
 11059     0EFF  3008               	movlw	8
 11060     0F00                     u4265:
 11061     0F00  1003               	clrc
 11062     0F01  0DC2               	rlf	??___flmul,f
 11063     0F02  0DC3               	rlf	??___flmul+1,f
 11064     0F03  0DC4               	rlf	??___flmul+2,f
 11065     0F04  0DC5               	rlf	??___flmul+3,f
 11066     0F05  3EFF               	addlw	-1
 11067     0F06  1D03               	skipz
 11068     0F07  2F00               	goto	u4265
 11069     0F08  0842               	movf	??___flmul,w
 11070     0F09  07CE               	addwf	___flmul@prod,f
 11071     0F0A  0843               	movf	??___flmul+1,w
 11072     0F0B  1103               	clrz
 11073     0F0C  1803               	skipnc
 11074     0F0D  3E01               	addlw	1
 11075     0F0E  1D03               	btfss	3,2
 11076     0F0F  07CF               	addwf	___flmul@prod+1,f
 11077     0F10  0844               	movf	??___flmul+2,w
 11078     0F11  1103               	clrz
 11079     0F12  1803               	skipnc
 11080     0F13  3E01               	addlw	1
 11081     0F14  1D03               	btfss	3,2
 11082     0F15  07D0               	addwf	___flmul@prod+2,f
 11083     0F16  0845               	movf	??___flmul+3,w
 11084     0F17  1103               	clrz
 11085     0F18  1803               	skipnc
 11086     0F19  3E01               	addlw	1
 11087     0F1A  1D03               	btfss	3,2
 11088     0F1B  07D1               	addwf	___flmul@prod+3,f
 11089     0F1C  084C               	movf	___flmul@grs+3,w
 11090     0F1D  00C2               	movwf	??___flmul
 11091     0F1E  01C3               	clrf	??___flmul+1
 11092     0F1F  01C4               	clrf	??___flmul+2
 11093     0F20  01C5               	clrf	??___flmul+3
 11094     0F21  0842               	movf	??___flmul,w
 11095     0F22  07CE               	addwf	___flmul@prod,f
 11096     0F23  0843               	movf	??___flmul+1,w
 11097     0F24  1103               	clrz
 11098     0F25  1803               	skipnc
 11099     0F26  3E01               	addlw	1
 11100     0F27  1D03               	btfss	3,2
 11101     0F28  07CF               	addwf	___flmul@prod+1,f
 11102     0F29  0844               	movf	??___flmul+2,w
 11103     0F2A  1103               	clrz
 11104     0F2B  1803               	skipnc
 11105     0F2C  3E01               	addlw	1
 11106     0F2D  1D03               	btfss	3,2
 11107     0F2E  07D0               	addwf	___flmul@prod+2,f
 11108     0F2F  0845               	movf	??___flmul+3,w
 11109     0F30  1103               	clrz
 11110     0F31  1803               	skipnc
 11111     0F32  3E01               	addlw	1
 11112     0F33  1D03               	btfss	3,2
 11113     0F34  07D1               	addwf	___flmul@prod+3,f
 11114     0F35  3008               	movlw	8
 11115     0F36  00C2               	movwf	??___flmul
 11116     0F37                     u4295:
 11117     0F37  1003               	clrc
 11118     0F38  0DC9               	rlf	___flmul@grs,f
 11119     0F39  0DCA               	rlf	___flmul@grs+1,f
 11120     0F3A  0DCB               	rlf	___flmul@grs+2,f
 11121     0F3B  0DCC               	rlf	___flmul@grs+3,f
 11122     0F3C  0BC2               	decfsz	??___flmul,f
 11123     0F3D  2F37               	goto	u4295
 11124     0F3E  084D               	movf	___flmul@bexp,w
 11125     0F3F  0748               	addwf	___flmul@aexp,w
 11126     0F40  00C2               	movwf	??___flmul
 11127     0F41  01C3               	clrf	??___flmul+1
 11128     0F42  0DC3               	rlf	??___flmul+1,f
 11129     0F43  0842               	movf	??___flmul,w
 11130     0F44  3E82               	addlw	130
 11131     0F45  00D2               	movwf	___flmul@temp
 11132     0F46  0843               	movf	??___flmul+1,w
 11133     0F47  1803               	skipnc
 11134     0F48  3E01               	addlw	1
 11135     0F49  3EFF               	addlw	255
 11136     0F4A  00D3               	movwf	___flmul@temp+1
 11137     0F4B                     l3359:
 11138     0F4B  1BD0               	btfsc	___flmul@prod+2,7
 11139     0F4C  2F68               	goto	l3361
 11140     0F4D  3001               	movlw	1
 11141     0F4E  00C2               	movwf	??___flmul
 11142     0F4F                     u4305:
 11143     0F4F  1003               	clrc
 11144     0F50  0DCE               	rlf	___flmul@prod,f
 11145     0F51  0DCF               	rlf	___flmul@prod+1,f
 11146     0F52  0DD0               	rlf	___flmul@prod+2,f
 11147     0F53  0DD1               	rlf	___flmul@prod+3,f
 11148     0F54  0BC2               	decfsz	??___flmul,f
 11149     0F55  2F4F               	goto	u4305
 11150     0F56  1BCC               	btfsc	___flmul@grs+3,7
 11151     0F57  144E               	bsf	___flmul@prod,0
 11152     0F58  3001               	movlw	1
 11153     0F59  00C2               	movwf	??___flmul
 11154     0F5A                     u4325:
 11155     0F5A  1003               	clrc
 11156     0F5B  0DC9               	rlf	___flmul@grs,f
 11157     0F5C  0DCA               	rlf	___flmul@grs+1,f
 11158     0F5D  0DCB               	rlf	___flmul@grs+2,f
 11159     0F5E  0DCC               	rlf	___flmul@grs+3,f
 11160     0F5F  0BC2               	decfsz	??___flmul,f
 11161     0F60  2F5A               	goto	u4325
 11162     0F61  30FF               	movlw	255
 11163     0F62  07D2               	addwf	___flmul@temp,f
 11164     0F63  1803               	skipnc
 11165     0F64  0AD3               	incf	___flmul@temp+1,f
 11166     0F65  30FF               	movlw	255
 11167     0F66  07D3               	addwf	___flmul@temp+1,f
 11168     0F67  2F4B               	goto	l3359
 11169     0F68                     l3361:
 11170     0F68  01C8               	clrf	___flmul@aexp
 11171     0F69  1FCC               	btfss	___flmul@grs+3,7
 11172     0F6A  2F81               	goto	l3371
 11173     0F6B  30FF               	movlw	255
 11174     0F6C  0549               	andwf	___flmul@grs,w
 11175     0F6D  00C2               	movwf	??___flmul
 11176     0F6E  30FF               	movlw	255
 11177     0F6F  054A               	andwf	___flmul@grs+1,w
 11178     0F70  00C3               	movwf	??___flmul+1
 11179     0F71  30FF               	movlw	255
 11180     0F72  054B               	andwf	___flmul@grs+2,w
 11181     0F73  00C4               	movwf	??___flmul+2
 11182     0F74  307F               	movlw	127
 11183     0F75  054C               	andwf	___flmul@grs+3,w
 11184     0F76  00C5               	movwf	??___flmul+3
 11185     0F77  0845               	movf	??___flmul+3,w
 11186     0F78  0444               	iorwf	??___flmul+2,w
 11187     0F79  0443               	iorwf	??___flmul+1,w
 11188     0F7A  0442               	iorwf	??___flmul,w
 11189     0F7B  1903               	skipnz
 11190     0F7C  184E               	btfsc	___flmul@prod,0
 11191     0F7D  2F7F               	goto	l3367
 11192     0F7E  2F81               	goto	l3371
 11193     0F7F                     l3367:
 11194     0F7F  3001               	movlw	1
 11195     0F80  00C8               	movwf	___flmul@aexp
 11196     0F81                     l3371:
 11197     0F81  0848               	movf	___flmul@aexp,w
 11198     0F82  1903               	btfsc	3,2
 11199     0F83  2FB3               	goto	l3381
 11200     0F84  3001               	movlw	1
 11201     0F85  07CE               	addwf	___flmul@prod,f
 11202     0F86  3000               	movlw	0
 11203     0F87  1803               	skipnc
 11204     0F88  3001               	movlw	1
 11205     0F89  07CF               	addwf	___flmul@prod+1,f
 11206     0F8A  3000               	movlw	0
 11207     0F8B  1803               	skipnc
 11208     0F8C  3001               	movlw	1
 11209     0F8D  07D0               	addwf	___flmul@prod+2,f
 11210     0F8E  3000               	movlw	0
 11211     0F8F  1803               	skipnc
 11212     0F90  3001               	movlw	1
 11213     0F91  07D1               	addwf	___flmul@prod+3,f
 11214     0F92  1C51               	btfss	___flmul@prod+3,0
 11215     0F93  2FB3               	goto	l3381
 11216     0F94  084E               	movf	___flmul@prod,w
 11217     0F95  00C2               	movwf	??___flmul
 11218     0F96  084F               	movf	___flmul@prod+1,w
 11219     0F97  00C3               	movwf	??___flmul+1
 11220     0F98  0850               	movf	___flmul@prod+2,w
 11221     0F99  00C4               	movwf	??___flmul+2
 11222     0F9A  0851               	movf	___flmul@prod+3,w
 11223     0F9B  00C5               	movwf	??___flmul+3
 11224     0F9C  3001               	movlw	1
 11225     0F9D  00C6               	movwf	??___flmul+4
 11226     0F9E                     u4395:
 11227     0F9E  0D45               	rlf	??___flmul+3,w
 11228     0F9F  0CC5               	rrf	??___flmul+3,f
 11229     0FA0  0CC4               	rrf	??___flmul+2,f
 11230     0FA1  0CC3               	rrf	??___flmul+1,f
 11231     0FA2  0CC2               	rrf	??___flmul,f
 11232     0FA3  0BC6               	decfsz	??___flmul+4,f
 11233     0FA4  2F9E               	goto	u4395
 11234     0FA5  0845               	movf	??___flmul+3,w
 11235     0FA6  00D1               	movwf	___flmul@prod+3
 11236     0FA7  0844               	movf	??___flmul+2,w
 11237     0FA8  00D0               	movwf	___flmul@prod+2
 11238     0FA9  0843               	movf	??___flmul+1,w
 11239     0FAA  00CF               	movwf	___flmul@prod+1
 11240     0FAB  0842               	movf	??___flmul,w
 11241     0FAC  00CE               	movwf	___flmul@prod
 11242     0FAD  3001               	movlw	1
 11243     0FAE  07D2               	addwf	___flmul@temp,f
 11244     0FAF  1803               	skipnc
 11245     0FB0  0AD3               	incf	___flmul@temp+1,f
 11246     0FB1  3000               	movlw	0
 11247     0FB2  07D3               	addwf	___flmul@temp+1,f
 11248     0FB3                     l3381:
 11249     0FB3  0853               	movf	___flmul@temp+1,w
 11250     0FB4  3A80               	xorlw	128
 11251     0FB5  00FF               	movwf	127
 11252     0FB6  3080               	movlw	128
 11253     0FB7  027F               	subwf	127,w
 11254     0FB8  1D03               	skipz
 11255     0FB9  2FBC               	goto	u4405
 11256     0FBA  30FF               	movlw	255
 11257     0FBB  0252               	subwf	___flmul@temp,w
 11258     0FBC                     u4405:
 11259     0FBC  1C03               	skipc
 11260     0FBD  2FC9               	goto	l3385
 11261     0FBE  307F               	movlw	127
 11262     0FBF  1283               	bcf	3,5	;RP0=0, select bank0
 11263     0FC0  1303               	bcf	3,6	;RP1=0, select bank0
 11264     0FC1  00D1               	movwf	___flmul@prod+3
 11265     0FC2  3080               	movlw	128
 11266     0FC3  00D0               	movwf	___flmul@prod+2
 11267     0FC4  3000               	movlw	0
 11268     0FC5  00CF               	movwf	___flmul@prod+1
 11269     0FC6  3000               	movlw	0
 11270     0FC7  00CE               	movwf	___flmul@prod
 11271     0FC8  2FF5               	goto	l840
 11272     0FC9                     l3385:
 11273     0FC9  1283               	bcf	3,5	;RP0=0, select bank0
 11274     0FCA  1303               	bcf	3,6	;RP1=0, select bank0
 11275     0FCB  0853               	movf	___flmul@temp+1,w
 11276     0FCC  3A80               	xorlw	128
 11277     0FCD  00FF               	movwf	127
 11278     0FCE  3080               	movlw	128
 11279     0FCF  027F               	subwf	127,w
 11280     0FD0  1D03               	skipz
 11281     0FD1  2FD4               	goto	u4415
 11282     0FD2  3001               	movlw	1
 11283     0FD3  0252               	subwf	___flmul@temp,w
 11284     0FD4                     u4415:
 11285     0FD4  1803               	skipnc
 11286     0FD5  2FE2               	goto	l3391
 11287     0FD6  3000               	movlw	0
 11288     0FD7  1283               	bcf	3,5	;RP0=0, select bank0
 11289     0FD8  1303               	bcf	3,6	;RP1=0, select bank0
 11290     0FD9  00D1               	movwf	___flmul@prod+3
 11291     0FDA  3000               	movlw	0
 11292     0FDB  00D0               	movwf	___flmul@prod+2
 11293     0FDC  3000               	movlw	0
 11294     0FDD  00CF               	movwf	___flmul@prod+1
 11295     0FDE  3000               	movlw	0
 11296     0FDF  00CE               	movwf	___flmul@prod
 11297     0FE0  01C7               	clrf	___flmul@sign
 11298     0FE1  2FF5               	goto	l840
 11299     0FE2                     l3391:
 11300     0FE2  1283               	bcf	3,5	;RP0=0, select bank0
 11301     0FE3  1303               	bcf	3,6	;RP1=0, select bank0
 11302     0FE4  0852               	movf	___flmul@temp,w
 11303     0FE5  00CD               	movwf	___flmul@bexp
 11304     0FE6  30FF               	movlw	255
 11305     0FE7  05CE               	andwf	___flmul@prod,f
 11306     0FE8  30FF               	movlw	255
 11307     0FE9  05CF               	andwf	___flmul@prod+1,f
 11308     0FEA  307F               	movlw	127
 11309     0FEB  05D0               	andwf	___flmul@prod+2,f
 11310     0FEC  3000               	movlw	0
 11311     0FED  05D1               	andwf	___flmul@prod+3,f
 11312     0FEE  184D               	btfsc	___flmul@bexp,0
 11313     0FEF  17D0               	bsf	___flmul@prod+2,7
 11314     0FF0  084D               	movf	___flmul@bexp,w
 11315     0FF1  00C2               	movwf	??___flmul
 11316     0FF2  1003               	clrc
 11317     0FF3  0C42               	rrf	??___flmul,w
 11318     0FF4  00D1               	movwf	___flmul@prod+3
 11319     0FF5                     l840:
 11320     0FF5  0847               	movf	___flmul@sign,w
 11321     0FF6  04D1               	iorwf	___flmul@prod+3,f
 11322     0FF7  0851               	movf	___flmul@prod+3,w
 11323     0FF8  00BD               	movwf	?___flmul+3
 11324     0FF9  0850               	movf	___flmul@prod+2,w
 11325     0FFA  00BC               	movwf	?___flmul+2
 11326     0FFB  084F               	movf	___flmul@prod+1,w
 11327     0FFC  00BB               	movwf	?___flmul+1
 11328     0FFD  084E               	movf	___flmul@prod,w
 11329     0FFE  00BA               	movwf	?___flmul
 11330     0FFF  0008               	return
 11331     1000                     __end_of___flmul:
 11332                           
 11333                           	psect	text52
 11334     1B5F                     __ptext52:	
 11335 ;; *************** function __Umul8_16 *****************
 11336 ;; Defined at:
 11337 ;;		line 4 in file "C:\Program Files\Microchip\xc8\v3.10\pic\sources\c99\common\Umul8_16.c"
 11338 ;; Parameters:    Size  Location     Type
 11339 ;;  multiplier      1    wreg     unsigned char 
 11340 ;;  multiplicand    1    0[COMMON] unsigned char 
 11341 ;; Auto vars:     Size  Location     Type
 11342 ;;  multiplier      1    8[COMMON] unsigned char 
 11343 ;;  word_mpld       2    6[COMMON] unsigned short 
 11344 ;;  product         2    4[COMMON] unsigned short 
 11345 ;; Return value:  Size  Location     Type
 11346 ;;                  2    0[COMMON] unsigned int 
 11347 ;; Registers used:
 11348 ;;		wreg, status,2, status,0
 11349 ;; Tracked objects:
 11350 ;;		On entry : 300/800
 11351 ;;		On exit  : 300/0
 11352 ;;		Unchanged: 300/0
 11353 ;; Data sizes:     COMMON   BANK0   BANK1   BANK3   BANK2
 11354 ;;      Params:         2       0       0       0       0
 11355 ;;      Locals:         5       0       0       0       0
 11356 ;;      Temps:          2       0       0       0       0
 11357 ;;      Totals:         9       0       0       0       0
 11358 ;;Total ram usage:        9 bytes
 11359 ;; Hardware stack levels used: 1
 11360 ;; This function calls:
 11361 ;;		Nothing
 11362 ;; This function is called by:
 11363 ;;		___flmul
 11364 ;; This function uses a non-reentrant model
 11365 ;;
 11366                           
 11367     1B5F                     __Umul8_16:	
 11368                           ;psect for function __Umul8_16
 11369                           
 11370                           
 11371                           ;incstack = 0
 11372                           ; Regs used in __Umul8_16: [wreg+status,2+status,0]
 11373                           ;__Umul8_16@multiplier stored from wreg
 11374     1B5F  00F8               	movwf	__Umul8_16@multiplier
 11375     1B60  01F4               	clrf	__Umul8_16@product
 11376     1B61  01F5               	clrf	__Umul8_16@product+1
 11377     1B62  0870               	movf	__Umul8_16@multiplicand,w
 11378     1B63  00F2               	movwf	??__Umul8_16
 11379     1B64  01F3               	clrf	??__Umul8_16+1
 11380     1B65  0872               	movf	??__Umul8_16,w
 11381     1B66  00F6               	movwf	__Umul8_16@word_mpld
 11382     1B67  0873               	movf	??__Umul8_16+1,w
 11383     1B68  00F7               	movwf	__Umul8_16@word_mpld+1
 11384     1B69                     l2773:
 11385     1B69  1C78               	btfss	__Umul8_16@multiplier,0
 11386     1B6A  2B71               	goto	l847
 11387     1B6B  0876               	movf	__Umul8_16@word_mpld,w
 11388     1B6C  07F4               	addwf	__Umul8_16@product,f
 11389     1B6D  1803               	skipnc
 11390     1B6E  0AF5               	incf	__Umul8_16@product+1,f
 11391     1B6F  0877               	movf	__Umul8_16@word_mpld+1,w
 11392     1B70  07F5               	addwf	__Umul8_16@product+1,f
 11393     1B71                     l847:
 11394     1B71  3001               	movlw	1
 11395     1B72                     u3135:
 11396     1B72  1003               	clrc
 11397     1B73  0DF6               	rlf	__Umul8_16@word_mpld,f
 11398     1B74  0DF7               	rlf	__Umul8_16@word_mpld+1,f
 11399     1B75  3EFF               	addlw	-1
 11400     1B76  1D03               	skipz
 11401     1B77  2B72               	goto	u3135
 11402     1B78  1003               	clrc
 11403     1B79  0CF8               	rrf	__Umul8_16@multiplier,f
 11404     1B7A  0878               	movf	__Umul8_16@multiplier,w
 11405     1B7B  1D03               	btfss	3,2
 11406     1B7C  2B69               	goto	l2773
 11407     1B7D  0875               	movf	__Umul8_16@product+1,w
 11408     1B7E  00F1               	movwf	?__Umul8_16+1
 11409     1B7F  0874               	movf	__Umul8_16@product,w
 11410     1B80  00F0               	movwf	?__Umul8_16
 11411     1B81  0008               	return
 11412     1B82                     __end_of__Umul8_16:
 11413                           
 11414                           	psect	text53
 11415     09A4                     __ptext53:	
 11416 ;; *************** function ___fldiv *****************
 11417 ;; Defined at:
 11418 ;;		line 8 in file "C:\Program Files\Microchip\xc8\v3.10\pic\sources\c99\common\sprcdiv.c"
 11419 ;; Parameters:    Size  Location     Type
 11420 ;;  a               4    0[BANK0 ] unsigned int 
 11421 ;;  b               4    4[BANK0 ] unsigned int 
 11422 ;; Auto vars:     Size  Location     Type
 11423 ;;  grs             4   20[BANK0 ] unsigned long 
 11424 ;;  rem             4   13[BANK0 ] unsigned long 
 11425 ;;  new_exp         2   18[BANK0 ] short 
 11426 ;;  aexp            1   25[BANK0 ] unsigned char 
 11427 ;;  bexp            1   24[BANK0 ] unsigned char 
 11428 ;;  sign            1   17[BANK0 ] unsigned char 
 11429 ;; Return value:  Size  Location     Type
 11430 ;;                  4    0[BANK0 ] unsigned char 
 11431 ;; Registers used:
 11432 ;;		wreg, status,2, status,0, btemp1
 11433 ;; Tracked objects:
 11434 ;;		On entry : 300/0
 11435 ;;		On exit  : 300/0
 11436 ;;		Unchanged: 0/0
 11437 ;; Data sizes:     COMMON   BANK0   BANK1   BANK3   BANK2
 11438 ;;      Params:         0       8       0       0       0
 11439 ;;      Locals:         0      13       0       0       0
 11440 ;;      Temps:          0       5       0       0       0
 11441 ;;      Totals:         0      26       0       0       0
 11442 ;;Total ram usage:       26 bytes
 11443 ;; Hardware stack levels used: 1
 11444 ;; This function calls:
 11445 ;;		Nothing
 11446 ;; This function is called by:
 11447 ;;		_DHT22_read
 11448 ;;		_calculate_temp_stats
 11449 ;; This function uses a non-reentrant model
 11450 ;;
 11451                           
 11452     09A4                     ___fldiv:	
 11453                           ;psect for function ___fldiv
 11454                           
 11455                           
 11456                           ;incstack = 0
 11457                           ; Regs used in ___fldiv: [wreg+status,2+status,0+btemp1]
 11458     09A4  0827               	movf	___fldiv@b+3,w
 11459     09A5  00B1               	movwf	___fldiv@sign
 11460     09A6  3080               	movlw	128
 11461     09A7  05B1               	andwf	___fldiv@sign,f
 11462     09A8  0827               	movf	___fldiv@b+3,w
 11463     09A9  00A8               	movwf	??___fldiv
 11464     09AA  0728               	addwf	??___fldiv,w
 11465     09AB  00B8               	movwf	___fldiv@bexp
 11466     09AC  1BA6               	btfsc	___fldiv@b+2,7
 11467     09AD  1438               	bsf	___fldiv@bexp,0
 11468     09AE  0838               	movf	___fldiv@bexp,w
 11469     09AF  1903               	btfsc	3,2
 11470     09B0  29BF               	goto	l3707
 11471     09B1  0A38               	incf	___fldiv@bexp,w
 11472     09B2  1D03               	btfss	3,2
 11473     09B3  29BC               	goto	l3703
 11474     09B4  3000               	movlw	0
 11475     09B5  00A7               	movwf	___fldiv@b+3
 11476     09B6  3000               	movlw	0
 11477     09B7  00A6               	movwf	___fldiv@b+2
 11478     09B8  3000               	movlw	0
 11479     09B9  00A5               	movwf	___fldiv@b+1
 11480     09BA  3000               	movlw	0
 11481     09BB  00A4               	movwf	___fldiv@b
 11482     09BC                     l3703:
 11483     09BC  17A6               	bsf	___fldiv@b+2,7
 11484     09BD  01A7               	clrf	___fldiv@b+3
 11485     09BE  29C7               	goto	l3709
 11486     09BF                     l3707:
 11487     09BF  3000               	movlw	0
 11488     09C0  00A7               	movwf	___fldiv@b+3
 11489     09C1  3000               	movlw	0
 11490     09C2  00A6               	movwf	___fldiv@b+2
 11491     09C3  3000               	movlw	0
 11492     09C4  00A5               	movwf	___fldiv@b+1
 11493     09C5  3000               	movlw	0
 11494     09C6  00A4               	movwf	___fldiv@b
 11495     09C7                     l3709:
 11496     09C7  0823               	movf	___fldiv@a+3,w
 11497     09C8  3980               	andlw	128
 11498     09C9  06B1               	xorwf	___fldiv@sign,f
 11499     09CA  0823               	movf	___fldiv@a+3,w
 11500     09CB  00A8               	movwf	??___fldiv
 11501     09CC  0728               	addwf	??___fldiv,w
 11502     09CD  00B9               	movwf	___fldiv@aexp
 11503     09CE  1BA2               	btfsc	___fldiv@a+2,7
 11504     09CF  1439               	bsf	___fldiv@aexp,0
 11505     09D0  0839               	movf	___fldiv@aexp,w
 11506     09D1  1903               	btfsc	3,2
 11507     09D2  29E1               	goto	l3727
 11508     09D3  0A39               	incf	___fldiv@aexp,w
 11509     09D4  1D03               	btfss	3,2
 11510     09D5  29DE               	goto	l3723
 11511     09D6  3000               	movlw	0
 11512     09D7  00A3               	movwf	___fldiv@a+3
 11513     09D8  3000               	movlw	0
 11514     09D9  00A2               	movwf	___fldiv@a+2
 11515     09DA  3000               	movlw	0
 11516     09DB  00A1               	movwf	___fldiv@a+1
 11517     09DC  3000               	movlw	0
 11518     09DD  00A0               	movwf	___fldiv@a
 11519     09DE                     l3723:
 11520     09DE  17A2               	bsf	___fldiv@a+2,7
 11521     09DF  01A3               	clrf	___fldiv@a+3
 11522     09E0  29E9               	goto	l788
 11523     09E1                     l3727:
 11524     09E1  3000               	movlw	0
 11525     09E2  00A3               	movwf	___fldiv@a+3
 11526     09E3  3000               	movlw	0
 11527     09E4  00A2               	movwf	___fldiv@a+2
 11528     09E5  3000               	movlw	0
 11529     09E6  00A1               	movwf	___fldiv@a+1
 11530     09E7  3000               	movlw	0
 11531     09E8  00A0               	movwf	___fldiv@a
 11532     09E9                     l788:
 11533     09E9  0823               	movf	___fldiv@a+3,w
 11534     09EA  0422               	iorwf	___fldiv@a+2,w
 11535     09EB  0421               	iorwf	___fldiv@a+1,w
 11536     09EC  0420               	iorwf	___fldiv@a,w
 11537     09ED  1D03               	skipz
 11538     09EE  2A06               	goto	l3737
 11539     09EF  3000               	movlw	0
 11540     09F0  00A7               	movwf	___fldiv@b+3
 11541     09F1  3000               	movlw	0
 11542     09F2  00A6               	movwf	___fldiv@b+2
 11543     09F3  3000               	movlw	0
 11544     09F4  00A5               	movwf	___fldiv@b+1
 11545     09F5  3000               	movlw	0
 11546     09F6  00A4               	movwf	___fldiv@b
 11547     09F7  3080               	movlw	128
 11548     09F8  04A6               	iorwf	___fldiv@b+2,f
 11549     09F9  307F               	movlw	127
 11550     09FA  04A7               	iorwf	___fldiv@b+3,f
 11551     09FB                     L9:
 11552     09FB  0831               	movf	___fldiv@sign,w
 11553     09FC  04A7               	iorwf	___fldiv@b+3,f
 11554     09FD  0827               	movf	___fldiv@b+3,w
 11555     09FE  00A3               	movwf	?___fldiv+3
 11556     09FF  0826               	movf	___fldiv@b+2,w
 11557     0A00  00A2               	movwf	?___fldiv+2
 11558     0A01  0825               	movf	___fldiv@b+1,w
 11559     0A02  00A1               	movwf	?___fldiv+1
 11560     0A03  0824               	movf	___fldiv@b,w
 11561     0A04  00A0               	movwf	?___fldiv
 11562     0A05  0008               	return
 11563     0A06                     l3737:
 11564     0A06  0838               	movf	___fldiv@bexp,w
 11565     0A07  1D03               	btfss	3,2
 11566     0A08  2A12               	goto	l3743
 11567     0A09  3000               	movlw	0
 11568     0A0A  00A3               	movwf	?___fldiv+3
 11569     0A0B  3000               	movlw	0
 11570     0A0C  00A2               	movwf	?___fldiv+2
 11571     0A0D  3000               	movlw	0
 11572     0A0E  00A1               	movwf	?___fldiv+1
 11573     0A0F  3000               	movlw	0
 11574     0A10  00A0               	movwf	?___fldiv
 11575     0A11  0008               	return
 11576     0A12                     l3743:
 11577     0A12  0838               	movf	___fldiv@bexp,w
 11578     0A13  00A8               	movwf	??___fldiv
 11579     0A14  01A9               	clrf	??___fldiv+1
 11580     0A15  0829               	movf	??___fldiv+1,w
 11581     0A16  00AB               	movwf	??___fldiv+3
 11582     0A17  0839               	movf	___fldiv@aexp,w
 11583     0A18  0228               	subwf	??___fldiv,w
 11584     0A19  00AA               	movwf	??___fldiv+2
 11585     0A1A  1C03               	skipc
 11586     0A1B  03AB               	decf	??___fldiv+3,f
 11587     0A1C  082A               	movf	??___fldiv+2,w
 11588     0A1D  3E7F               	addlw	127
 11589     0A1E  00B2               	movwf	___fldiv@new_exp
 11590     0A1F  082B               	movf	??___fldiv+3,w
 11591     0A20  1803               	skipnc
 11592     0A21  3E01               	addlw	1
 11593     0A22  3E00               	addlw	0
 11594     0A23  00B3               	movwf	___fldiv@new_exp+1
 11595     0A24  0827               	movf	___fldiv@b+3,w
 11596     0A25  00B0               	movwf	___fldiv@rem+3
 11597     0A26  0826               	movf	___fldiv@b+2,w
 11598     0A27  00AF               	movwf	___fldiv@rem+2
 11599     0A28  0825               	movf	___fldiv@b+1,w
 11600     0A29  00AE               	movwf	___fldiv@rem+1
 11601     0A2A  0824               	movf	___fldiv@b,w
 11602     0A2B  00AD               	movwf	___fldiv@rem
 11603     0A2C  3000               	movlw	0
 11604     0A2D  00A7               	movwf	___fldiv@b+3
 11605     0A2E  3000               	movlw	0
 11606     0A2F  00A6               	movwf	___fldiv@b+2
 11607     0A30  3000               	movlw	0
 11608     0A31  00A5               	movwf	___fldiv@b+1
 11609     0A32  3000               	movlw	0
 11610     0A33  00A4               	movwf	___fldiv@b
 11611     0A34  3000               	movlw	0
 11612     0A35  00B7               	movwf	___fldiv@grs+3
 11613     0A36  3000               	movlw	0
 11614     0A37  00B6               	movwf	___fldiv@grs+2
 11615     0A38  3000               	movlw	0
 11616     0A39  00B5               	movwf	___fldiv@grs+1
 11617     0A3A  3000               	movlw	0
 11618     0A3B  00B4               	movwf	___fldiv@grs
 11619     0A3C  01B9               	clrf	___fldiv@aexp
 11620     0A3D                     l3771:
 11621     0A3D  301A               	movlw	26
 11622     0A3E  0239               	subwf	___fldiv@aexp,w
 11623     0A3F  1803               	btfsc	3,0
 11624     0A40  2A83               	goto	l3773
 11625     0A41  0839               	movf	___fldiv@aexp,w
 11626     0A42  1903               	btfsc	3,2
 11627     0A43  2A61               	goto	l3763
 11628     0A44  3001               	movlw	1
 11629     0A45  00A8               	movwf	??___fldiv
 11630     0A46                     u5005:
 11631     0A46  1003               	clrc
 11632     0A47  0DAD               	rlf	___fldiv@rem,f
 11633     0A48  0DAE               	rlf	___fldiv@rem+1,f
 11634     0A49  0DAF               	rlf	___fldiv@rem+2,f
 11635     0A4A  0DB0               	rlf	___fldiv@rem+3,f
 11636     0A4B  0BA8               	decfsz	??___fldiv,f
 11637     0A4C  2A46               	goto	u5005
 11638     0A4D  3001               	movlw	1
 11639     0A4E  00A8               	movwf	??___fldiv
 11640     0A4F                     u5015:
 11641     0A4F  1003               	clrc
 11642     0A50  0DA4               	rlf	___fldiv@b,f
 11643     0A51  0DA5               	rlf	___fldiv@b+1,f
 11644     0A52  0DA6               	rlf	___fldiv@b+2,f
 11645     0A53  0DA7               	rlf	___fldiv@b+3,f
 11646     0A54  0BA8               	decfsz	??___fldiv,f
 11647     0A55  2A4F               	goto	u5015
 11648     0A56  1BB7               	btfsc	___fldiv@grs+3,7
 11649     0A57  1424               	bsf	___fldiv@b,0
 11650     0A58  3001               	movlw	1
 11651     0A59  00A8               	movwf	??___fldiv
 11652     0A5A                     u5035:
 11653     0A5A  1003               	clrc
 11654     0A5B  0DB4               	rlf	___fldiv@grs,f
 11655     0A5C  0DB5               	rlf	___fldiv@grs+1,f
 11656     0A5D  0DB6               	rlf	___fldiv@grs+2,f
 11657     0A5E  0DB7               	rlf	___fldiv@grs+3,f
 11658     0A5F  0BA8               	decfsz	??___fldiv,f
 11659     0A60  2A5A               	goto	u5035
 11660     0A61                     l3763:
 11661     0A61  0823               	movf	___fldiv@a+3,w
 11662     0A62  0230               	subwf	___fldiv@rem+3,w
 11663     0A63  1D03               	skipz
 11664     0A64  2A6F               	goto	u5045
 11665     0A65  0822               	movf	___fldiv@a+2,w
 11666     0A66  022F               	subwf	___fldiv@rem+2,w
 11667     0A67  1D03               	skipz
 11668     0A68  2A6F               	goto	u5045
 11669     0A69  0821               	movf	___fldiv@a+1,w
 11670     0A6A  022E               	subwf	___fldiv@rem+1,w
 11671     0A6B  1D03               	skipz
 11672     0A6C  2A6F               	goto	u5045
 11673     0A6D  0820               	movf	___fldiv@a,w
 11674     0A6E  022D               	subwf	___fldiv@rem,w
 11675     0A6F                     u5045:
 11676     0A6F  1C03               	skipc
 11677     0A70  2A80               	goto	l3769
 11678     0A71  1737               	bsf	___fldiv@grs+3,6
 11679     0A72  0820               	movf	___fldiv@a,w
 11680     0A73  02AD               	subwf	___fldiv@rem,f
 11681     0A74  0821               	movf	___fldiv@a+1,w
 11682     0A75  1C03               	skipc
 11683     0A76  0F21               	incfsz	___fldiv@a+1,w
 11684     0A77  02AE               	subwf	___fldiv@rem+1,f
 11685     0A78  0822               	movf	___fldiv@a+2,w
 11686     0A79  1C03               	skipc
 11687     0A7A  0F22               	incfsz	___fldiv@a+2,w
 11688     0A7B  02AF               	subwf	___fldiv@rem+2,f
 11689     0A7C  0823               	movf	___fldiv@a+3,w
 11690     0A7D  1C03               	skipc
 11691     0A7E  0F23               	incfsz	___fldiv@a+3,w
 11692     0A7F  02B0               	subwf	___fldiv@rem+3,f
 11693     0A80                     l3769:
 11694     0A80  3001               	movlw	1
 11695     0A81  07B9               	addwf	___fldiv@aexp,f
 11696     0A82  2A3D               	goto	l3771
 11697     0A83                     l3773:
 11698     0A83  0830               	movf	___fldiv@rem+3,w
 11699     0A84  042F               	iorwf	___fldiv@rem+2,w
 11700     0A85  042E               	iorwf	___fldiv@rem+1,w
 11701     0A86  042D               	iorwf	___fldiv@rem,w
 11702     0A87  1D03               	btfss	3,2
 11703     0A88  1434               	bsf	___fldiv@grs,0
 11704     0A89                     l3787:
 11705     0A89  1BA6               	btfsc	___fldiv@b+2,7
 11706     0A8A  2AA6               	goto	l3789
 11707     0A8B  3001               	movlw	1
 11708     0A8C  00A8               	movwf	??___fldiv
 11709     0A8D                     u5075:
 11710     0A8D  1003               	clrc
 11711     0A8E  0DA4               	rlf	___fldiv@b,f
 11712     0A8F  0DA5               	rlf	___fldiv@b+1,f
 11713     0A90  0DA6               	rlf	___fldiv@b+2,f
 11714     0A91  0DA7               	rlf	___fldiv@b+3,f
 11715     0A92  0BA8               	decfsz	??___fldiv,f
 11716     0A93  2A8D               	goto	u5075
 11717     0A94  1BB7               	btfsc	___fldiv@grs+3,7
 11718     0A95  1424               	bsf	___fldiv@b,0
 11719     0A96  3001               	movlw	1
 11720     0A97  00A8               	movwf	??___fldiv
 11721     0A98                     u5095:
 11722     0A98  1003               	clrc
 11723     0A99  0DB4               	rlf	___fldiv@grs,f
 11724     0A9A  0DB5               	rlf	___fldiv@grs+1,f
 11725     0A9B  0DB6               	rlf	___fldiv@grs+2,f
 11726     0A9C  0DB7               	rlf	___fldiv@grs+3,f
 11727     0A9D  0BA8               	decfsz	??___fldiv,f
 11728     0A9E  2A98               	goto	u5095
 11729     0A9F  30FF               	movlw	255
 11730     0AA0  07B2               	addwf	___fldiv@new_exp,f
 11731     0AA1  1803               	skipnc
 11732     0AA2  0AB3               	incf	___fldiv@new_exp+1,f
 11733     0AA3  30FF               	movlw	255
 11734     0AA4  07B3               	addwf	___fldiv@new_exp+1,f
 11735     0AA5  2A89               	goto	l3787
 11736     0AA6                     l3789:
 11737     0AA6  01B9               	clrf	___fldiv@aexp
 11738     0AA7  1FB7               	btfss	___fldiv@grs+3,7
 11739     0AA8  2ABF               	goto	l3799
 11740     0AA9  30FF               	movlw	255
 11741     0AAA  0534               	andwf	___fldiv@grs,w
 11742     0AAB  00A8               	movwf	??___fldiv
 11743     0AAC  30FF               	movlw	255
 11744     0AAD  0535               	andwf	___fldiv@grs+1,w
 11745     0AAE  00A9               	movwf	??___fldiv+1
 11746     0AAF  30FF               	movlw	255
 11747     0AB0  0536               	andwf	___fldiv@grs+2,w
 11748     0AB1  00AA               	movwf	??___fldiv+2
 11749     0AB2  307F               	movlw	127
 11750     0AB3  0537               	andwf	___fldiv@grs+3,w
 11751     0AB4  00AB               	movwf	??___fldiv+3
 11752     0AB5  082B               	movf	??___fldiv+3,w
 11753     0AB6  042A               	iorwf	??___fldiv+2,w
 11754     0AB7  0429               	iorwf	??___fldiv+1,w
 11755     0AB8  0428               	iorwf	??___fldiv,w
 11756     0AB9  1903               	skipnz
 11757     0ABA  1824               	btfsc	___fldiv@b,0
 11758     0ABB  2ABD               	goto	l3795
 11759     0ABC  2ABF               	goto	l3799
 11760     0ABD                     l3795:
 11761     0ABD  3001               	movlw	1
 11762     0ABE  00B9               	movwf	___fldiv@aexp
 11763     0ABF                     l3799:
 11764     0ABF  0839               	movf	___fldiv@aexp,w
 11765     0AC0  1903               	btfsc	3,2
 11766     0AC1  2AF1               	goto	l3809
 11767     0AC2  3001               	movlw	1
 11768     0AC3  07A4               	addwf	___fldiv@b,f
 11769     0AC4  3000               	movlw	0
 11770     0AC5  1803               	skipnc
 11771     0AC6  3001               	movlw	1
 11772     0AC7  07A5               	addwf	___fldiv@b+1,f
 11773     0AC8  3000               	movlw	0
 11774     0AC9  1803               	skipnc
 11775     0ACA  3001               	movlw	1
 11776     0ACB  07A6               	addwf	___fldiv@b+2,f
 11777     0ACC  3000               	movlw	0
 11778     0ACD  1803               	skipnc
 11779     0ACE  3001               	movlw	1
 11780     0ACF  07A7               	addwf	___fldiv@b+3,f
 11781     0AD0  1C27               	btfss	___fldiv@b+3,0
 11782     0AD1  2AF1               	goto	l3809
 11783     0AD2  0824               	movf	___fldiv@b,w
 11784     0AD3  00A8               	movwf	??___fldiv
 11785     0AD4  0825               	movf	___fldiv@b+1,w
 11786     0AD5  00A9               	movwf	??___fldiv+1
 11787     0AD6  0826               	movf	___fldiv@b+2,w
 11788     0AD7  00AA               	movwf	??___fldiv+2
 11789     0AD8  0827               	movf	___fldiv@b+3,w
 11790     0AD9  00AB               	movwf	??___fldiv+3
 11791     0ADA  3001               	movlw	1
 11792     0ADB  00AC               	movwf	??___fldiv+4
 11793     0ADC                     u5165:
 11794     0ADC  0D2B               	rlf	??___fldiv+3,w
 11795     0ADD  0CAB               	rrf	??___fldiv+3,f
 11796     0ADE  0CAA               	rrf	??___fldiv+2,f
 11797     0ADF  0CA9               	rrf	??___fldiv+1,f
 11798     0AE0  0CA8               	rrf	??___fldiv,f
 11799     0AE1  0BAC               	decfsz	??___fldiv+4,f
 11800     0AE2  2ADC               	goto	u5165
 11801     0AE3  082B               	movf	??___fldiv+3,w
 11802     0AE4  00A7               	movwf	___fldiv@b+3
 11803     0AE5  082A               	movf	??___fldiv+2,w
 11804     0AE6  00A6               	movwf	___fldiv@b+2
 11805     0AE7  0829               	movf	??___fldiv+1,w
 11806     0AE8  00A5               	movwf	___fldiv@b+1
 11807     0AE9  0828               	movf	??___fldiv,w
 11808     0AEA  00A4               	movwf	___fldiv@b
 11809     0AEB  3001               	movlw	1
 11810     0AEC  07B2               	addwf	___fldiv@new_exp,f
 11811     0AED  1803               	skipnc
 11812     0AEE  0AB3               	incf	___fldiv@new_exp+1,f
 11813     0AEF  3000               	movlw	0
 11814     0AF0  07B3               	addwf	___fldiv@new_exp+1,f
 11815     0AF1                     l3809:
 11816     0AF1  0833               	movf	___fldiv@new_exp+1,w
 11817     0AF2  3A80               	xorlw	128
 11818     0AF3  00FF               	movwf	127
 11819     0AF4  3080               	movlw	128
 11820     0AF5  027F               	subwf	127,w
 11821     0AF6  1D03               	skipz
 11822     0AF7  2AFA               	goto	u5175
 11823     0AF8  30FF               	movlw	255
 11824     0AF9  0232               	subwf	___fldiv@new_exp,w
 11825     0AFA                     u5175:
 11826     0AFA  1C03               	skipc
 11827     0AFB  2B0A               	goto	l3813
 11828     0AFC  30FF               	movlw	255
 11829     0AFD  1283               	bcf	3,5	;RP0=0, select bank0
 11830     0AFE  1303               	bcf	3,6	;RP1=0, select bank0
 11831     0AFF  00B2               	movwf	___fldiv@new_exp
 11832     0B00  3000               	movlw	0
 11833     0B01  00B3               	movwf	___fldiv@new_exp+1
 11834     0B02  3000               	movlw	0
 11835     0B03  00A7               	movwf	___fldiv@b+3
 11836     0B04  3000               	movlw	0
 11837     0B05  00A6               	movwf	___fldiv@b+2
 11838     0B06  3000               	movlw	0
 11839     0B07  00A5               	movwf	___fldiv@b+1
 11840     0B08  3000               	movlw	0
 11841     0B09  00A4               	movwf	___fldiv@b
 11842     0B0A                     l3813:
 11843     0B0A  1283               	bcf	3,5	;RP0=0, select bank0
 11844     0B0B  1303               	bcf	3,6	;RP1=0, select bank0
 11845     0B0C  0833               	movf	___fldiv@new_exp+1,w
 11846     0B0D  3A80               	xorlw	128
 11847     0B0E  00FF               	movwf	127
 11848     0B0F  3080               	movlw	128
 11849     0B10  027F               	subwf	127,w
 11850     0B11  1D03               	skipz
 11851     0B12  2B15               	goto	u5185
 11852     0B13  3001               	movlw	1
 11853     0B14  0232               	subwf	___fldiv@new_exp,w
 11854     0B15                     u5185:
 11855     0B15  1803               	skipnc
 11856     0B16  2B24               	goto	l810
 11857     0B17  1283               	bcf	3,5	;RP0=0, select bank0
 11858     0B18  1303               	bcf	3,6	;RP1=0, select bank0
 11859     0B19  01B2               	clrf	___fldiv@new_exp
 11860     0B1A  01B3               	clrf	___fldiv@new_exp+1
 11861     0B1B  3000               	movlw	0
 11862     0B1C  00A7               	movwf	___fldiv@b+3
 11863     0B1D  3000               	movlw	0
 11864     0B1E  00A6               	movwf	___fldiv@b+2
 11865     0B1F  3000               	movlw	0
 11866     0B20  00A5               	movwf	___fldiv@b+1
 11867     0B21  3000               	movlw	0
 11868     0B22  00A4               	movwf	___fldiv@b
 11869     0B23  01B1               	clrf	___fldiv@sign
 11870     0B24                     l810:
 11871     0B24  1283               	bcf	3,5	;RP0=0, select bank0
 11872     0B25  1303               	bcf	3,6	;RP1=0, select bank0
 11873     0B26  0832               	movf	___fldiv@new_exp,w
 11874     0B27  00B8               	movwf	___fldiv@bexp
 11875     0B28  1C38               	btfss	___fldiv@bexp,0
 11876     0B29  2B2C               	goto	l3825
 11877     0B2A  17A6               	bsf	___fldiv@b+2,7
 11878     0B2B  2B2E               	goto	l812
 11879     0B2C                     l3825:
 11880     0B2C  307F               	movlw	127
 11881     0B2D  05A6               	andwf	___fldiv@b+2,f
 11882     0B2E                     l812:
 11883     0B2E  0838               	movf	___fldiv@bexp,w
 11884     0B2F  00A8               	movwf	??___fldiv
 11885     0B30  1003               	clrc
 11886     0B31  0C28               	rrf	??___fldiv,w
 11887     0B32  00A7               	movwf	___fldiv@b+3
 11888     0B33  29FB               	goto	L9
 11889     0B34                     __end_of___fldiv:
 11890                           
 11891                           	psect	text54
 11892     1A36                     __ptext54:	
 11893 ;; *************** function _DHT22_init *****************
 11894 ;; Defined at:
 11895 ;;		line 3 in file "DHT22.c"
 11896 ;; Parameters:    Size  Location     Type
 11897 ;;		None
 11898 ;; Auto vars:     Size  Location     Type
 11899 ;;		None
 11900 ;; Return value:  Size  Location     Type
 11901 ;;                  1    wreg      void 
 11902 ;; Registers used:
 11903 ;;		wreg
 11904 ;; Tracked objects:
 11905 ;;		On entry : 300/0
 11906 ;;		On exit  : 0/0
 11907 ;;		Unchanged: 0/0
 11908 ;; Data sizes:     COMMON   BANK0   BANK1   BANK3   BANK2
 11909 ;;      Params:         0       0       0       0       0
 11910 ;;      Locals:         0       0       0       0       0
 11911 ;;      Temps:          3       0       0       0       0
 11912 ;;      Totals:         3       0       0       0       0
 11913 ;;Total ram usage:        3 bytes
 11914 ;; Hardware stack levels used: 1
 11915 ;; This function calls:
 11916 ;;		Nothing
 11917 ;; This function is called by:
 11918 ;;		_main
 11919 ;; This function uses a non-reentrant model
 11920 ;;
 11921                           
 11922     1A36                     _DHT22_init:	
 11923                           ;psect for function _DHT22_init
 11924                           
 11925                           
 11926                           ;DHT22.c: 4:     TRISCbits.TRISC2 = 0;
 11927                           
 11928                           ;incstack = 0
 11929                           ; Regs used in _DHT22_init: [wreg]
 11930     1A36  1683               	bsf	3,5	;RP0=1, select bank1
 11931     1A37  1107               	bcf	7,2	;volatile
 11932                           
 11933                           ;DHT22.c: 5:     PORTCbits.RC2 = 1;
 11934     1A38  1283               	bcf	3,5	;RP0=0, select bank0
 11935     1A39  1507               	bsf	7,2	;volatile
 11936                           
 11937                           ;DHT22.c: 6:     _delay((unsigned long)((100)*(20000000/4000.0)));
 11938     1A3A  3003               	movlw	3
 11939     1A3B  00F2               	movwf	??_DHT22_init+2
 11940     1A3C  308A               	movlw	138
 11941     1A3D  00F1               	movwf	??_DHT22_init+1
 11942     1A3E  3055               	movlw	85
 11943     1A3F  00F0               	movwf	??_DHT22_init
 11944     1A40                     u6577:
 11945     1A40  0BF0               	decfsz	??_DHT22_init,f
 11946     1A41  2A40               	goto	u6577
 11947     1A42  0BF1               	decfsz	??_DHT22_init+1,f
 11948     1A43  2A40               	goto	u6577
 11949     1A44  0BF2               	decfsz	??_DHT22_init+2,f
 11950     1A45  2A40               	goto	u6577
 11951     1A46  2A47               	nop2
 11952     1A47  0008               	return
 11953     1A48                     __end_of_DHT22_init:
 11954     0002                     ___latbits      equ	2
 11955     007E                     btemp           set	126	;btemp
 11956     007E                     btemp0          set	126
 11957     007F                     btemp1          set	127
 11958     007E                     wtemp0          set	126
 11959     007F                     wtemp0a         set	127
 11960     007F                     ttemp0a         set	127
 11961     0080                     ltemp0a         set	128
 11962                           
 11963                           	psect	config
 11964                           
 11965                           ;Config register CONFIG1 @ 0x2007
 11966                           ;	Oscillator Selection bits
 11967                           ;	FOSC = HS, HS oscillator: High-speed crystal/resonator on RA6/OSC2/CLKOUT and RA7/OSC1
      +                          /CLKIN
 11968                           ;	Watchdog Timer Enable bit
 11969                           ;	WDTE = OFF, WDT disabled and can be enabled by SWDTEN bit of the WDTCON register
 11970                           ;	Power-up Timer Enable bit
 11971                           ;	PWRTE = ON, PWRT enabled
 11972                           ;	RE3/MCLR pin function select bit
 11973                           ;	MCLRE = ON, RE3/MCLR pin function is MCLR
 11974                           ;	Code Protection bit
 11975                           ;	CP = OFF, Program memory code protection is disabled
 11976                           ;	Data Code Protection bit
 11977                           ;	CPD = OFF, Data memory code protection is disabled
 11978                           ;	Brown Out Reset Selection bits
 11979                           ;	BOREN = OFF, BOR disabled
 11980                           ;	Internal External Switchover bit
 11981                           ;	IESO = OFF, Internal/External Switchover mode is disabled
 11982                           ;	Fail-Safe Clock Monitor Enabled bit
 11983                           ;	FCMEN = OFF, Fail-Safe Clock Monitor is disabled
 11984                           ;	Low Voltage Programming Enable bit
 11985                           ;	LVP = OFF, RB3 pin has digital I/O, HV on MCLR must be used for programming
 11986                           ;	In-Circuit Debugger Mode bit
 11987                           ;	DEBUG = 0x1, unprogrammed default
 11988     2007                     	org	8199
 11989     2007  20E2               	dw	8418
 11990                           
 11991                           ;Config register CONFIG2 @ 0x2008
 11992                           ;	Brown-out Reset Selection bit
 11993                           ;	BOR4V = BOR40V, Brown-out Reset set to 4.0V
 11994                           ;	Flash Program Memory Self Write Enable bits
 11995                           ;	WRT = OFF, Write protection off
 11996     2008                     	org	8200
 11997     2008  3FFF               	dw	16383

Data Sizes:
    Strings     155
    Constant    0
    Data        6
    BSS         103
    Persistent  0
    Stack       0

Auto Spaces:
    Space          Size  Autos    Used
    COMMON           14     14      14
    BANK0            80     80      80
    BANK1            80     63      79
    BANK3            96      0      93
    BANK2            96      0       0

Pointer List with Targets:

    clr@t	PTR struct . size(2) Largest target is 7
		 -> main@t(BANK1[7]), 

    DHT22_read@dht_humedad	PTR float  size(1) Largest target is 4
		 -> main@hum(BANK1[4]), 

    DHT22_read@dht_temperatura	PTR float  size(1) Largest target is 4
		 -> main@temp(BANK1[4]), 

    display_main_screen@t	PTR struct . size(2) Largest target is 7
		 -> main@t(BANK1[7]), 

    DS3231_ReadTime@time	PTR struct . size(2) Largest target is 7
		 -> main@t(BANK1[7]), 

    FAT32_AppendLine@filename	PTR const unsigned char  size(1) Largest target is 9
		 -> STR_16(CODE[9]), STR_20(CODE[9]), 

    FAT32_AppendLine@line	PTR const unsigned char  size(2) Largest target is 40
		 -> csv(BANK3[40]), STR_17(CODE[22]), 

    Lcd_Write_String@a	PTR const unsigned char  size(1) Largest target is 15
		 -> STR_1(CODE[2]), STR_10(CODE[5]), STR_11(CODE[4]), STR_12(CODE[8]), 
		 -> STR_13(CODE[13]), STR_14(CODE[11]), STR_15(CODE[15]), STR_18(CODE[15]), 
		 -> STR_2(CODE[3]), STR_21(CODE[15]), STR_3(CODE[5]), STR_4(CODE[5]), 
		 -> STR_5(CODE[5]), STR_6(CODE[6]), STR_7(CODE[5]), STR_8(CODE[5]), 
		 -> STR_9(CODE[4]), 

    SD_WriteBytes@buf	PTR unsigned char  size(2) Largest target is 40
		 -> csv(BANK3[40]), STR_17(CODE[22]), 

    sort_temps@arr	PTR float  size(1) Largest target is 24
		 -> calculate_temp_stats@sorted(BANK1[24]), 


Critical Paths under _main in COMMON

    _main->_DS3231_ReadTime
    _main->_Lcd_Write_Char
    _main->___awdiv
    _display_stats_screen->_Lcd_Write_Char
    _display_main_screen->_Lcd_Write_Char
    _pf->_Lcd_Write_Char
    ___lwmod->___lwdiv
    _p2->_Lcd_Write_Char
    _Lcd_Write_String->_Lcd_Write_Char
    _Lcd_Write_Char->___lwmod
    _Lcd_Set_Cursor->_Lcd_Cmd
    _calculate_temp_stats->___awdiv
    _calculate_temp_stats->___xxtofl
    _calculate_temp_stats->_sort_temps
    _sort_temps->___flge
    ___awdiv->___wmul
    ___awmod->___awdiv
    _SD_Init->_SD_Cmd
    _Lcd_Init->_Lcd_Cmd
    _Lcd_Clear->_Lcd_Cmd
    _Lcd_Cmd->_Lcd_Port
    _SD_WriteBytes->_SD_Cmd
    _SD_Cmd->_SD_SPI_Transfer
    _DS3231_ReadTime->_clr
    _bcd2dec->___bmul
    _DS3231_IsPresent->_I2C_Write
    _DS3231_Init->_I2C_Init
    _DHT22_read->___xxtofl
    ___flmul->___xxtofl
    ___fldiv->___xxtofl

Critical Paths under _main in BANK0

    _main->___fltol
    _pf->___fltol
    ___fltol->___fladd
    _p2->_Lcd_Write_Char
    _Lcd_Write_String->_Lcd_Write_Char
    _calculate_temp_stats->___fladd
    ___fladd->___flmul
    _add_temp_to_buffer->___awmod
    _FAT32_AppendLine->_SD_WriteBytes
    _DHT22_read->___flmul
    ___flmul->___fldiv

Critical Paths under _main in BANK1

    _main->_calculate_temp_stats
    _display_stats_screen->_pf
    _display_quartiles_screen->_pf
    _display_main_screen->_pf
    _pf->___fltol

Critical Paths under _main in BANK3

    None.

Critical Paths under _main in BANK2

    None.

Call Graph Tables:

 ---------------------------------------------------------------------------------
 (Depth) Function   	        Calls       Base Space   Used Autos Params    Refs
 ---------------------------------------------------------------------------------
 (0) _main                                                33    33      0   38321
                                             32 BANK1     31    31      0
                         _DHT22_init
                         _DHT22_read
                        _DS3231_Init
                    _DS3231_ReadTime
                   _FAT32_AppendLine
                         _FAT32_Init
                          _Lcd_Clear
                           _Lcd_Init
                     _Lcd_Set_Cursor
                     _Lcd_Write_Char
                   _Lcd_Write_String
                            _SD_Init
                            ___awdiv
                            ___awmod
                            ___fladd
                             ___flge
                            ___flmul
                            ___fltol
                            ___lbdiv
                            ___lbmod
                            ___lwdiv
                            ___lwmod
                 _add_temp_to_buffer
               _calculate_temp_stats
                _display_main_screen
           _display_quartiles_screen
               _display_stats_screen
                  _read_button_press
 ---------------------------------------------------------------------------------
 (1) _read_button_press                                    3     3      0      45
                                              0 COMMON     3     3      0
 ---------------------------------------------------------------------------------
 (1) _display_stats_screen                                 2     2      0    5668
                                             12 BANK1      2     2      0
                     _Lcd_Set_Cursor
                     _Lcd_Write_Char
                   _Lcd_Write_String
                                 _pf
 ---------------------------------------------------------------------------------
 (1) _display_quartiles_screen                             2     2      0    5446
                                             12 BANK1      2     2      0
                     _Lcd_Set_Cursor
                   _Lcd_Write_String
                                 _pf
 ---------------------------------------------------------------------------------
 (1) _display_main_screen                                 12     2     10    6461
                                             12 BANK1     12     2     10
                     _Lcd_Set_Cursor
                     _Lcd_Write_Char
                   _Lcd_Write_String
                                 _p2
                                 _pf
 ---------------------------------------------------------------------------------
 (2) _pf                                                  10     6      4    4794
                                              2 BANK1     10     6      4
                     _Lcd_Write_Char
                            ___fladd
                             ___flge
                            ___flmul
                            ___fltol
                            ___lwdiv
                            ___lwmod
 ---------------------------------------------------------------------------------
 (3) ___lwmod                                              5     1      4     171
                                              7 COMMON     5     1      4
                            ___lwdiv (ARG)
 ---------------------------------------------------------------------------------
 (3) ___lwdiv                                              7     3      4     170
                                              0 COMMON     7     3      4
 ---------------------------------------------------------------------------------
 (3) ___fltol                                             10     6      4     232
                                             72 BANK0      8     4      4
                                              0 BANK1      2     2      0
                            ___fladd (ARG)
                            ___flmul (ARG)
 ---------------------------------------------------------------------------------
 (2) _p2                                                   1     1      0     630
                                              3 BANK0      1     1      0
                     _Lcd_Write_Char
                            ___lbdiv
                            ___lbmod
 ---------------------------------------------------------------------------------
 (3) ___lbmod                                              6     5      1     174
                                              0 COMMON     6     5      1
 ---------------------------------------------------------------------------------
 (3) ___lbdiv                                              4     3      1     176
                                              0 COMMON     4     3      1
 ---------------------------------------------------------------------------------
 (2) _Lcd_Write_String                                     3     2      1     329
                                              3 BANK0      3     2      1
                     _Lcd_Write_Char
 ---------------------------------------------------------------------------------
 (3) _Lcd_Write_Char                                       5     5      0     222
                                             12 COMMON     2     2      0
                                              0 BANK0      3     3      0
                           _Lcd_Port
                            ___lbdiv (ARG)
                            ___lbmod (ARG)
                            ___lwdiv (ARG)
                            ___lwmod (ARG)
 ---------------------------------------------------------------------------------
 (2) _Lcd_Set_Cursor                                       6     5      1     323
                                              4 COMMON     6     5      1
                            _Lcd_Cmd
 ---------------------------------------------------------------------------------
 (1) _calculate_temp_stats                                38    38      0    5219
                                             72 BANK0      6     6      0
                                              0 BANK1     32    32      0
                            ___awdiv
                            ___fladd
                            ___fldiv
                             ___flge
                             ___wmul
                           ___xxtofl
                         _sort_temps
 ---------------------------------------------------------------------------------
 (2) _sort_temps                                          16    14      2     605
                                             12 COMMON     2     0      2
                                              0 BANK0     14    14      0
                             ___flge
 ---------------------------------------------------------------------------------
 (3) ___flge                                              12     4      8     202
                                              0 COMMON    12     4      8
 ---------------------------------------------------------------------------------
 (2) ___wmul                                               6     2      4      94
                                              0 COMMON     6     2      4
 ---------------------------------------------------------------------------------
 (3) ___fladd                                             20    12      8    1994
                                             52 BANK0     20    12      8
                            ___flmul (ARG)
 ---------------------------------------------------------------------------------
 (2) ___awdiv                                              8     4      4     306
                                              6 COMMON     8     4      4
                             ___wmul (ARG)
 ---------------------------------------------------------------------------------
 (1) _add_temp_to_buffer                                   5     1      4     330
                                              6 BANK0      5     1      4
                            ___awmod
 ---------------------------------------------------------------------------------
 (2) ___awmod                                              6     2      4     306
                                              0 BANK0      6     2      4
                            ___awdiv (ARG)
 ---------------------------------------------------------------------------------
 (1) _SD_Init                                              6     6      0     797
                                              0 BANK0      6     6      0
                             _SD_Cmd
                        _SD_SPI_Init
                    _SD_SPI_Transfer
 ---------------------------------------------------------------------------------
 (2) _SD_SPI_Init                                          0     0      0       0
 ---------------------------------------------------------------------------------
 (1) _Lcd_Init                                             2     2      0     145
                                              4 COMMON     2     2      0
                            _Lcd_Cmd
 ---------------------------------------------------------------------------------
 (1) _Lcd_Clear                                            2     2      0     145
                                              4 COMMON     2     2      0
                            _Lcd_Cmd
 ---------------------------------------------------------------------------------
 (3) _Lcd_Cmd                                              3     3      0     145
                                              1 COMMON     3     3      0
                           _Lcd_Port
 ---------------------------------------------------------------------------------
 (4) _Lcd_Port                                             1     1      0     116
                                              0 COMMON     1     1      0
 ---------------------------------------------------------------------------------
 (1) _FAT32_Init                                           0     0      0       0
 ---------------------------------------------------------------------------------
 (1) _FAT32_AppendLine                                     4     1      3    1026
                                             15 BANK0      4     1      3
                      _SD_WriteBytes
 ---------------------------------------------------------------------------------
 (2) _SD_WriteBytes                                       15     6      9     910
                                              0 BANK0     15     6      9
                             _SD_Cmd
                    _SD_SPI_Transfer
 ---------------------------------------------------------------------------------
 (3) _SD_Cmd                                               8     4      4     423
                                              6 COMMON     8     4      4
                    _SD_SPI_Transfer
 ---------------------------------------------------------------------------------
 (4) _SD_SPI_Transfer                                      6     6      0     123
                                              0 COMMON     6     6      0
 ---------------------------------------------------------------------------------
 (1) _DS3231_ReadTime                                      5     3      2    1229
                                             10 COMMON     4     2      2
                                              0 BANK0      1     1      0
                   _DS3231_IsPresent
                           _I2C_Read
                          _I2C_Start
                           _I2C_Stop
                          _I2C_Write
                            _bcd2dec
                                _clr
 ---------------------------------------------------------------------------------
 (2) _clr                                                 10     8      2     159
                                              0 COMMON    10     8      2
 ---------------------------------------------------------------------------------
 (2) _bcd2dec                                              3     3      0     166
                                              3 COMMON     3     3      0
                             ___bmul
 ---------------------------------------------------------------------------------
 (3) ___bmul                                               3     2      1     108
                                              0 COMMON     3     2      1
 ---------------------------------------------------------------------------------
 (2) _I2C_Read                                             4     4      0     100
                                              0 COMMON     4     4      0
                         _SCL_drive0
                        _SCL_release
                         _SDA_drive0
                        _SDA_release
 ---------------------------------------------------------------------------------
 (2) _DS3231_IsPresent                                     1     1      0     123
                                              4 COMMON     1     1      0
                          _I2C_Start
                           _I2C_Stop
                          _I2C_Write
 ---------------------------------------------------------------------------------
 (3) _I2C_Write                                            4     4      0     100
                                              0 COMMON     4     4      0
                         _SCL_drive0
                        _SCL_release
                         _SDA_drive0
                        _SDA_release
 ---------------------------------------------------------------------------------
 (3) _I2C_Stop                                             1     1      0       0
                                              0 COMMON     1     1      0
                        _SCL_release
                         _SDA_drive0
                        _SDA_release
 ---------------------------------------------------------------------------------
 (3) _I2C_Start                                            1     1      0       0
                                              0 COMMON     1     1      0
                         _SCL_drive0
                        _SCL_release
                         _SDA_drive0
                        _SDA_release
 ---------------------------------------------------------------------------------
 (4) _SDA_drive0                                           0     0      0       0
 ---------------------------------------------------------------------------------
 (4) _SCL_drive0                                           0     0      0       0
 ---------------------------------------------------------------------------------
 (1) _DS3231_Init                                          2     2      0       0
                                              1 COMMON     2     2      0
                           _I2C_Init
 ---------------------------------------------------------------------------------
 (2) _I2C_Init                                             1     1      0       0
                                              0 COMMON     1     1      0
                        _SCL_release
                        _SDA_release
 ---------------------------------------------------------------------------------
 (4) _SDA_release                                          0     0      0       0
 ---------------------------------------------------------------------------------
 (4) _SCL_release                                          0     0      0       0
 ---------------------------------------------------------------------------------
 (1) _DHT22_read                                          18    16      2    3635
                                             52 BANK0     18    16      2
                            ___fldiv
                            ___flmul
                           ___xxtofl
 ---------------------------------------------------------------------------------
 (2) ___xxtofl                                            14    10      4     340
                                              0 COMMON    14    10      4
 ---------------------------------------------------------------------------------
 (3) ___flmul                                             26    18      8    1615
                                             26 BANK0     26    18      8
                          __Umul8_16
                            ___fldiv (ARG)
                           ___xxtofl (ARG)
 ---------------------------------------------------------------------------------
 (4) __Umul8_16                                            9     7      2     139
                                              0 COMMON     9     7      2
 ---------------------------------------------------------------------------------
 (2) ___fldiv                                             26    18      8    1130
                                              0 BANK0     26    18      8
                           ___xxtofl (ARG)
 ---------------------------------------------------------------------------------
 (1) _DHT22_init                                           3     3      0       0
                                              0 COMMON     3     3      0
 ---------------------------------------------------------------------------------
 Estimated maximum stack depth 4
 ---------------------------------------------------------------------------------

 Call Graph Graphs:

 _main (ROOT)
   _DHT22_init
   _DHT22_read
     ___fldiv
       ___xxtofl (ARG)
     ___flmul
       __Umul8_16
       ___fldiv (ARG)
       ___xxtofl (ARG)
     ___xxtofl
   _DS3231_Init
     _I2C_Init
       _SCL_release
       _SDA_release
   _DS3231_ReadTime
     _DS3231_IsPresent
       _I2C_Start
         _SCL_drive0
         _SCL_release
         _SDA_drive0
         _SDA_release
       _I2C_Stop
         _SCL_release
         _SDA_drive0
         _SDA_release
       _I2C_Write
         _SCL_drive0
         _SCL_release
         _SDA_drive0
         _SDA_release
     _I2C_Read
       _SCL_drive0
       _SCL_release
       _SDA_drive0
       _SDA_release
     _I2C_Start
     _I2C_Stop
     _I2C_Write
     _bcd2dec
       ___bmul
     _clr
   _FAT32_AppendLine
     _SD_WriteBytes
       _SD_Cmd
         _SD_SPI_Transfer
       _SD_SPI_Transfer
   _FAT32_Init
   _Lcd_Clear
     _Lcd_Cmd
       _Lcd_Port
   _Lcd_Init
     _Lcd_Cmd
   _Lcd_Set_Cursor
     _Lcd_Cmd
   _Lcd_Write_Char
     _Lcd_Port
     ___lbdiv (ARG)
     ___lbmod (ARG)
     ___lwdiv (ARG)
     ___lwmod (ARG)
       ___lwdiv (ARG)
   _Lcd_Write_String
     _Lcd_Write_Char
   _SD_Init
     _SD_Cmd
     _SD_SPI_Init
     _SD_SPI_Transfer
   ___awdiv
     ___wmul (ARG)
   ___awmod
     ___awdiv (ARG)
   ___fladd
     ___flmul (ARG)
   ___flge
   ___flmul
   ___fltol
     ___fladd (ARG)
     ___flmul (ARG)
   ___lbdiv
   ___lbmod
   ___lwdiv
   ___lwmod
   _add_temp_to_buffer
     ___awmod
   _calculate_temp_stats
     ___awdiv
     ___fladd
     ___fldiv
     ___flge
     ___wmul
     ___xxtofl
     _sort_temps
       ___flge
   _display_main_screen
     _Lcd_Set_Cursor
     _Lcd_Write_Char
     _Lcd_Write_String
     _p2
       _Lcd_Write_Char
       ___lbdiv
       ___lbmod
     _pf
       _Lcd_Write_Char
       ___fladd
       ___flge
       ___flmul
       ___fltol
       ___lwdiv
       ___lwmod
   _display_quartiles_screen
     _Lcd_Set_Cursor
     _Lcd_Write_String
     _pf
   _display_stats_screen
     _Lcd_Set_Cursor
     _Lcd_Write_Char
     _Lcd_Write_String
     _pf
   _read_button_press

Address spaces:
Name               Size   Autos  Total    Usage
BANK3               96      0      93     96.9%
BITBANK3            96      0       0      0.0%
BANK2               96      0       0      0.0%
BITBANK2            96      0       0      0.0%
BANK1               80     63      79     98.8%
BITBANK1            80      0       0      0.0%
BANK0               80     80      80    100.0%
BITBANK0            80      0       0      0.0%
COMMON              14     14      14    100.0%
BITCOMMON           14      0       0      0.0%
DATA                 0      0     266      0.0%
STACK                0      0       0      0.0%


Microchip Technology PIC Macro Assembler V3.10 build 20250813170317 
Symbol Table                                                                                   Wed Nov 12 18:03:37 2025

                    ___fldiv@aexp 0039                      ___fldiv@bexp 0038                                 pc 0002  
            ??_add_temp_to_buffer 002A                      ___fldiv@sign 0031                    ___bmul@product 0071  
                              l23 1719                                l19 16FF                                _p2 1AFD  
                    ___awdiv@sign 007B                                _pf 15D2                                fsr 0004  
             ___wmul@multiplicand 0072               __Umul8_16@word_mpld 0076                               ?_p2 0070  
                             l103 0068                               ?_pf 00A2                               l226 1CC5  
                             l170 1A6C                               l171 1A70                               l229 1CD2  
                             l237 1D34                               l325 15A6                               l165 1A61  
                             l166 1A62                               l167 1A66                               l431 1B48  
                             l272 1BF1                               l328 15C0                               l168 1A67  
                             l169 1A6B                               l612 11C3                               l632 1ED4  
                             l609 115D                               l810 0B24                               l299 1408  
                             l812 0B2E                               l732 0B7E                               l727 0B57  
                             l840 0FF5                               l736 0BEF                               l753 0CA3  
                             l649 1AF7                               l738 0BD1                               l774 0D21  
                             l766 0D0B                               l847 1B71                               l872 11F3  
                             l873 1202                               l788 09E9                               l885 1243  
                             l886 124D                               l878 122D                               p2@v 0023  
                             _clr 1E2A                               _csv 01C5                               pf@f 00A2  
                             pf@v 00AA                               fsr0 0004                               indf 0000  
                    ___awmod@sign 0025                      ___flmul@aexp 0048                      ___flmul@bexp 004D  
                    ___flmul@sign 0047                      ___flmul@temp 0052                      ___flmul@prod 004E  
                            ??_p2 007E                              ??_pf 007E                      ___fltol@exp1 00A1  
                            l3003 1AE2                              l3103 0B73                              l3113 0B86  
                            l3033 1C77                              l3025 1C55                              l3107 0B76  
                            l3027 1C61                              l3051 0816                              l3221 0CCD  
                            l3037 1C82                              l3215 0CC6                              l3207 0CB5  
                            l3223 0CCF                              l3151 0BDA                              l3143 0BA4  
                            l3055 0824                              l3233 0CDA                              l3217 0CC8  
                            l3153 0BDC                              l3161 0BE9                              l3049 080A  
                            l3307 0D7B                              l3251 0D1B                              l3083 0B4F  
                            l3059 082F                              l4213 1D4F                              l4141 1361  
                            l3229 0CD8                              ?_clr 0070                              l4231 084A  
                            l4215 1D49                              l4127 1343                              l3255 0D1F  
                            l3079 0B4C                              l3361 0F68                              l3281 0D4C  
                            l4233 083D                              l4217 1D5E                              l3177 0C1C  
                            l3169 0BFD                              l3441 1413                              l3409 15EB  
                            l4401 0465                              l3371 0F81                              l4227 0842  
                            l4171 13B0                              l4155 138D                              l4147 1381  
                            l3179 0C1E                              l3187 0C2C                              l3435 14E6  
                            l3419 1666                              l4075 1BE6                              l3381 0FB3  
                            l3277 0D42                              l4165 13A2                              l4149 138A  
                            l3613 1DDF                              l3437 1426                              l4501 0643  
                            l3703 09BC                              l3391 0FE2                              l3367 0F7F  
                            l3359 0F4B                              l3295 0D63                              l3279 0D44  
                            l2751 1BFA                              l3543 152B                              l4183 13EB  
                            l3631 1DFC                              l3199 0C95                              l3439 14EA  
                            l3447 1B89                              l3463 1BA7                              l4079 1BEC  
                            l4351 033A                              l3385 0FC9                              l3297 0D65  
                            l2905 1A18                              l3561 156D                              l3553 1540  
                            l4177 13B2                              l3641 1E1D                              l3723 09DE  
                            l3707 09BF                              l3299 0D6D                              l3619 1DE8  
                            l2923 1177                              l3813 0B0A                              l3709 09C7  
                            l2773 1B69                              l3901 16E2                              l2909 1A1C  
                            l3661 1D9D                              l3645 1E25                              l3637 1E12  
                            l3629 1DF0                              l4381 03EA                              l4373 03B7  
                            l4357 0350                              l3743 0A12                              l3727 09E1  
                            l2847 1CCD                              l3671 1DAF                              l2927 119D  
                            l2943 1E97                              l3825 0B2C                              l3809 0AF1  
                            l3737 0A06                              l3577 15A4                              l3657 1D96  
                            l3593 1B40                              l2961 1ED0                              l4385 03F4  
                            l3763 0A61                              l3771 0A3D                              l3915 16FD  
                            l3499 1D2F                              l2875 0010                              l3683 1DD0  
                            l3675 1DBD                              l2939 1E8D                              l4555 0796  
                            l4563 07B7                              l4387 040D                              l3773 0A83  
                            l3845 1204                              l3837 11EB                              l3669 1DA3  
                            l4397 0449                              l4389 041B                              l3855 1241  
                            l3847 1214                              l2895 004D                              l2887 0042  
                            l2879 0016                              l3679 1DC8                              l2983 1AC6  
                            l2959 1EC0                              l3769 0A80                              l3857 1232  
                            l3945 17A2                              l2985 1ACD                              l2969 1EE5  
                            l4489 05DD                              l3795 0ABD                              l3787 0A89  
                            l2995 1ADC                              l3789 0AA6                              l3869 126A  
                            l3893 16E6                              l3799 0ABF                              l3991 008A  
                            l3967 0064                              l3897 16E8                              l3993 01A7  
                            l3985 014F                              l3989 01A2                              STR_1 1033  
                            STR_2 10A8                              STR_3 108C                              STR_4 1082  
                            STR_5 1096                              STR_6 107C                              STR_7 1091  
                            STR_8 109B                              STR_9 10A0                              u4005 0CF7  
                            u3135 1B72                              u3090 1BF7                              u3155 1C96  
                            u5005 0A46                              u3325 1EA1                              u5015 0A4F  
                            u3271 1188                              u3272 1189                              u4305 0F4F  
                            u4225 0E74                              u3273 118E                              u3274 118F  
                            u5035 0A5A                              u3291 11AE                              u3275 1194  
                            u3355 1EC1                              u3515 1C62                              u3292 11AF  
                            u3276 1195                              u5045 0A6F                              u4405 0FBC  
                            u4325 0F5A                              u3293 11B4                              u3525 1C6E  
                            u3710 0BC4                              u3294 11B5                              u4415 0FD4  
                            u3295 11BA                              u3455 1AE5                              u3535 1C78  
                            u3720 0BC5                              u3296 11BB                              u4265 0F00  
                            u3705 0BB8                              u4505 14B6                              u3385 1EDA  
                            u5075 0A8D                              u4195 0E1F                              u5315 1255  
                            u5235 120B                              u4515 14CF                              u6107 02DA  
                            u5165 0ADC                              u4605 1A51                              u4525 143F  
                            u3565 080D                              u6117 02F0                              u5175 0AFA  
                            u5095 0A98                              u4295 0F37                              u5255 1225  
                            u4535 1421                              u4455 1446                              u3495 1C58  
                            u6207 1BDA                              u6127 0319                              u5185 0B15  
                            u4625 1546                              u3905 0CB7                              u4705 1B50  
                            u4465 1461                              u5505 00C6                              u6217 1CA4  
                            u3585 081C                              u6137 0334                              u4395 0F9E  
                            u5275 123A                              u4635 1555                              u6307 10FE  
                            u3851 0C57                              u3843 0C3E                              u3835 0C22  
                            u3755 0BE0                              u5515 0103                              u4555 1B8F  
                            u6227 1CB3                              u3595 0825                              u6147 0358  
                            u3860 0C6B                              u3852 0C58                              u6317 1113  
                            u5445 1C1D                              u3861 0C6C                              u3853 0C5D  
                            u4485 1482                              u5605 0225                              u6237 1CBD  
                            u6157 03B0                              u3862 0C71                              u3854 0C5E  
                            u6407 15CD                              u6327 1128                              u6247 1358  
                            u3863 0C72                              u3855 0C63                              u4495 149C  
                            u5615 025E                              u5535 0138                              u6167 0415  
                            u5384 1714                              u3856 0C64                              u5385 1712  
                            u6417 1D15                              u6337 113D                              u6257 13D7  
                            u5545 016A                              u6177 078E                              u6097 02BB  
                            u6507 1A02                              u6427 1D3B                              u6347 1A82  
                            u6267 10C2                              u4755 1DF3                              u6187 07B0  
                            u6517 1A13                              u6437 1CD9                              u6357 1B2C  
                            u6277 10D1                              u5565 018B                              u5485 0092  
                            u6197 07BF                              u6527 16CD                              u6447 1CF4  
                            u6367 1B38                              u6287 10E0                              u4855 1DA6  
                            u4775 1DFD                              u4695 1B49                              u5495 00AC  
                            u6537 16D9                              u6457 1AAA                              u6377 14FC  
                            u6297 10EF                              u4785 1E09                              u5585 01FE  
                            u6547 16EC                              u6467 1AB3                              u6387 150A  
                            u4875 1DB5                              u4795 1E13                              u5595 0206  
                            u6557 16F7                              u6477 1ABC                              u6397 1531  
                            u4885 1DBE                              u6567 1705                              u6487 1A94  
                            u6577 1A40                              u6497 1A9D                  _FAT32_AppendLine 1D47  
          ??_calculate_temp_stats 0068                      SD_Init@retry 0024               FAT32_AppendLine@len 0032  
               ?_Lcd_Write_String 0023                              _main 0276                              clr@t 0070  
                 __end_of_SD_Init 1411                  __end_of_I2C_Init 1A16                  __end_of_I2C_Read 1D47  
                            btemp 007E                  __end_of_I2C_Stop 1ABF                              start 0000  
              ??_Lcd_Write_String 007E                     _SD_WriteBytes 14EF             DHT22_read@dht_humedad 0055  
                 ___fldiv@new_exp 0032  __end_of_display_quartiles_screen 1F76                   __end_of_Lcd_Cmd 1B3E  
               ___bmul@multiplier 0072                             ??_clr 0072                       ?_SDA_drive0 0070  
               ??_DS3231_ReadTime 007C                   __end_of_bcd2dec 1A5C                     ___fltol@sign1 00A0  
                 __end_of___fladd 0D2A                             ?_main 0070                   __end_of___fldiv 0B34  
                 __end_of___awdiv 1E2A                   __end_of___lbdiv 1ADE                             STR_10 1087  
                           STR_11 10A4                             STR_20 106B                             STR_12 1074  
                           STR_13 1053                             STR_21 1035                             STR_14 1060  
                           STR_15 1026                             STR_16 106B                             STR_17 1010  
                           STR_18 1044                   __end_of___awmod 1DD5                   __end_of___lbmod 1AFD  
                 __end_of___flmul 1000                   __end_of___fltol 1EF5                             _ANSEL 0188  
                 ___awdiv@divisor 0076                   __end_of___lwdiv 1C87                   __end_of___lwmod 0834  
                 ___awdiv@counter 007A                      main@last_min 00ED                   _temp_buffer_idx 00E8  
                  DHT22_read@bits 005D                       ?_SCL_drive0 0070                             _fat32 00DF  
            FAT32_AppendLine@line 0030                             btemp0 007E                             btemp1 007F  
                    main@temp_int 00CC                             main@p 00DE                             main@t 00D7  
               __end_of_I2C_Start 1AA3                 __end_of_I2C_Write 1D04                             pclath 000A  
                           status 0003                             wtemp0 007E                  SD_WriteBytes@buf 0026  
                SD_WriteBytes@len 0028                   ___lbdiv@divisor 0070                    ?_SD_WriteBytes 0020  
                 ___lbdiv@counter 0072                  __end_of_Lcd_Init 1143                  __end_of_Lcd_Port 1A72  
                 __initialization 07C7                      __end_of_main 07C7                 ?_DS3231_IsPresent 0070  
            _display_stats_screen 1F76                ??_DS3231_IsPresent 0074                            ??_main 00C0  
                       I2C_Read@d 0072                         I2C_Read@i 0073                      ?_SDA_release 0070  
                 _SD_SPI_Transfer 1BEE                         ??_SD_Init 0020                  ___awdiv@dividend 0078  
                          _ANSELH 0189             SD_SPI_Transfer@result 0075                      ??_FAT32_Init 0070  
                       ??_Lcd_Cmd 0071                            _SD_Cmd 0008                  _temp_buffer_full 00E7  
                __end_of___xxtofl 1273                      ??_DHT22_init 0070                      ??_DHT22_read 0056  
                          _pf$226 00A6                         ??_bcd2dec 0073                            ___flge 1143  
                          ___bmul 1A16                         ??___fladd 005C                            ___wmul 1B3E  
                    ?_SCL_release 0070                         ??___fldiv 0028                         ??___awdiv 007A  
                       ??___lbdiv 0071                         ??___awmod 007E                         ??___lbmod 0071  
                       ??___flmul 0042                         ??___fltol 006C                         ??___lwdiv 0074  
                       ??___lwmod 007B        calculate_temp_stats@sorted 00A0                      ?_SD_SPI_Init 0070  
           ?_display_stats_screen 0070                  ___awdiv@quotient 007C                   ___awmod@divisor 0020  
                 ___awmod@counter 0024                            main@sd 00C9                __end_of_FAT32_Init 10B8  
                       ?_I2C_Init 0070                         ?_I2C_Read 0070                            ltemp0a 0080  
                       ?_I2C_Stop 0070                     main@view_mode 00CE         ?_display_quartiles_screen 0070  
     __end_of_display_main_screen 133C                            ttemp0a 007F                __end_of_DHT22_init 1A48  
              __end_of_DHT22_read 1800                            wtemp0a 007F                  ___lbdiv@dividend 0071  
                 Lcd_Set_Cursor@a 0076                   Lcd_Set_Cursor@b 0074                   Lcd_Set_Cursor@y 0078  
                 Lcd_Set_Cursor@z 0077                 SD_WriteBytes@resp 002C                        ___flge@ff1 0070  
                      ___flge@ff2 0074                      ___xxtofl@arg 007A                      ___xxtofl@exp 0079  
                    ___xxtofl@val 0070                   ??_SD_WriteBytes 0029                   ___lbmod@divisor 0070  
         __end_of__initialization 07FC                   ___lbmod@counter 0074                 __end_of_Lcd_Clear 1A88  
                      ___fltol@f1 0068               ___bmul@multiplicand 0070                    __pcstackCOMMON 0070  
                    __pidataBANK1 19E0             DHT22_read@rawhumidity 005A          __end_of_FAT32_AppendLine 1D8C  
                ___lbdiv@quotient 0073                        __end_of_p2 1B1D                        __end_of_pf 16C6  
         __end_of_SD_SPI_Transfer 1C18                    _Lcd_Set_Cursor 1B82                        ??_I2C_Init 0070  
                      ??_I2C_Read 0070                        ??_I2C_Stop 0070                    sort_temps@temp 0028  
                       ?_Lcd_Init 0070                         ?_Lcd_Port 0070           calculate_temp_stats@sum 00BA  
                      __pbssBANK1 00DF                        __pbssBANK3 0190                     ??_DS3231_Init 0071  
                         ?_SD_Cmd 0076                   _DS3231_ReadTime 0834                 __end_of__Umul8_16 1B82  
        DHT22_read@rawtemperature 0062                        __pmaintext 0276                           ?___flge 0070  
                         ?___bmul 0070                           ?___wmul 0070                           SD_Cmd@i 007C  
                         SD_Cmd@r 007B            ??_display_stats_screen 00AC                      ??_SDA_drive0 0070  
          __end_of_Lcd_Set_Cursor 1BA5                        I2C_Write@i 0073                         ?___xxtofl 0070  
                    ??_SCL_drive0 0070                         SD_Cmd@cmd 007D                         SD_Cmd@arg 0076  
                       SD_Cmd@crc 007A                        ??_Lcd_Init 0074                        ??_Lcd_Port 0070  
                         _SD_Init 133C                        __stringtab 1000                    _Lcd_Write_Char 1C87  
                         _Lcd_Cmd 1B1D                  DHT22_read@result 005C                __end_of_SDA_drive0 19E0  
                       _I2C_Start 1A88                         _I2C_Write 1CC3               __end_of_DS3231_Init 1A07  
                         _bcd2dec 1A48                      I2C_Write@ack 0072                           ___fladd 0B34  
                         ___fldiv 09A4                           ___awdiv 1DD5                           ___lbdiv 1ABF  
              __end_of_SCL_drive0 19DA                           ___awmod 1D8C                           ___lbmod 1ADE  
                         ___flmul 0D2A            display_main_screen@hum 00B2                           ___fltol 1E85  
                         ___lwdiv 1C4D                           ___lwmod 0804                   ?_Lcd_Set_Cursor 0074  
                         __ptext1 1BC8                           __ptext2 1F76                           __ptext3 1EF5  
                         __ptext4 1273                           __ptext5 15D2                           __ptext6 0804  
                         __ptext7 1C4D                           __ptext8 1E85                           __ptext9 1AFD  
                ?_SD_SPI_Transfer 0070                        ??___xxtofl 0074                  ___awmod@dividend 0022  
                         main@h10 00CA                           main@cnt 00C8                           main@hum 00CF  
                         clrloop0 19E7            __end_of_Lcd_Write_Char 1CC3           __end_of_DS3231_ReadTime 09A4  
            end_of_initialization 07FC                        ?_I2C_Start 0070                        ?_I2C_Write 0070  
                DS3231_ReadTime@r 0020                         Lcd_Port@a 0070                        _temp_stats 0190  
                       _PORTAbits 0005                         _PORTBbits 0006                         _PORTCbits 0007  
                       _PORTDbits 0008                       ___fladd@grs 0067                  ___lbmod@dividend 0073  
                   ___xxtofl@sign 0078                         _TRISAbits 0085                         _TRISBbits 0086  
                       _TRISCbits 0087                         _TRISDbits 0088                       ___fldiv@grs 0034  
                     ___fldiv@rem 002D                   ?_Lcd_Write_Char 0070                 Lcd_Write_String@a 0023  
               Lcd_Write_String@i 0024                       ___lbmod@rem 0075                       ___flmul@grs 0049  
                      main@dht_ok 00C7                       _DS3231_Init 19F9                        _sort_temps 1411  
                  __end_of_SD_Cmd 0055                 _read_button_press 1BC8                         _Lcd_Clear 1A72  
              ?_read_button_press 0070                    __end_of___flge 11D6                    __end_of___bmul 1A25  
                  __end_of___wmul 1B5F                  _Lcd_Write_String 1BA5                 ?_FAT32_AppendLine 002F  
             ??_read_button_press 0070                ??_FAT32_AppendLine 007E               start_initialization 07C7  
                     __end_of_clr 1E85             calculate_temp_stats@i 00BF             calculate_temp_stats@n 00BE  
                ?_DS3231_ReadTime 007A                          ??_SD_Cmd 007A         __end_of_read_button_press 1BEE  
           __end_of_SD_WriteBytes 15D2                       ??_I2C_Start 0070                       ??_I2C_Write 0070  
                      ?_Lcd_Clear 0070                          ??___flge 0078                          ??___bmul 0071  
                        ??___wmul 0074                         __Umul8_16 1B5F                       __pdataBANK1 00E9  
                 Lcd_Write_Char@a 0022                   Lcd_Write_Char@y 0021          _display_quartiles_screen 1EF5  
                       ___fladd@a 0058                         ___fladd@b 0054                         ___fldiv@a 0020  
                       ___fldiv@b 0024          FAT32_AppendLine@filename 002F                         ___flmul@a 003E  
                       ___flmul@b 003A                         ___latbits 0002                     __pcstackBANK0 0020  
                   __pcstackBANK1 00A0                  _DS3231_IsPresent 1A25                          ?_SD_Init 0070  
                     _data_sector 00E9                     sort_temps@arr 007C                          ?_Lcd_Cmd 0070  
                     ?_sort_temps 007C                       sort_temps@i 002C                       sort_temps@j 002D  
                     sort_temps@n 007D                  ___lwdiv@dividend 0072                       I2C_Read@ack 0071  
      __end_of_add_temp_to_buffer 1C4D                  ??_Lcd_Set_Cursor 0075                          ?_bcd2dec 0070  
                        ?___fladd 0054                          ?___fldiv 0020                          ?___awdiv 0076  
                        ?___lbdiv 0070                          ?___awmod 0020                          ?___lbmod 0070  
                        ?___flmul 003A                          ?___fltol 0068                        ?__Umul8_16 0070  
                        ?___lwdiv 0070                          ?___lwmod 0077         DHT22_read@dht_temperatura 0054  
                       __pstrings 1000      __end_of_calculate_temp_stats 0276                          SD_Init@i 0023  
                        SD_Init@r 0022                          _I2C_Init 1A07                          _I2C_Read 1D04  
                        _I2C_Stop 1AA3                     ??_SDA_release 0070                  ___lwdiv@quotient 0074  
             DS3231_ReadTime@time 007A                    ___wmul@product 0074                         clear_ram0 19E6  
                        Lcd_Cmd@a 0073          _calculate_temp_stats$237 00B8                       ??_Lcd_Clear 0074  
                   ??_SCL_release 0070                     ??_SD_SPI_Init 0070                DS3231_IsPresent@ok 0074  
                     __stringbase 100F                 ___wmul@multiplier 0070            SD_WriteBytes@data_byte 002B  
                ??_Lcd_Write_Char 007C                       DHT22_read@i 0064                       DHT22_read@j 0065  
                        _Lcd_Init 10B8                          _Lcd_Port 1A5C                    SD_WriteBytes@i 002D  
        __end_of_Lcd_Write_String 1BC8                        _FAT32_Init 10AC               __end_of_SDA_release 0008  
                    ?_DS3231_Init 0070               SD_SPI_Transfer@data 0073                        _DHT22_init 1A36  
                      _DHT22_read 16C6                          bcd2dec@b 0075                     I2C_Write@data 0071  
                     ??__Umul8_16 0072           display_main_screen@temp 00AE                __end_of__stringtab 1010  
    read_button_press@last_button 00EE               _display_main_screen 1273               __end_of_SCL_release 0804  
                        ___xxtofl 11D6               __end_of_SD_SPI_Init 19F9                          _main$327 00C3  
                 ___lwdiv@divisor 0070                   ___lwdiv@counter 0076                          __ptext10 1ADE  
                        __ptext11 1ABF                          __ptext20 1DD5                          __ptext12 1BA5  
                        __ptext21 1C18                          __ptext13 1C87                          __ptext30 1D47  
                        __ptext22 1D8C                          __ptext14 1B82                          __ptext31 14EF  
                        __ptext23 133C                          __ptext15 0055                          __ptext40 1CC3  
                        __ptext32 0008                          __ptext24 19EE                          __ptext16 1411  
                        __ptext41 1AA3                          __ptext33 1BEE                          __ptext25 10B8  
                        __ptext17 1143                          __ptext50 11D6                          __ptext42 1A88  
                        __ptext34 0834                          __ptext26 1A72                          __ptext18 1B3E  
                        __ptext51 0D2A                          __ptext43 19DA                          __ptext35 1E2A  
                        __ptext27 1B1D                          __ptext19 0B34                          __ptext52 1B5F  
                        __ptext44 19D4                          __ptext36 1A48                          __ptext28 1A5C  
                        __ptext53 09A4                          __ptext45 19F9                          __ptext37 1A16  
                        __ptext29 10AC                          __ptext54 1A36                          __ptext46 1A07  
                        __ptext38 1D04                          __ptext47 0004                          __ptext39 1A25  
                        __ptext48 0800                          __ptext49 16C6                  SD_SPI_Transfer@i 0074  
            display_main_screen@t 00AC              ?_display_main_screen 00AC              _calculate_temp_stats 0055  
      ??_display_quartiles_screen 00AC   read_button_press@current_button 0072          __end_of_DS3231_IsPresent 1A36  
                        main@temp 00D3                       _SDA_release 0004                Lcd_Write_Char@temp 0020  
                     ?_FAT32_Init 0070             ??_display_main_screen 00B6                  ___lwmod@dividend 0079  
                    ??_sort_temps 0020             ?_calculate_temp_stats 0070                 ??_SD_SPI_Transfer 0070  
                       stringcode 100A                       ?_DHT22_init 0070                       ?_DHT22_read 0054  
                     _SCL_release 0800                       _temp_buffer 01AD                       _SD_SPI_Init 19EE  
                      _SDA_drive0 19DA                Lcd_Set_Cursor@temp 0079            __Umul8_16@multiplicand 0070  
              _add_temp_to_buffer 1C18                   ___lwmod@divisor 0077                   ___lwmod@counter 007B  
                        stringdir 100A                __end_of_sort_temps 14EF                          stringtab 1000  
                      _SCL_drive0 19D4                     ___fladd@signs 0064               ?_add_temp_to_buffer 0026  
             SD_WriteBytes@offset 0024               SD_WriteBytes@sector 0020      __end_of_display_stats_screen 2000  
                    ___fladd@aexp 0065                      ___fladd@bexp 0066              __Umul8_16@multiplier 0078  
          add_temp_to_buffer@temp 0026                 __Umul8_16@product 0074  
