

Microchip MPLAB XC8 Assembler V2.32 build 20210201212658 
                                                                                               Wed Nov 19 07:33:37 2025

Microchip MPLAB XC8 C Compiler v2.32 (Free license) build 20210201212658 Og9 
     1                           	processor	16F887
     2                           	pagewidth 120
     3                           	opt	flic
     4                           	psect	idataBANK1,global,class=CODE,delta=2,noexec
     5                           	psect	strings,global,class=STRING,delta=2,noexec
     6                           	psect	cinit,global,class=CODE,merge=1,delta=2
     7                           	psect	bssBANK0,global,class=BANK0,space=1,delta=1,noexec
     8                           	psect	bssBANK1,global,class=BANK1,space=1,delta=1,noexec
     9                           	psect	dataBANK1,global,class=BANK1,space=1,delta=1,noexec
    10                           	psect	bssBANK3,global,class=BANK3,space=1,delta=1,noexec
    11                           	psect	clrtext,global,class=CODE,delta=2
    12                           	psect	cstackBANK1,global,class=BANK1,space=1,delta=1,noexec
    13                           	psect	cstackCOMMON,global,class=COMMON,space=1,delta=1,noexec
    14                           	psect	cstackBANK0,global,class=BANK0,space=1,delta=1,noexec
    15                           	psect	maintext,global,class=CODE,split=1,delta=2
    16                           	psect	text1,local,class=CODE,merge=1,delta=2
    17                           	psect	text2,local,class=CODE,merge=1,delta=2
    18                           	psect	text3,local,class=CODE,merge=1,delta=2
    19                           	psect	text4,local,class=CODE,merge=1,delta=2
    20                           	psect	text5,local,class=CODE,merge=1,delta=2
    21                           	psect	text6,local,class=CODE,merge=1,delta=2,group=1
    22                           	psect	text7,local,class=CODE,merge=1,delta=2,group=1
    23                           	psect	text8,local,class=CODE,merge=1,delta=2,group=1
    24                           	psect	text9,local,class=CODE,merge=1,delta=2
    25                           	psect	text10,local,class=CODE,merge=1,delta=2,group=1
    26                           	psect	text11,local,class=CODE,merge=1,delta=2,group=1
    27                           	psect	text12,local,class=CODE,merge=1,delta=2
    28                           	psect	text13,local,class=CODE,merge=1,delta=2
    29                           	psect	text14,local,class=CODE,merge=1,delta=2
    30                           	psect	text15,local,class=CODE,merge=1,delta=2
    31                           	psect	text16,local,class=CODE,merge=1,delta=2
    32                           	psect	text17,local,class=CODE,merge=1,delta=2,group=1
    33                           	psect	text18,local,class=CODE,merge=1,delta=2,group=1
    34                           	psect	text19,local,class=CODE,merge=1,delta=2,group=1
    35                           	psect	text20,local,class=CODE,merge=1,delta=2,group=1
    36                           	psect	text21,local,class=CODE,merge=1,delta=2
    37                           	psect	text22,local,class=CODE,merge=1,delta=2,group=1
    38                           	psect	text23,local,class=CODE,merge=1,delta=2
    39                           	psect	text24,local,class=CODE,merge=1,delta=2
    40                           	psect	text25,local,class=CODE,merge=1,delta=2
    41                           	psect	text26,local,class=CODE,merge=1,delta=2
    42                           	psect	text27,local,class=CODE,merge=1,delta=2
    43                           	psect	text28,local,class=CODE,merge=1,delta=2
    44                           	psect	text29,local,class=CODE,merge=1,delta=2
    45                           	psect	text30,local,class=CODE,merge=1,delta=2
    46                           	psect	text31,local,class=CODE,merge=1,delta=2
    47                           	psect	text32,local,class=CODE,merge=1,delta=2
    48                           	psect	text33,local,class=CODE,merge=1,delta=2
    49                           	psect	text34,local,class=CODE,merge=1,delta=2
    50                           	psect	text35,local,class=CODE,merge=1,delta=2
    51                           	psect	text36,local,class=CODE,merge=1,delta=2
    52                           	psect	text37,local,class=CODE,merge=1,delta=2,group=1
    53                           	psect	text38,local,class=CODE,merge=1,delta=2
    54                           	psect	text39,local,class=CODE,merge=1,delta=2
    55                           	psect	text40,local,class=CODE,merge=1,delta=2
    56                           	psect	text41,local,class=CODE,merge=1,delta=2
    57                           	psect	text42,local,class=CODE,merge=1,delta=2
    58                           	psect	text43,local,class=CODE,merge=1,inline,delta=2
    59                           	psect	text44,local,class=CODE,merge=1,inline,delta=2
    60                           	psect	text45,local,class=CODE,merge=1,delta=2
    61                           	psect	text46,local,class=CODE,merge=1,delta=2
    62                           	psect	text47,local,class=CODE,merge=1,inline,delta=2
    63                           	psect	text48,local,class=CODE,merge=1,inline,delta=2
    64                           	psect	text49,local,class=CODE,merge=1,delta=2
    65                           	psect	text50,local,class=CODE,merge=1,delta=2,group=1
    66                           	psect	text51,local,class=CODE,merge=1,delta=2,group=1
    67                           	psect	text52,local,class=CODE,merge=1,delta=2,group=1
    68                           	psect	text53,local,class=CODE,merge=1,delta=2,group=1
    69                           	psect	text54,local,class=CODE,merge=1,delta=2
    70                           	psect	config,global,abs,ovrld,class=CONFIG,space=4,delta=2,noexec
    71                           	dabs	1,0x7E,2
    72  0000                     
    73                           ; Version 2.32
    74                           ; Generated 02/02/2021 GMT
    75                           ; 
    76                           ; Copyright © 2021, Microchip Technology Inc. and its subsidiaries ("Microchip")
    77                           ; All rights reserved.
    78                           ; 
    79                           ; This software is developed by Microchip Technology Inc. and its subsidiaries ("Microch
      +                          ip").
    80                           ; 
    81                           ; Redistribution and use in source and binary forms, with or without modification, are
    82                           ; permitted provided that the following conditions are met:
    83                           ; 
    84                           ;     1. Redistributions of source code must retain the above copyright notice, this lis
      +                          t of
    85                           ;        conditions and the following disclaimer.
    86                           ; 
    87                           ;     2. Redistributions in binary form must reproduce the above copyright notice, this 
      +                          list
    88                           ;        of conditions and the following disclaimer in the documentation and/or other
    89                           ;        materials provided with the distribution. Publication is not required when
    90                           ;        this file is used in an embedded application.
    91                           ; 
    92                           ;     3. Microchip's name may not be used to endorse or promote products derived from th
      +                          is
    93                           ;        software without specific prior written permission.
    94                           ; 
    95                           ; THIS SOFTWARE IS PROVIDED BY MICROCHIP "AS IS" AND ANY EXPRESS OR IMPLIED WARRANTIES,
    96                           ; INCLUDING, BUT NOT LIMITED TO, THE IMPLIED WARRANTIES OF MERCHANTABILITY AND FITNESS F
      +                          OR
    97                           ; PURPOSE ARE DISCLAIMED.  IN NO EVENT SHALL MICROCHIP BE LIABLE FOR ANY DIRECT, INDIREC
      +                          T,
    98                           ; INCIDENTAL, SPECIAL, EXEMPLARY, OR CONSEQUENTIAL DAMAGES (INCLUDING BUT NOT LIMITED TO
    99                           ; PROCUREMENT OF SUBSTITUTE GOODS OR SERVICES; LOSS OF USE, DATA OR PROFITS; OR BUSINESS
   100                           ; INTERRUPTION) HOWSOEVER CAUSED AND ON ANY THEORY OF LIABILITY, WHETHER IN CONTRACT, ST
      +                          RICT
   101                           ; LIABILITY, OR TORT (INCLUDING NEGLIGENCE OR OTHERWISE) ARISING IN ANY WAY OUT OF THE U
      +                          SE OF
   102                           ; THIS SOFTWARE, EVEN IF ADVISED OF THE POSSIBILITY OF SUCH DAMAGE.
   103                           ; 
   104                           ; 
   105                           ; Code-generator required, PIC16F887 Definitions
   106                           ; 
   107                           ; SFR Addresses
   108  0000                     	;# 
   109  0001                     	;# 
   110  0002                     	;# 
   111  0003                     	;# 
   112  0004                     	;# 
   113  0005                     	;# 
   114  0006                     	;# 
   115  0007                     	;# 
   116  0008                     	;# 
   117  0009                     	;# 
   118  000A                     	;# 
   119  000B                     	;# 
   120  000C                     	;# 
   121  000D                     	;# 
   122  000E                     	;# 
   123  000E                     	;# 
   124  000F                     	;# 
   125  0010                     	;# 
   126  0011                     	;# 
   127  0012                     	;# 
   128  0013                     	;# 
   129  0014                     	;# 
   130  0015                     	;# 
   131  0015                     	;# 
   132  0016                     	;# 
   133  0017                     	;# 
   134  0018                     	;# 
   135  0019                     	;# 
   136  001A                     	;# 
   137  001B                     	;# 
   138  001B                     	;# 
   139  001C                     	;# 
   140  001D                     	;# 
   141  001E                     	;# 
   142  001F                     	;# 
   143  0081                     	;# 
   144  0085                     	;# 
   145  0086                     	;# 
   146  0087                     	;# 
   147  0088                     	;# 
   148  0089                     	;# 
   149  008C                     	;# 
   150  008D                     	;# 
   151  008E                     	;# 
   152  008F                     	;# 
   153  0090                     	;# 
   154  0091                     	;# 
   155  0092                     	;# 
   156  0093                     	;# 
   157  0093                     	;# 
   158  0093                     	;# 
   159  0094                     	;# 
   160  0095                     	;# 
   161  0096                     	;# 
   162  0097                     	;# 
   163  0098                     	;# 
   164  0099                     	;# 
   165  009A                     	;# 
   166  009B                     	;# 
   167  009C                     	;# 
   168  009D                     	;# 
   169  009E                     	;# 
   170  009F                     	;# 
   171  0105                     	;# 
   172  0107                     	;# 
   173  0108                     	;# 
   174  0109                     	;# 
   175  010C                     	;# 
   176  010C                     	;# 
   177  010D                     	;# 
   178  010E                     	;# 
   179  010F                     	;# 
   180  0185                     	;# 
   181  0187                     	;# 
   182  0188                     	;# 
   183  0189                     	;# 
   184  018C                     	;# 
   185  018D                     	;# 
   186  0000                     	;# 
   187  0001                     	;# 
   188  0002                     	;# 
   189  0003                     	;# 
   190  0004                     	;# 
   191  0005                     	;# 
   192  0006                     	;# 
   193  0007                     	;# 
   194  0008                     	;# 
   195  0009                     	;# 
   196  000A                     	;# 
   197  000B                     	;# 
   198  000C                     	;# 
   199  000D                     	;# 
   200  000E                     	;# 
   201  000E                     	;# 
   202  000F                     	;# 
   203  0010                     	;# 
   204  0011                     	;# 
   205  0012                     	;# 
   206  0013                     	;# 
   207  0014                     	;# 
   208  0015                     	;# 
   209  0015                     	;# 
   210  0016                     	;# 
   211  0017                     	;# 
   212  0018                     	;# 
   213  0019                     	;# 
   214  001A                     	;# 
   215  001B                     	;# 
   216  001B                     	;# 
   217  001C                     	;# 
   218  001D                     	;# 
   219  001E                     	;# 
   220  001F                     	;# 
   221  0081                     	;# 
   222  0085                     	;# 
   223  0086                     	;# 
   224  0087                     	;# 
   225  0088                     	;# 
   226  0089                     	;# 
   227  008C                     	;# 
   228  008D                     	;# 
   229  008E                     	;# 
   230  008F                     	;# 
   231  0090                     	;# 
   232  0091                     	;# 
   233  0092                     	;# 
   234  0093                     	;# 
   235  0093                     	;# 
   236  0093                     	;# 
   237  0094                     	;# 
   238  0095                     	;# 
   239  0096                     	;# 
   240  0097                     	;# 
   241  0098                     	;# 
   242  0099                     	;# 
   243  009A                     	;# 
   244  009B                     	;# 
   245  009C                     	;# 
   246  009D                     	;# 
   247  009E                     	;# 
   248  009F                     	;# 
   249  0105                     	;# 
   250  0107                     	;# 
   251  0108                     	;# 
   252  0109                     	;# 
   253  010C                     	;# 
   254  010C                     	;# 
   255  010D                     	;# 
   256  010E                     	;# 
   257  010F                     	;# 
   258  0185                     	;# 
   259  0187                     	;# 
   260  0188                     	;# 
   261  0189                     	;# 
   262  018C                     	;# 
   263  018D                     	;# 
   264  0000                     	;# 
   265  0001                     	;# 
   266  0002                     	;# 
   267  0003                     	;# 
   268  0004                     	;# 
   269  0005                     	;# 
   270  0006                     	;# 
   271  0007                     	;# 
   272  0008                     	;# 
   273  0009                     	;# 
   274  000A                     	;# 
   275  000B                     	;# 
   276  000C                     	;# 
   277  000D                     	;# 
   278  000E                     	;# 
   279  000E                     	;# 
   280  000F                     	;# 
   281  0010                     	;# 
   282  0011                     	;# 
   283  0012                     	;# 
   284  0013                     	;# 
   285  0014                     	;# 
   286  0015                     	;# 
   287  0015                     	;# 
   288  0016                     	;# 
   289  0017                     	;# 
   290  0018                     	;# 
   291  0019                     	;# 
   292  001A                     	;# 
   293  001B                     	;# 
   294  001B                     	;# 
   295  001C                     	;# 
   296  001D                     	;# 
   297  001E                     	;# 
   298  001F                     	;# 
   299  0081                     	;# 
   300  0085                     	;# 
   301  0086                     	;# 
   302  0087                     	;# 
   303  0088                     	;# 
   304  0089                     	;# 
   305  008C                     	;# 
   306  008D                     	;# 
   307  008E                     	;# 
   308  008F                     	;# 
   309  0090                     	;# 
   310  0091                     	;# 
   311  0092                     	;# 
   312  0093                     	;# 
   313  0093                     	;# 
   314  0093                     	;# 
   315  0094                     	;# 
   316  0095                     	;# 
   317  0096                     	;# 
   318  0097                     	;# 
   319  0098                     	;# 
   320  0099                     	;# 
   321  009A                     	;# 
   322  009B                     	;# 
   323  009C                     	;# 
   324  009D                     	;# 
   325  009E                     	;# 
   326  009F                     	;# 
   327  0105                     	;# 
   328  0107                     	;# 
   329  0108                     	;# 
   330  0109                     	;# 
   331  010C                     	;# 
   332  010C                     	;# 
   333  010D                     	;# 
   334  010E                     	;# 
   335  010F                     	;# 
   336  0185                     	;# 
   337  0187                     	;# 
   338  0188                     	;# 
   339  0189                     	;# 
   340  018C                     	;# 
   341  018D                     	;# 
   342  0000                     	;# 
   343  0001                     	;# 
   344  0002                     	;# 
   345  0003                     	;# 
   346  0004                     	;# 
   347  0005                     	;# 
   348  0006                     	;# 
   349  0007                     	;# 
   350  0008                     	;# 
   351  0009                     	;# 
   352  000A                     	;# 
   353  000B                     	;# 
   354  000C                     	;# 
   355  000D                     	;# 
   356  000E                     	;# 
   357  000E                     	;# 
   358  000F                     	;# 
   359  0010                     	;# 
   360  0011                     	;# 
   361  0012                     	;# 
   362  0013                     	;# 
   363  0014                     	;# 
   364  0015                     	;# 
   365  0015                     	;# 
   366  0016                     	;# 
   367  0017                     	;# 
   368  0018                     	;# 
   369  0019                     	;# 
   370  001A                     	;# 
   371  001B                     	;# 
   372  001B                     	;# 
   373  001C                     	;# 
   374  001D                     	;# 
   375  001E                     	;# 
   376  001F                     	;# 
   377  0081                     	;# 
   378  0085                     	;# 
   379  0086                     	;# 
   380  0087                     	;# 
   381  0088                     	;# 
   382  0089                     	;# 
   383  008C                     	;# 
   384  008D                     	;# 
   385  008E                     	;# 
   386  008F                     	;# 
   387  0090                     	;# 
   388  0091                     	;# 
   389  0092                     	;# 
   390  0093                     	;# 
   391  0093                     	;# 
   392  0093                     	;# 
   393  0094                     	;# 
   394  0095                     	;# 
   395  0096                     	;# 
   396  0097                     	;# 
   397  0098                     	;# 
   398  0099                     	;# 
   399  009A                     	;# 
   400  009B                     	;# 
   401  009C                     	;# 
   402  009D                     	;# 
   403  009E                     	;# 
   404  009F                     	;# 
   405  0105                     	;# 
   406  0107                     	;# 
   407  0108                     	;# 
   408  0109                     	;# 
   409  010C                     	;# 
   410  010C                     	;# 
   411  010D                     	;# 
   412  010E                     	;# 
   413  010F                     	;# 
   414  0185                     	;# 
   415  0187                     	;# 
   416  0188                     	;# 
   417  0189                     	;# 
   418  018C                     	;# 
   419  018D                     	;# 
   420  0000                     	;# 
   421  0001                     	;# 
   422  0002                     	;# 
   423  0003                     	;# 
   424  0004                     	;# 
   425  0005                     	;# 
   426  0006                     	;# 
   427  0007                     	;# 
   428  0008                     	;# 
   429  0009                     	;# 
   430  000A                     	;# 
   431  000B                     	;# 
   432  000C                     	;# 
   433  000D                     	;# 
   434  000E                     	;# 
   435  000E                     	;# 
   436  000F                     	;# 
   437  0010                     	;# 
   438  0011                     	;# 
   439  0012                     	;# 
   440  0013                     	;# 
   441  0014                     	;# 
   442  0015                     	;# 
   443  0015                     	;# 
   444  0016                     	;# 
   445  0017                     	;# 
   446  0018                     	;# 
   447  0019                     	;# 
   448  001A                     	;# 
   449  001B                     	;# 
   450  001B                     	;# 
   451  001C                     	;# 
   452  001D                     	;# 
   453  001E                     	;# 
   454  001F                     	;# 
   455  0081                     	;# 
   456  0085                     	;# 
   457  0086                     	;# 
   458  0087                     	;# 
   459  0088                     	;# 
   460  0089                     	;# 
   461  008C                     	;# 
   462  008D                     	;# 
   463  008E                     	;# 
   464  008F                     	;# 
   465  0090                     	;# 
   466  0091                     	;# 
   467  0092                     	;# 
   468  0093                     	;# 
   469  0093                     	;# 
   470  0093                     	;# 
   471  0094                     	;# 
   472  0095                     	;# 
   473  0096                     	;# 
   474  0097                     	;# 
   475  0098                     	;# 
   476  0099                     	;# 
   477  009A                     	;# 
   478  009B                     	;# 
   479  009C                     	;# 
   480  009D                     	;# 
   481  009E                     	;# 
   482  009F                     	;# 
   483  0105                     	;# 
   484  0107                     	;# 
   485  0108                     	;# 
   486  0109                     	;# 
   487  010C                     	;# 
   488  010C                     	;# 
   489  010D                     	;# 
   490  010E                     	;# 
   491  010F                     	;# 
   492  0185                     	;# 
   493  0187                     	;# 
   494  0188                     	;# 
   495  0189                     	;# 
   496  018C                     	;# 
   497  018D                     	;# 
   498  0000                     	;# 
   499  0001                     	;# 
   500  0002                     	;# 
   501  0003                     	;# 
   502  0004                     	;# 
   503  0005                     	;# 
   504  0006                     	;# 
   505  0007                     	;# 
   506  0008                     	;# 
   507  0009                     	;# 
   508  000A                     	;# 
   509  000B                     	;# 
   510  000C                     	;# 
   511  000D                     	;# 
   512  000E                     	;# 
   513  000E                     	;# 
   514  000F                     	;# 
   515  0010                     	;# 
   516  0011                     	;# 
   517  0012                     	;# 
   518  0013                     	;# 
   519  0014                     	;# 
   520  0015                     	;# 
   521  0015                     	;# 
   522  0016                     	;# 
   523  0017                     	;# 
   524  0018                     	;# 
   525  0019                     	;# 
   526  001A                     	;# 
   527  001B                     	;# 
   528  001B                     	;# 
   529  001C                     	;# 
   530  001D                     	;# 
   531  001E                     	;# 
   532  001F                     	;# 
   533  0081                     	;# 
   534  0085                     	;# 
   535  0086                     	;# 
   536  0087                     	;# 
   537  0088                     	;# 
   538  0089                     	;# 
   539  008C                     	;# 
   540  008D                     	;# 
   541  008E                     	;# 
   542  008F                     	;# 
   543  0090                     	;# 
   544  0091                     	;# 
   545  0092                     	;# 
   546  0093                     	;# 
   547  0093                     	;# 
   548  0093                     	;# 
   549  0094                     	;# 
   550  0095                     	;# 
   551  0096                     	;# 
   552  0097                     	;# 
   553  0098                     	;# 
   554  0099                     	;# 
   555  009A                     	;# 
   556  009B                     	;# 
   557  009C                     	;# 
   558  009D                     	;# 
   559  009E                     	;# 
   560  009F                     	;# 
   561  0105                     	;# 
   562  0107                     	;# 
   563  0108                     	;# 
   564  0109                     	;# 
   565  010C                     	;# 
   566  010C                     	;# 
   567  010D                     	;# 
   568  010E                     	;# 
   569  010F                     	;# 
   570  0185                     	;# 
   571  0187                     	;# 
   572  0188                     	;# 
   573  0189                     	;# 
   574  018C                     	;# 
   575  018D                     	;# 
   576  0000                     	;# 
   577  0001                     	;# 
   578  0002                     	;# 
   579  0003                     	;# 
   580  0004                     	;# 
   581  0005                     	;# 
   582  0006                     	;# 
   583  0007                     	;# 
   584  0008                     	;# 
   585  0009                     	;# 
   586  000A                     	;# 
   587  000B                     	;# 
   588  000C                     	;# 
   589  000D                     	;# 
   590  000E                     	;# 
   591  000E                     	;# 
   592  000F                     	;# 
   593  0010                     	;# 
   594  0011                     	;# 
   595  0012                     	;# 
   596  0013                     	;# 
   597  0014                     	;# 
   598  0015                     	;# 
   599  0015                     	;# 
   600  0016                     	;# 
   601  0017                     	;# 
   602  0018                     	;# 
   603  0019                     	;# 
   604  001A                     	;# 
   605  001B                     	;# 
   606  001B                     	;# 
   607  001C                     	;# 
   608  001D                     	;# 
   609  001E                     	;# 
   610  001F                     	;# 
   611  0081                     	;# 
   612  0085                     	;# 
   613  0086                     	;# 
   614  0087                     	;# 
   615  0088                     	;# 
   616  0089                     	;# 
   617  008C                     	;# 
   618  008D                     	;# 
   619  008E                     	;# 
   620  008F                     	;# 
   621  0090                     	;# 
   622  0091                     	;# 
   623  0092                     	;# 
   624  0093                     	;# 
   625  0093                     	;# 
   626  0093                     	;# 
   627  0094                     	;# 
   628  0095                     	;# 
   629  0096                     	;# 
   630  0097                     	;# 
   631  0098                     	;# 
   632  0099                     	;# 
   633  009A                     	;# 
   634  009B                     	;# 
   635  009C                     	;# 
   636  009D                     	;# 
   637  009E                     	;# 
   638  009F                     	;# 
   639  0105                     	;# 
   640  0107                     	;# 
   641  0108                     	;# 
   642  0109                     	;# 
   643  010C                     	;# 
   644  010C                     	;# 
   645  010D                     	;# 
   646  010E                     	;# 
   647  010F                     	;# 
   648  0185                     	;# 
   649  0187                     	;# 
   650  0188                     	;# 
   651  0189                     	;# 
   652  018C                     	;# 
   653  018D                     	;# 
   654                           
   655                           	psect	idataBANK1
   656  19A3                     __pidataBANK1:
   657                           
   658                           ;initializer for _data_sector
   659  19A3  34E8               	retlw	232
   660  19A4  3403               	retlw	3
   661  19A5  3400               	retlw	0
   662  19A6  3400               	retlw	0
   663                           
   664                           ;initializer for main@last_min
   665  19A7  34FF               	retlw	255
   666                           
   667                           ;initializer for read_button_press@last_button
   668  19A8  3401               	retlw	1
   669  0006                     _PORTBbits	set	6
   670  0008                     _PORTDbits	set	8
   671  0005                     _PORTAbits	set	5
   672  0007                     _PORTCbits	set	7
   673  0086                     _TRISBbits	set	134
   674  0088                     _TRISDbits	set	136
   675  0085                     _TRISAbits	set	133
   676  0087                     _TRISCbits	set	135
   677  0189                     _ANSELH	set	393
   678  0188                     _ANSEL	set	392
   679                           
   680                           	psect	strings
   681  0800                     __pstrings:
   682  0800                     stringtab:
   683  0800                     __stringtab:
   684                           
   685                           ;	String table - string pointers are 1 byte each
   686  0800  1BFF               	btfsc	btemp+1,7
   687  0801  280A               	ljmp	stringcode
   688  0802  1383               	bcf	3,7
   689  0803  187F               	btfsc	btemp+1,0
   690  0804  1783               	bsf	3,7
   691  0805  0800               	movf	0,w
   692  0806  0A84               	incf	4,f
   693  0807  1903               	skipnz
   694  0808  0AFF               	incf	btemp+1,f
   695  0809  0008               	return
   696  080A                     stringcode:
   697  080A                     stringdir:
   698  080A  3008               	movlw	high stringdir
   699  080B  008A               	movwf	10
   700  080C  0804               	movf	4,w
   701  080D  0A84               	incf	4,f
   702  080E  0782               	addwf	2,f
   703  080F                     __stringbase:
   704  080F  3400               	retlw	0
   705  0810                     __end_of__stringtab:
   706  0810                     STR_17:
   707  0810  3446               	retlw	70	;'F'
   708  0811  3465               	retlw	101	;'e'
   709  0812  3463               	retlw	99	;'c'
   710  0813  3468               	retlw	104	;'h'
   711  0814  3461               	retlw	97	;'a'
   712  0815  342C               	retlw	44	;','
   713  0816  3448               	retlw	72	;'H'
   714  0817  346F               	retlw	111	;'o'
   715  0818  3472               	retlw	114	;'r'
   716  0819  3461               	retlw	97	;'a'
   717  081A  342C               	retlw	44	;','
   718  081B  3454               	retlw	84	;'T'
   719  081C  3465               	retlw	101	;'e'
   720  081D  346D               	retlw	109	;'m'
   721  081E  3470               	retlw	112	;'p'
   722  081F  342C               	retlw	44	;','
   723  0820  3448               	retlw	72	;'H'
   724  0821  3475               	retlw	117	;'u'
   725  0822  346D               	retlw	109	;'m'
   726  0823  340D               	retlw	13
   727  0824  340A               	retlw	10
   728  0825  3400               	retlw	0
   729  0826                     STR_15:
   730  0826  3453               	retlw	83	;'S'
   731  0827  3444               	retlw	68	;'D'
   732  0828  3420               	retlw	32	;' '
   733  0829  344F               	retlw	79	;'O'
   734  082A  344B               	retlw	75	;'K'
   735  082B  3421               	retlw	33	;'!'
   736  082C  3420               	retlw	32	;' '
   737  082D  3420               	retlw	32	;' '
   738  082E  3420               	retlw	32	;' '
   739  082F  3420               	retlw	32	;' '
   740  0830  3420               	retlw	32	;' '
   741  0831  3420               	retlw	32	;' '
   742  0832  3420               	retlw	32	;' '
   743  0833  3420               	retlw	32	;' '
   744  0834  3400               	retlw	0
   745  0835                     STR_21:
   746  0835  3453               	retlw	83	;'S'
   747  0836  3444               	retlw	68	;'D'
   748  0837  3420               	retlw	32	;' '
   749  0838  3446               	retlw	70	;'F'
   750  0839  3441               	retlw	65	;'A'
   751  083A  3449               	retlw	73	;'I'
   752  083B  344C               	retlw	76	;'L'
   753  083C  3421               	retlw	33	;'!'
   754  083D  3420               	retlw	32	;' '
   755  083E  3420               	retlw	32	;' '
   756  083F  3420               	retlw	32	;' '
   757  0840  3420               	retlw	32	;' '
   758  0841  3420               	retlw	32	;' '
   759  0842  3420               	retlw	32	;' '
   760  0843  3400               	retlw	0
   761  0844                     STR_18:
   762  0844  3453               	retlw	83	;'S'
   763  0845  3444               	retlw	68	;'D'
   764  0846  3420               	retlw	32	;' '
   765  0847  3445               	retlw	69	;'E'
   766  0848  3472               	retlw	114	;'r'
   767  0849  3472               	retlw	114	;'r'
   768  084A  346F               	retlw	111	;'o'
   769  084B  3472               	retlw	114	;'r'
   770  084C  3421               	retlw	33	;'!'
   771  084D  3420               	retlw	32	;' '
   772  084E  3420               	retlw	32	;' '
   773  084F  3420               	retlw	32	;' '
   774  0850  3420               	retlw	32	;' '
   775  0851  3420               	retlw	32	;' '
   776  0852  3400               	retlw	0
   777  0853                     STR_13:
   778  0853  3449               	retlw	73	;'I'
   779  0854  346E               	retlw	110	;'n'
   780  0855  3469               	retlw	105	;'i'
   781  0856  3474               	retlw	116	;'t'
   782  0857  3420               	retlw	32	;' '
   783  0858  3453               	retlw	83	;'S'
   784  0859  3465               	retlw	101	;'e'
   785  085A  346E               	retlw	110	;'n'
   786  085B  3473               	retlw	115	;'s'
   787  085C  346F               	retlw	111	;'o'
   788  085D  3472               	retlw	114	;'r'
   789  085E  3473               	retlw	115	;'s'
   790  085F  3400               	retlw	0
   791  0860                     STR_14:
   792  0860  3449               	retlw	73	;'I'
   793  0861  346E               	retlw	110	;'n'
   794  0862  3469               	retlw	105	;'i'
   795  0863  3474               	retlw	116	;'t'
   796  0864  3420               	retlw	32	;' '
   797  0865  3453               	retlw	83	;'S'
   798  0866  3444               	retlw	68	;'D'
   799  0867  342E               	retlw	46	;'.'
   800  0868  342E               	retlw	46	;'.'
   801  0869  342E               	retlw	46	;'.'
   802  086A  3400               	retlw	0
   803  086B                     STR_16:
   804  086B  3444               	retlw	68	;'D'
   805  086C  3441               	retlw	65	;'A'
   806  086D  3454               	retlw	84	;'T'
   807  086E  3441               	retlw	65	;'A'
   808  086F  342E               	retlw	46	;'.'
   809  0870  3454               	retlw	84	;'T'
   810  0871  3458               	retlw	88	;'X'
   811  0872  3454               	retlw	84	;'T'
   812  0873  3400               	retlw	0
   813  0874                     STR_12:
   814  0874  3443               	retlw	67	;'C'
   815  0875  3420               	retlw	32	;' '
   816  0876  3420               	retlw	32	;' '
   817  0877  3420               	retlw	32	;' '
   818  0878  3420               	retlw	32	;' '
   819  0879  3420               	retlw	32	;' '
   820  087A  3420               	retlw	32	;' '
   821  087B  3400               	retlw	0
   822  087C                     STR_6:
   823  087C  3420               	retlw	32	;' '
   824  087D  344D               	retlw	77	;'M'
   825  087E  3461               	retlw	97	;'a'
   826  087F  3478               	retlw	120	;'x'
   827  0880  343A               	retlw	58	;':'
   828  0881  3400               	retlw	0
   829  0882                     STR_4:
   830  0882  3425               	retlw	37	;'%'
   831  0883  3420               	retlw	32	;' '
   832  0884  3420               	retlw	32	;' '
   833  0885  3420               	retlw	32	;' '
   834  0886  3400               	retlw	0
   835  0887                     STR_10:
   836  0887  3420               	retlw	32	;' '
   837  0888  3451               	retlw	81	;'Q'
   838  0889  3433               	retlw	51	;'3'
   839  088A  343A               	retlw	58	;':'
   840  088B  3400               	retlw	0
   841  088C                     STR_3:
   842  088C  3443               	retlw	67	;'C'
   843  088D  3420               	retlw	32	;' '
   844  088E  3448               	retlw	72	;'H'
   845  088F  343A               	retlw	58	;':'
   846  0890  3400               	retlw	0
   847  0891                     STR_7:
   848  0891  344D               	retlw	77	;'M'
   849  0892  3465               	retlw	101	;'e'
   850  0893  3464               	retlw	100	;'d'
   851  0894  343A               	retlw	58	;':'
   852  0895  3400               	retlw	0
   853  0896                     STR_5:
   854  0896  344D               	retlw	77	;'M'
   855  0897  3469               	retlw	105	;'i'
   856  0898  346E               	retlw	110	;'n'
   857  0899  343A               	retlw	58	;':'
   858  089A  3400               	retlw	0
   859  089B                     STR_8:
   860  089B  3443               	retlw	67	;'C'
   861  089C  3420               	retlw	32	;' '
   862  089D  346E               	retlw	110	;'n'
   863  089E  343D               	retlw	61	;'='
   864  089F  3400               	retlw	0
   865  08A0                     STR_9:
   866  08A0  3451               	retlw	81	;'Q'
   867  08A1  3431               	retlw	49	;'1'
   868  08A2  343A               	retlw	58	;':'
   869  08A3  3400               	retlw	0
   870  08A4                     STR_11:
   871  08A4  3451               	retlw	81	;'Q'
   872  08A5  3432               	retlw	50	;'2'
   873  08A6  343A               	retlw	58	;':'
   874  08A7  3400               	retlw	0
   875  08A8                     STR_2:
   876  08A8  3454               	retlw	84	;'T'
   877  08A9  343A               	retlw	58	;':'
   878  08AA  3400               	retlw	0
   879  0833                     
   880                           	psect	cinit
   881  07C5                     start_initialization:	
   882                           ; #config settings
   883                           
   884  07C5                     __initialization:
   885                           
   886                           ; Initialize objects allocated to BANK1
   887  07C5  1683               	bsf	3,5	;RP0=1, select bank1
   888  07C6  160A  158A  21A3  120A  118A  	fcall	__pidataBANK1	;fetch initializer
   889  07CB  00E8               	movwf	__pdataBANK1& (0+127)
   890  07CC  160A  158A  21A4  120A  118A  	fcall	__pidataBANK1+1	;fetch initializer
   891  07D1  00E9               	movwf	(__pdataBANK1+1)& (0+127)
   892  07D2  160A  158A  21A5  120A  118A  	fcall	__pidataBANK1+2	;fetch initializer
   893  07D7  00EA               	movwf	(__pdataBANK1+2)& (0+127)
   894  07D8  160A  158A  21A6  120A  118A  	fcall	__pidataBANK1+3	;fetch initializer
   895  07DD  00EB               	movwf	(__pdataBANK1+3)& (0+127)
   896  07DE  160A  158A  21A7  120A  118A  	fcall	__pidataBANK1+4	;fetch initializer
   897  07E3  00EC               	movwf	(__pdataBANK1+4)& (0+127)
   898  07E4  160A  158A  21A8  120A  118A  	fcall	__pidataBANK1+5	;fetch initializer
   899  07E9  00ED               	movwf	(__pdataBANK1+5)& (0+127)
   900                           
   901                           ; Clear objects allocated to BANK3
   902  07EA  1783               	bsf	3,7	;select IRP bank2
   903  07EB  3090               	movlw	low __pbssBANK3
   904  07EC  0084               	movwf	4
   905  07ED  30ED               	movlw	low (__pbssBANK3+93)
   906  07EE  160A  158A  21A9  120A  118A  	fcall	clear_ram0
   907                           
   908                           ; Clear objects allocated to BANK1
   909  07F3  1383               	bcf	3,7	;select IRP bank0
   910  07F4  30DF               	movlw	low __pbssBANK1
   911  07F5  0084               	movwf	4
   912  07F6  30E8               	movlw	low (__pbssBANK1+9)
   913  07F7  160A  158A  21A9   	fcall	clear_ram0
   914                           
   915                           ; Clear objects allocated to BANK0
   916  07FA  1283               	bcf	3,5	;RP0=0, select bank0
   917  07FB  01EF               	clrf	__pbssBANK0& (0+127)
   918  07FC                     end_of_initialization:	
   919                           ;End of C runtime variable initialization code
   920                           
   921  07FC                     __end_of__initialization:
   922  07FC  0183               	clrf	3
   923  07FD  120A  118A  2A00   	ljmp	_main	;jump to C main() function
   924                           
   925                           	psect	bssBANK0
   926  006F                     __pbssBANK0:
   927  006F                     _temp_buffer_idx:
   928  006F                     	ds	1
   929                           
   930                           	psect	bssBANK1
   931  00DF                     __pbssBANK1:
   932  00DF                     _fat32:
   933  00DF                     	ds	8
   934  00E7                     _temp_buffer_full:
   935  00E7                     	ds	1
   936                           
   937                           	psect	dataBANK1
   938  00E8                     __pdataBANK1:
   939  00E8                     _data_sector:
   940  00E8                     	ds	4
   941  00EC                     main@last_min:
   942  00EC                     	ds	1
   943  00ED                     read_button_press@last_button:
   944  00ED                     	ds	1
   945                           
   946                           	psect	bssBANK3
   947  0190                     __pbssBANK3:
   948  0190                     _temp_stats:
   949  0190                     	ds	29
   950  01AD                     _temp_buffer:
   951  01AD                     	ds	24
   952  01C5                     _csv:
   953  01C5                     	ds	40
   954                           
   955                           	psect	clrtext
   956  19A9                     clear_ram0:	
   957                           ;	Called with FSR containing the base address, and
   958                           ;	W with the last address+1
   959                           
   960  19A9  0064               	clrwdt	;clear the watchdog before getting into this loop
   961  19AA                     clrloop0:
   962  19AA  0180               	clrf	0	;clear RAM location pointed to by FSR
   963  19AB  0A84               	incf	4,f	;increment pointer
   964  19AC  0604               	xorwf	4,w	;XOR with final address
   965  19AD  1903               	btfsc	3,2	;have we reached the end yet?
   966  19AE  3400               	retlw	0	;all done for this memory range, return
   967  19AF  0604               	xorwf	4,w	;XOR again to restore value
   968  19B0  29AA               	goto	clrloop0	;do the next byte
   969                           
   970                           	psect	cstackBANK1
   971  00A0                     __pcstackBANK1:
   972  00A0                     ??___fltol:
   973  00A0                     calculate_temp_stats@sorted:	
   974                           ; 1 bytes @ 0x0
   975                           
   976                           
   977                           ; 24 bytes @ 0x0
   978  00A0                     	ds	5
   979  00A5                     ?_pf:
   980  00A5                     pf@f:	
   981                           ; 1 bytes @ 0x5
   982                           
   983                           
   984                           ; 4 bytes @ 0x5
   985  00A5                     	ds	4
   986  00A9                     _pf$226:
   987                           
   988                           ; 4 bytes @ 0x9
   989  00A9                     	ds	4
   990  00AD                     pf@v:
   991                           
   992                           ; 2 bytes @ 0xD
   993  00AD                     	ds	2
   994  00AF                     ?_display_main_screen:
   995  00AF                     display_main_screen@temp:	
   996                           ; 1 bytes @ 0xF
   997                           
   998                           
   999                           ; 4 bytes @ 0xF
  1000  00AF                     	ds	4
  1001  00B3                     display_main_screen@hum:
  1002                           
  1003                           ; 4 bytes @ 0x13
  1004  00B3                     	ds	5
  1005  00B8                     _calculate_temp_stats$237:
  1006                           
  1007                           ; 2 bytes @ 0x18
  1008  00B8                     	ds	2
  1009  00BA                     calculate_temp_stats@sum:
  1010                           
  1011                           ; 4 bytes @ 0x1A
  1012  00BA                     	ds	4
  1013  00BE                     calculate_temp_stats@n:
  1014                           
  1015                           ; 1 bytes @ 0x1E
  1016  00BE                     	ds	1
  1017  00BF                     calculate_temp_stats@i:
  1018                           
  1019                           ; 1 bytes @ 0x1F
  1020  00BF                     	ds	1
  1021  00C0                     ??_main:
  1022                           
  1023                           ; 1 bytes @ 0x20
  1024  00C0                     	ds	3
  1025  00C3                     _main$327:
  1026                           
  1027                           ; 4 bytes @ 0x23
  1028  00C3                     	ds	4
  1029  00C7                     main@dht_ok:
  1030                           
  1031                           ; 1 bytes @ 0x27
  1032  00C7                     	ds	1
  1033  00C8                     main@cnt:
  1034                           
  1035                           ; 1 bytes @ 0x28
  1036  00C8                     	ds	1
  1037  00C9                     main@sd:
  1038                           
  1039                           ; 1 bytes @ 0x29
  1040  00C9                     	ds	1
  1041  00CA                     main@h10:
  1042                           
  1043                           ; 2 bytes @ 0x2A
  1044  00CA                     	ds	2
  1045  00CC                     main@temp_int:
  1046                           
  1047                           ; 2 bytes @ 0x2C
  1048  00CC                     	ds	2
  1049  00CE                     main@view_mode:
  1050                           
  1051                           ; 1 bytes @ 0x2E
  1052  00CE                     	ds	1
  1053  00CF                     main@hum:
  1054                           
  1055                           ; 4 bytes @ 0x2F
  1056  00CF                     	ds	4
  1057  00D3                     main@temp:
  1058                           
  1059                           ; 4 bytes @ 0x33
  1060  00D3                     	ds	4
  1061  00D7                     main@t:
  1062                           
  1063                           ; 7 bytes @ 0x37
  1064  00D7                     	ds	7
  1065  00DE                     main@p:
  1066                           
  1067                           ; 1 bytes @ 0x3E
  1068  00DE                     	ds	1
  1069                           
  1070                           	psect	cstackCOMMON
  1071  0070                     __pcstackCOMMON:
  1072  0070                     ?___flge:
  1073  0070                     ?_Lcd_Write_Char:	
  1074                           ; 1 bit 
  1075                           
  1076  0070                     ?_Lcd_Write_String:	
  1077                           ; 1 bytes @ 0x0
  1078                           
  1079  0070                     ?_Lcd_Init:	
  1080                           ; 1 bytes @ 0x0
  1081                           
  1082  0070                     ?_Lcd_Clear:	
  1083                           ; 1 bytes @ 0x0
  1084                           
  1085  0070                     ?_DS3231_Init:	
  1086                           ; 1 bytes @ 0x0
  1087                           
  1088  0070                     ?_SD_Init:	
  1089                           ; 1 bytes @ 0x0
  1090                           
  1091  0070                     ?_FAT32_Init:	
  1092                           ; 1 bytes @ 0x0
  1093                           
  1094  0070                     ??_FAT32_Init:	
  1095                           ; 1 bytes @ 0x0
  1096                           
  1097  0070                     ?_DS3231_ReadTime:	
  1098                           ; 1 bytes @ 0x0
  1099                           
  1100  0070                     ?_DHT22_init:	
  1101                           ; 1 bytes @ 0x0
  1102                           
  1103  0070                     ??_DHT22_init:	
  1104                           ; 1 bytes @ 0x0
  1105                           
  1106  0070                     ?_p2:	
  1107                           ; 1 bytes @ 0x0
  1108                           
  1109  0070                     ?_calculate_temp_stats:	
  1110                           ; 1 bytes @ 0x0
  1111                           
  1112  0070                     ?_display_stats_screen:	
  1113                           ; 1 bytes @ 0x0
  1114                           
  1115  0070                     ?_display_quartiles_screen:	
  1116                           ; 1 bytes @ 0x0
  1117                           
  1118  0070                     ?_read_button_press:	
  1119                           ; 1 bytes @ 0x0
  1120                           
  1121  0070                     ??_read_button_press:	
  1122                           ; 1 bytes @ 0x0
  1123                           
  1124  0070                     ?_main:	
  1125                           ; 1 bytes @ 0x0
  1126                           
  1127  0070                     ?_Lcd_Port:	
  1128                           ; 1 bytes @ 0x0
  1129                           
  1130  0070                     ??_Lcd_Port:	
  1131                           ; 1 bytes @ 0x0
  1132                           
  1133  0070                     ?_Lcd_Cmd:	
  1134                           ; 1 bytes @ 0x0
  1135                           
  1136  0070                     ?_SDA_release:	
  1137                           ; 1 bytes @ 0x0
  1138                           
  1139  0070                     ??_SDA_release:	
  1140                           ; 1 bytes @ 0x0
  1141                           
  1142  0070                     ?_SDA_drive0:	
  1143                           ; 1 bytes @ 0x0
  1144                           
  1145  0070                     ??_SDA_drive0:	
  1146                           ; 1 bytes @ 0x0
  1147                           
  1148  0070                     ?_SCL_release:	
  1149                           ; 1 bytes @ 0x0
  1150                           
  1151  0070                     ??_SCL_release:	
  1152                           ; 1 bytes @ 0x0
  1153                           
  1154  0070                     ?_SCL_drive0:	
  1155                           ; 1 bytes @ 0x0
  1156                           
  1157  0070                     ??_SCL_drive0:	
  1158                           ; 1 bytes @ 0x0
  1159                           
  1160  0070                     ?_I2C_Init:	
  1161                           ; 1 bytes @ 0x0
  1162                           
  1163  0070                     ??_I2C_Init:	
  1164                           ; 1 bytes @ 0x0
  1165                           
  1166  0070                     ?_I2C_Start:	
  1167                           ; 1 bytes @ 0x0
  1168                           
  1169  0070                     ??_I2C_Start:	
  1170                           ; 1 bytes @ 0x0
  1171                           
  1172  0070                     ?_I2C_Stop:	
  1173                           ; 1 bytes @ 0x0
  1174                           
  1175  0070                     ??_I2C_Stop:	
  1176                           ; 1 bytes @ 0x0
  1177                           
  1178  0070                     ?_I2C_Write:	
  1179                           ; 1 bytes @ 0x0
  1180                           
  1181  0070                     ??_I2C_Write:	
  1182                           ; 1 bytes @ 0x0
  1183                           
  1184  0070                     ?_I2C_Read:	
  1185                           ; 1 bytes @ 0x0
  1186                           
  1187  0070                     ??_I2C_Read:	
  1188                           ; 1 bytes @ 0x0
  1189                           
  1190  0070                     ?_bcd2dec:	
  1191                           ; 1 bytes @ 0x0
  1192                           
  1193  0070                     ?_DS3231_IsPresent:	
  1194                           ; 1 bytes @ 0x0
  1195                           
  1196  0070                     ?_clr:	
  1197                           ; 1 bytes @ 0x0
  1198                           
  1199  0070                     ??_clr:	
  1200                           ; 1 bytes @ 0x0
  1201                           
  1202  0070                     ?_SD_SPI_Init:	
  1203                           ; 1 bytes @ 0x0
  1204                           
  1205  0070                     ??_SD_SPI_Init:	
  1206                           ; 1 bytes @ 0x0
  1207                           
  1208  0070                     ?_SD_SPI_Transfer:	
  1209                           ; 1 bytes @ 0x0
  1210                           
  1211  0070                     ??_SD_SPI_Transfer:	
  1212                           ; 1 bytes @ 0x0
  1213                           
  1214  0070                     ?___bmul:	
  1215                           ; 1 bytes @ 0x0
  1216                           
  1217  0070                     ?___lbdiv:	
  1218                           ; 1 bytes @ 0x0
  1219                           
  1220  0070                     ?___lbmod:	
  1221                           ; 1 bytes @ 0x0
  1222                           
  1223  0070                     ?__Umul8_16:	
  1224                           ; 1 bytes @ 0x0
  1225                           
  1226  0070                     ?___wmul:	
  1227                           ; 2 bytes @ 0x0
  1228                           
  1229  0070                     ?___lwdiv:	
  1230                           ; 2 bytes @ 0x0
  1231                           
  1232  0070                     ?___xxtofl:	
  1233                           ; 2 bytes @ 0x0
  1234                           
  1235  0070                     Lcd_Port@a:	
  1236                           ; 4 bytes @ 0x0
  1237                           
  1238  0070                     clr@t:	
  1239                           ; 1 bytes @ 0x0
  1240                           
  1241  0070                     ___bmul@multiplicand:	
  1242                           ; 1 bytes @ 0x0
  1243                           
  1244  0070                     ___lbdiv@divisor:	
  1245                           ; 1 bytes @ 0x0
  1246                           
  1247  0070                     ___lbmod@divisor:	
  1248                           ; 1 bytes @ 0x0
  1249                           
  1250  0070                     __Umul8_16@multiplicand:	
  1251                           ; 1 bytes @ 0x0
  1252                           
  1253  0070                     ___wmul@multiplier:	
  1254                           ; 1 bytes @ 0x0
  1255                           
  1256  0070                     ___lwdiv@divisor:	
  1257                           ; 2 bytes @ 0x0
  1258                           
  1259  0070                     ___flge@ff1:	
  1260                           ; 2 bytes @ 0x0
  1261                           
  1262  0070                     ___xxtofl@val:	
  1263                           ; 4 bytes @ 0x0
  1264                           
  1265                           
  1266                           ; 4 bytes @ 0x0
  1267  0070                     	ds	1
  1268  0071                     ??_Lcd_Write_Char:
  1269  0071                     ??_DS3231_Init:	
  1270                           ; 1 bytes @ 0x1
  1271                           
  1272  0071                     ??_Lcd_Cmd:	
  1273                           ; 1 bytes @ 0x1
  1274                           
  1275  0071                     ??___bmul:	
  1276                           ; 1 bytes @ 0x1
  1277                           
  1278  0071                     ??___lbdiv:	
  1279                           ; 1 bytes @ 0x1
  1280                           
  1281  0071                     ??___lbmod:	
  1282                           ; 1 bytes @ 0x1
  1283                           
  1284  0071                     I2C_Write@data:	
  1285                           ; 1 bytes @ 0x1
  1286                           
  1287  0071                     I2C_Read@ack:	
  1288                           ; 1 bytes @ 0x1
  1289                           
  1290                           
  1291                           ; 1 bytes @ 0x1
  1292  0071                     	ds	1
  1293  0072                     ??__Umul8_16:
  1294  0072                     read_button_press@current_button:	
  1295                           ; 1 bytes @ 0x2
  1296                           
  1297  0072                     I2C_Write@ack:	
  1298                           ; 1 bytes @ 0x2
  1299                           
  1300  0072                     I2C_Read@d:	
  1301                           ; 1 bytes @ 0x2
  1302                           
  1303  0072                     ___bmul@product:	
  1304                           ; 1 bytes @ 0x2
  1305                           
  1306  0072                     ___lbdiv@dividend:	
  1307                           ; 1 bytes @ 0x2
  1308                           
  1309  0072                     ___wmul@multiplicand:	
  1310                           ; 1 bytes @ 0x2
  1311                           
  1312  0072                     ___lwdiv@dividend:	
  1313                           ; 2 bytes @ 0x2
  1314                           
  1315                           
  1316                           ; 2 bytes @ 0x2
  1317  0072                     	ds	1
  1318  0073                     Lcd_Cmd@a:
  1319  0073                     Lcd_Write_Char@temp:	
  1320                           ; 1 bytes @ 0x3
  1321                           
  1322  0073                     I2C_Write@i:	
  1323                           ; 1 bytes @ 0x3
  1324                           
  1325  0073                     I2C_Read@i:	
  1326                           ; 1 bytes @ 0x3
  1327                           
  1328  0073                     ___bmul@multiplier:	
  1329                           ; 1 bytes @ 0x3
  1330                           
  1331  0073                     ___lbdiv@counter:	
  1332                           ; 1 bytes @ 0x3
  1333                           
  1334                           
  1335                           ; 1 bytes @ 0x3
  1336  0073                     	ds	1
  1337  0074                     ?_Lcd_Set_Cursor:
  1338  0074                     ??_Lcd_Init:	
  1339                           ; 1 bytes @ 0x4
  1340                           
  1341  0074                     ??_Lcd_Clear:	
  1342                           ; 1 bytes @ 0x4
  1343                           
  1344  0074                     ??_bcd2dec:	
  1345                           ; 1 bytes @ 0x4
  1346                           
  1347  0074                     ??_DS3231_IsPresent:	
  1348                           ; 1 bytes @ 0x4
  1349                           
  1350  0074                     ??___wmul:	
  1351                           ; 1 bytes @ 0x4
  1352                           
  1353  0074                     ??___lwdiv:	
  1354                           ; 1 bytes @ 0x4
  1355                           
  1356  0074                     ??___xxtofl:	
  1357                           ; 1 bytes @ 0x4
  1358                           
  1359  0074                     Lcd_Set_Cursor@b:	
  1360                           ; 1 bytes @ 0x4
  1361                           
  1362  0074                     Lcd_Write_Char@y:	
  1363                           ; 1 bytes @ 0x4
  1364                           
  1365  0074                     SD_SPI_Transfer@data:	
  1366                           ; 1 bytes @ 0x4
  1367                           
  1368  0074                     ___lbdiv@quotient:	
  1369                           ; 1 bytes @ 0x4
  1370                           
  1371  0074                     ___lbmod@dividend:	
  1372                           ; 1 bytes @ 0x4
  1373                           
  1374  0074                     ___wmul@product:	
  1375                           ; 1 bytes @ 0x4
  1376                           
  1377  0074                     __Umul8_16@product:	
  1378                           ; 2 bytes @ 0x4
  1379                           
  1380  0074                     ___flge@ff2:	
  1381                           ; 2 bytes @ 0x4
  1382                           
  1383                           
  1384                           ; 4 bytes @ 0x4
  1385  0074                     	ds	1
  1386  0075                     ??_Lcd_Set_Cursor:
  1387  0075                     Lcd_Write_Char@a:	
  1388                           ; 1 bytes @ 0x5
  1389                           
  1390  0075                     DS3231_IsPresent@ok:	
  1391                           ; 1 bytes @ 0x5
  1392                           
  1393  0075                     SD_SPI_Transfer@i:	
  1394                           ; 1 bytes @ 0x5
  1395                           
  1396  0075                     ___lbmod@counter:	
  1397                           ; 1 bytes @ 0x5
  1398                           
  1399  0075                     ___lwdiv@quotient:	
  1400                           ; 1 bytes @ 0x5
  1401                           
  1402                           
  1403                           ; 2 bytes @ 0x5
  1404  0075                     	ds	1
  1405  0076                     ??_Lcd_Write_String:
  1406  0076                     ?___awdiv:	
  1407                           ; 1 bytes @ 0x6
  1408                           
  1409  0076                     SD_SPI_Transfer@result:	
  1410                           ; 2 bytes @ 0x6
  1411                           
  1412  0076                     ___lbmod@rem:	
  1413                           ; 1 bytes @ 0x6
  1414                           
  1415  0076                     Lcd_Write_String@i:	
  1416                           ; 1 bytes @ 0x6
  1417                           
  1418  0076                     ___awdiv@divisor:	
  1419                           ; 2 bytes @ 0x6
  1420                           
  1421  0076                     __Umul8_16@word_mpld:	
  1422                           ; 2 bytes @ 0x6
  1423                           
  1424                           
  1425                           ; 2 bytes @ 0x6
  1426  0076                     	ds	1
  1427  0077                     ??_p2:
  1428  0077                     ?_SD_Cmd:	
  1429                           ; 1 bytes @ 0x7
  1430                           
  1431  0077                     Lcd_Set_Cursor@a:	
  1432                           ; 1 bytes @ 0x7
  1433                           
  1434  0077                     bcd2dec@b:	
  1435                           ; 1 bytes @ 0x7
  1436                           
  1437  0077                     ___lwdiv@counter:	
  1438                           ; 1 bytes @ 0x7
  1439                           
  1440  0077                     SD_Cmd@arg:	
  1441                           ; 1 bytes @ 0x7
  1442                           
  1443                           
  1444                           ; 4 bytes @ 0x7
  1445  0077                     	ds	1
  1446  0078                     ??_DS3231_ReadTime:
  1447  0078                     ??___flge:	
  1448                           ; 1 bytes @ 0x8
  1449                           
  1450  0078                     ?___lwmod:	
  1451                           ; 1 bytes @ 0x8
  1452                           
  1453  0078                     p2@v:	
  1454                           ; 2 bytes @ 0x8
  1455                           
  1456  0078                     Lcd_Set_Cursor@z:	
  1457                           ; 1 bytes @ 0x8
  1458                           
  1459  0078                     Lcd_Write_String@a:	
  1460                           ; 1 bytes @ 0x8
  1461                           
  1462  0078                     __Umul8_16@multiplier:	
  1463                           ; 1 bytes @ 0x8
  1464                           
  1465  0078                     ___xxtofl@sign:	
  1466                           ; 1 bytes @ 0x8
  1467                           
  1468  0078                     ___awdiv@dividend:	
  1469                           ; 1 bytes @ 0x8
  1470                           
  1471  0078                     ___lwmod@divisor:	
  1472                           ; 2 bytes @ 0x8
  1473                           
  1474                           
  1475                           ; 2 bytes @ 0x8
  1476  0078                     	ds	1
  1477  0079                     Lcd_Set_Cursor@y:
  1478  0079                     DS3231_ReadTime@r:	
  1479                           ; 1 bytes @ 0x9
  1480                           
  1481  0079                     ___xxtofl@exp:	
  1482                           ; 1 bytes @ 0x9
  1483                           
  1484                           
  1485                           ; 1 bytes @ 0x9
  1486  0079                     	ds	1
  1487  007A                     ??___awdiv:
  1488  007A                     Lcd_Set_Cursor@temp:	
  1489                           ; 1 bytes @ 0xA
  1490                           
  1491  007A                     DS3231_ReadTime@time:	
  1492                           ; 1 bytes @ 0xA
  1493                           
  1494  007A                     ___lwmod@dividend:	
  1495                           ; 1 bytes @ 0xA
  1496                           
  1497  007A                     ___xxtofl@arg:	
  1498                           ; 2 bytes @ 0xA
  1499                           
  1500                           
  1501                           ; 4 bytes @ 0xA
  1502  007A                     	ds	1
  1503  007B                     ??_SD_Cmd:
  1504  007B                     ??___awmod:	
  1505                           ; 1 bytes @ 0xB
  1506                           
  1507                           
  1508                           ; 1 bytes @ 0xB
  1509  007B                     	ds	1
  1510  007C                     ??_SD_Init:
  1511  007C                     ?_FAT32_AppendLine:	
  1512                           ; 1 bytes @ 0xC
  1513                           
  1514  007C                     ?_sort_temps:	
  1515                           ; 1 bytes @ 0xC
  1516                           
  1517  007C                     ??___lwmod:	
  1518                           ; 1 bytes @ 0xC
  1519                           
  1520  007C                     sort_temps@n:	
  1521                           ; 1 bytes @ 0xC
  1522                           
  1523  007C                     ___awmod@counter:	
  1524                           ; 1 bytes @ 0xC
  1525                           
  1526  007C                     FAT32_AppendLine@line:	
  1527                           ; 1 bytes @ 0xC
  1528                           
  1529                           
  1530                           ; 2 bytes @ 0xC
  1531  007C                     	ds	1
  1532  007D                     ___awmod@sign:
  1533  007D                     ___lwmod@counter:	
  1534                           ; 1 bytes @ 0xD
  1535                           
  1536                           
  1537                           ; 1 bytes @ 0xD
  1538  007D                     	ds	1
  1539  007E                     ??_pf:
  1540  007E                     ??_display_main_screen:	
  1541                           ; 1 bytes @ 0xE
  1542                           
  1543  007E                     ??_display_stats_screen:	
  1544                           ; 1 bytes @ 0xE
  1545                           
  1546  007E                     ??_display_quartiles_screen:	
  1547                           ; 1 bytes @ 0xE
  1548                           
  1549                           
  1550                           	psect	cstackBANK0
  1551  0020                     __pcstackBANK0:	
  1552                           ; 1 bytes @ 0xE
  1553                           
  1554  0020                     ??_sort_temps:
  1555  0020                     ?___fldiv:	
  1556                           ; 1 bytes @ 0x0
  1557                           
  1558  0020                     SD_Cmd@crc:	
  1559                           ; 4 bytes @ 0x0
  1560                           
  1561  0020                     ___awdiv@counter:	
  1562                           ; 1 bytes @ 0x0
  1563                           
  1564  0020                     ___fldiv@a:	
  1565                           ; 1 bytes @ 0x0
  1566                           
  1567                           
  1568                           ; 4 bytes @ 0x0
  1569  0020                     	ds	1
  1570  0021                     SD_Cmd@r:
  1571  0021                     ___awdiv@sign:	
  1572                           ; 1 bytes @ 0x1
  1573                           
  1574                           
  1575                           ; 1 bytes @ 0x1
  1576  0021                     	ds	1
  1577  0022                     SD_Cmd@i:
  1578  0022                     ___awdiv@quotient:	
  1579                           ; 1 bytes @ 0x2
  1580                           
  1581                           
  1582                           ; 2 bytes @ 0x2
  1583  0022                     	ds	1
  1584  0023                     SD_Cmd@cmd:
  1585                           
  1586                           ; 1 bytes @ 0x3
  1587  0023                     	ds	1
  1588  0024                     ?_SD_WriteBytes:
  1589  0024                     ?___awmod:	
  1590                           ; 1 bytes @ 0x4
  1591                           
  1592  0024                     SD_Init@r:	
  1593                           ; 2 bytes @ 0x4
  1594                           
  1595  0024                     ___awmod@divisor:	
  1596                           ; 1 bytes @ 0x4
  1597                           
  1598  0024                     SD_WriteBytes@sector:	
  1599                           ; 2 bytes @ 0x4
  1600                           
  1601  0024                     ___fldiv@b:	
  1602                           ; 4 bytes @ 0x4
  1603                           
  1604                           
  1605                           ; 4 bytes @ 0x4
  1606  0024                     	ds	1
  1607  0025                     SD_Init@i:
  1608                           
  1609                           ; 1 bytes @ 0x5
  1610  0025                     	ds	1
  1611  0026                     SD_Init@retry:
  1612  0026                     ___awmod@dividend:	
  1613                           ; 2 bytes @ 0x6
  1614                           
  1615                           
  1616                           ; 2 bytes @ 0x6
  1617  0026                     	ds	2
  1618  0028                     ?_add_temp_to_buffer:
  1619  0028                     ??___fldiv:	
  1620                           ; 1 bytes @ 0x8
  1621                           
  1622  0028                     SD_WriteBytes@offset:	
  1623                           ; 1 bytes @ 0x8
  1624                           
  1625  0028                     add_temp_to_buffer@temp:	
  1626                           ; 2 bytes @ 0x8
  1627                           
  1628  0028                     sort_temps@temp:	
  1629                           ; 4 bytes @ 0x8
  1630                           
  1631                           
  1632                           ; 4 bytes @ 0x8
  1633  0028                     	ds	2
  1634  002A                     SD_WriteBytes@buf:
  1635                           
  1636                           ; 2 bytes @ 0xA
  1637  002A                     	ds	2
  1638  002C                     ??_add_temp_to_buffer:
  1639  002C                     sort_temps@i:	
  1640                           ; 1 bytes @ 0xC
  1641                           
  1642  002C                     SD_WriteBytes@len:	
  1643                           ; 1 bytes @ 0xC
  1644                           
  1645                           
  1646                           ; 1 bytes @ 0xC
  1647  002C                     	ds	1
  1648  002D                     ??_SD_WriteBytes:
  1649  002D                     sort_temps@arr:	
  1650                           ; 1 bytes @ 0xD
  1651                           
  1652  002D                     ___fldiv@rem:	
  1653                           ; 1 bytes @ 0xD
  1654                           
  1655                           
  1656                           ; 4 bytes @ 0xD
  1657  002D                     	ds	1
  1658  002E                     sort_temps@j:
  1659                           
  1660                           ; 1 bytes @ 0xE
  1661  002E                     	ds	2
  1662  0030                     SD_WriteBytes@data_byte:
  1663                           
  1664                           ; 1 bytes @ 0x10
  1665  0030                     	ds	1
  1666  0031                     SD_WriteBytes@resp:
  1667  0031                     ___fldiv@sign:	
  1668                           ; 1 bytes @ 0x11
  1669                           
  1670                           
  1671                           ; 1 bytes @ 0x11
  1672  0031                     	ds	1
  1673  0032                     SD_WriteBytes@i:
  1674  0032                     ___fldiv@new_exp:	
  1675                           ; 2 bytes @ 0x12
  1676                           
  1677                           
  1678                           ; 2 bytes @ 0x12
  1679  0032                     	ds	2
  1680  0034                     ??_FAT32_AppendLine:
  1681  0034                     ___fldiv@grs:	
  1682                           ; 1 bytes @ 0x14
  1683                           
  1684                           
  1685                           ; 4 bytes @ 0x14
  1686  0034                     	ds	1
  1687  0035                     FAT32_AppendLine@filename:
  1688                           
  1689                           ; 1 bytes @ 0x15
  1690  0035                     	ds	1
  1691  0036                     FAT32_AppendLine@len:
  1692                           
  1693                           ; 1 bytes @ 0x16
  1694  0036                     	ds	2
  1695  0038                     ___fldiv@bexp:
  1696                           
  1697                           ; 1 bytes @ 0x18
  1698  0038                     	ds	1
  1699  0039                     ___fldiv@aexp:
  1700                           
  1701                           ; 1 bytes @ 0x19
  1702  0039                     	ds	1
  1703  003A                     ?___flmul:
  1704  003A                     ___flmul@b:	
  1705                           ; 4 bytes @ 0x1A
  1706                           
  1707                           
  1708                           ; 4 bytes @ 0x1A
  1709  003A                     	ds	4
  1710  003E                     ___flmul@a:
  1711                           
  1712                           ; 4 bytes @ 0x1E
  1713  003E                     	ds	4
  1714  0042                     ??___flmul:
  1715                           
  1716                           ; 1 bytes @ 0x22
  1717  0042                     	ds	5
  1718  0047                     ___flmul@sign:
  1719                           
  1720                           ; 1 bytes @ 0x27
  1721  0047                     	ds	1
  1722  0048                     ___flmul@aexp:
  1723                           
  1724                           ; 1 bytes @ 0x28
  1725  0048                     	ds	1
  1726  0049                     ___flmul@grs:
  1727                           
  1728                           ; 4 bytes @ 0x29
  1729  0049                     	ds	4
  1730  004D                     ___flmul@bexp:
  1731                           
  1732                           ; 1 bytes @ 0x2D
  1733  004D                     	ds	1
  1734  004E                     ___flmul@prod:
  1735                           
  1736                           ; 4 bytes @ 0x2E
  1737  004E                     	ds	4
  1738  0052                     ___flmul@temp:
  1739                           
  1740                           ; 2 bytes @ 0x32
  1741  0052                     	ds	2
  1742  0054                     ?_DHT22_read:
  1743  0054                     ?___fladd:	
  1744                           ; 1 bytes @ 0x34
  1745                           
  1746  0054                     DHT22_read@dht_humedad:	
  1747                           ; 4 bytes @ 0x34
  1748                           
  1749  0054                     ___fladd@b:	
  1750                           ; 1 bytes @ 0x34
  1751                           
  1752                           
  1753                           ; 4 bytes @ 0x34
  1754  0054                     	ds	1
  1755  0055                     ??_DHT22_read:
  1756                           
  1757                           ; 1 bytes @ 0x35
  1758  0055                     	ds	3
  1759  0058                     ___fladd@a:
  1760                           
  1761                           ; 4 bytes @ 0x38
  1762  0058                     	ds	1
  1763  0059                     DHT22_read@rawhumidity:
  1764                           
  1765                           ; 2 bytes @ 0x39
  1766  0059                     	ds	2
  1767  005B                     DHT22_read@result:
  1768                           
  1769                           ; 1 bytes @ 0x3B
  1770  005B                     	ds	1
  1771  005C                     ??___fladd:
  1772  005C                     DHT22_read@bits:	
  1773                           ; 1 bytes @ 0x3C
  1774                           
  1775                           
  1776                           ; 5 bytes @ 0x3C
  1777  005C                     	ds	5
  1778  0061                     DHT22_read@dht_temperatura:
  1779                           
  1780                           ; 1 bytes @ 0x41
  1781  0061                     	ds	1
  1782  0062                     DHT22_read@rawtemperature:
  1783                           
  1784                           ; 2 bytes @ 0x42
  1785  0062                     	ds	2
  1786  0064                     DHT22_read@i:
  1787  0064                     ___fladd@signs:	
  1788                           ; 1 bytes @ 0x44
  1789                           
  1790                           
  1791                           ; 1 bytes @ 0x44
  1792  0064                     	ds	1
  1793  0065                     DHT22_read@j:
  1794  0065                     ___fladd@aexp:	
  1795                           ; 1 bytes @ 0x45
  1796                           
  1797                           
  1798                           ; 1 bytes @ 0x45
  1799  0065                     	ds	1
  1800  0066                     ___fladd@bexp:
  1801                           
  1802                           ; 1 bytes @ 0x46
  1803  0066                     	ds	1
  1804  0067                     ___fladd@grs:
  1805                           
  1806                           ; 1 bytes @ 0x47
  1807  0067                     	ds	1
  1808  0068                     ??_calculate_temp_stats:
  1809  0068                     ?___fltol:	
  1810                           ; 1 bytes @ 0x48
  1811                           
  1812  0068                     ___fltol@f1:	
  1813                           ; 4 bytes @ 0x48
  1814                           
  1815                           
  1816                           ; 4 bytes @ 0x48
  1817  0068                     	ds	4
  1818  006C                     ___fltol@sign1:
  1819                           
  1820                           ; 1 bytes @ 0x4C
  1821  006C                     	ds	1
  1822  006D                     ___fltol@exp1:
  1823                           
  1824                           ; 1 bytes @ 0x4D
  1825  006D                     	ds	1
  1826  006E                     display_main_screen@t:
  1827                           
  1828                           ; 1 bytes @ 0x4E
  1829  006E                     	ds	1
  1830                           
  1831                           	psect	maintext
  1832  0200                     __pmaintext:	
  1833 ;;
  1834 ;;Main: autosize = 0, tempsize = 3, incstack = 0, save=0
  1835 ;;
  1836 ;; *************** function _main *****************
  1837 ;; Defined at:
  1838 ;;		line 200 in file "main.c"
  1839 ;; Parameters:    Size  Location     Type
  1840 ;;		None
  1841 ;; Auto vars:     Size  Location     Type
  1842 ;;  t               7   55[BANK1 ] struct .
  1843 ;;  temp            4   51[BANK1 ] float 
  1844 ;;  hum             4   47[BANK1 ] float 
  1845 ;;  temp_int        2   44[BANK1 ] int 
  1846 ;;  h10             2   42[BANK1 ] unsigned int 
  1847 ;;  p               1   62[BANK1 ] unsigned char 
  1848 ;;  view_mode       1   46[BANK1 ] unsigned char 
  1849 ;;  sd              1   41[BANK1 ] unsigned char 
  1850 ;;  cnt             1   40[BANK1 ] unsigned char 
  1851 ;;  dht_ok          1   39[BANK1 ] unsigned char 
  1852 ;;  stats_displa    1    0        unsigned char 
  1853 ;;  view_changed    1    0        unsigned char 
  1854 ;; Return value:  Size  Location     Type
  1855 ;;                  1    wreg      void 
  1856 ;; Registers used:
  1857 ;;		wreg, fsr0l, fsr0h, status,2, status,0, btemp+1, pclath, cstack
  1858 ;; Tracked objects:
  1859 ;;		On entry : B00/0
  1860 ;;		On exit  : 0/0
  1861 ;;		Unchanged: 0/0
  1862 ;; Data sizes:     COMMON   BANK0   BANK1   BANK3   BANK2
  1863 ;;      Params:         0       0       0       0       0
  1864 ;;      Locals:         0       0      28       0       0
  1865 ;;      Temps:          0       0       3       0       0
  1866 ;;      Totals:         0       0      31       0       0
  1867 ;;Total ram usage:       31 bytes
  1868 ;; Hardware stack levels required when called: 4
  1869 ;; This function calls:
  1870 ;;		_DHT22_init
  1871 ;;		_DHT22_read
  1872 ;;		_DS3231_Init
  1873 ;;		_DS3231_ReadTime
  1874 ;;		_FAT32_AppendLine
  1875 ;;		_FAT32_Init
  1876 ;;		_Lcd_Clear
  1877 ;;		_Lcd_Init
  1878 ;;		_Lcd_Set_Cursor
  1879 ;;		_Lcd_Write_Char
  1880 ;;		_Lcd_Write_String
  1881 ;;		_SD_Init
  1882 ;;		___awdiv
  1883 ;;		___awmod
  1884 ;;		___fladd
  1885 ;;		___flge
  1886 ;;		___flmul
  1887 ;;		___fltol
  1888 ;;		___lbdiv
  1889 ;;		___lbmod
  1890 ;;		___lwdiv
  1891 ;;		___lwmod
  1892 ;;		_add_temp_to_buffer
  1893 ;;		_calculate_temp_stats
  1894 ;;		_display_main_screen
  1895 ;;		_display_quartiles_screen
  1896 ;;		_display_stats_screen
  1897 ;;		_read_button_press
  1898 ;; This function is called by:
  1899 ;;		Startup code after reset
  1900 ;; This function uses a non-reentrant model
  1901 ;;
  1902                           
  1903                           
  1904                           ;psect for function _main
  1905  0200                     _main:
  1906                           
  1907                           ;main.c: 201:     DS3231_Time t;;main.c: 202:     float temp = 0, hum = 0;
  1908                           
  1909                           ;incstack = 0
  1910                           ; Regs used in _main: [wreg-fsr0h+status,2+status,0+btemp+1+pclath+cstack]
  1911  0200  3000               	movlw	0
  1912  0201  1683               	bsf	3,5	;RP0=1, select bank1
  1913  0202  00D6               	movwf	(main@temp+3)^(0+128)
  1914  0203  3000               	movlw	0
  1915  0204  00D5               	movwf	(main@temp+2)^(0+128)
  1916  0205  3000               	movlw	0
  1917  0206  00D4               	movwf	(main@temp+1)^(0+128)
  1918  0207  3000               	movlw	0
  1919  0208  00D3               	movwf	main@temp^(0+128)
  1920  0209  3000               	movlw	0
  1921  020A  00D2               	movwf	(main@hum+3)^(0+128)
  1922  020B  3000               	movlw	0
  1923  020C  00D1               	movwf	(main@hum+2)^(0+128)
  1924  020D  3000               	movlw	0
  1925  020E  00D0               	movwf	(main@hum+1)^(0+128)
  1926  020F  3000               	movlw	0
  1927  0210  00CF               	movwf	main@hum^(0+128)
  1928                           
  1929                           ;main.c: 203:     uint8_t sd = 0, p, cnt = 0, dht_ok = 0;
  1930  0211  01C9               	clrf	main@sd^(0+128)
  1931  0212  01C8               	clrf	main@cnt^(0+128)
  1932                           
  1933                           ;main.c: 207:     uint16_t h10;;main.c: 208:     int16_t temp_int;;main.c: 209:     stat
      +                          ic uint8_t last_min = 0xFF;;main.c: 211:     ANSEL = 0x00;
  1934  0213  1703               	bsf	3,6	;RP1=1, select bank3
  1935  0214  0188               	clrf	8	;volatile
  1936                           
  1937                           ;main.c: 212:     ANSELH = 0x00;
  1938  0215  0189               	clrf	9	;volatile
  1939                           
  1940                           ;main.c: 215:     TRISAbits.TRISA2 = 1;
  1941  0216  1303               	bcf	3,6	;RP1=0, select bank1
  1942  0217  1505               	bsf	5,2	;volatile
  1943                           
  1944                           ;main.c: 218:     Lcd_Init();
  1945  0218  160A  158A  2775  120A  118A  	fcall	_Lcd_Init
  1946                           
  1947                           ;main.c: 219:     Lcd_Clear();
  1948  021D  160A  158A  2235  120A  118A  	fcall	_Lcd_Clear
  1949                           
  1950                           ;main.c: 220:     Lcd_Set_Cursor(1, 1);
  1951  0222  01F4               	clrf	Lcd_Set_Cursor@b
  1952  0223  0AF4               	incf	Lcd_Set_Cursor@b,f
  1953  0224  3001               	movlw	1
  1954  0225  160A  158A  23B0  120A  118A  	fcall	_Lcd_Set_Cursor
  1955                           
  1956                           ;main.c: 221:     Lcd_Write_String("Init Sensors");
  1957  022A  3044               	movlw	(low ((STR_13-__stringbase)| (0+32768)))& (0+255)
  1958  022B  160A  158A  2323  120A  118A  	fcall	_Lcd_Write_String
  1959                           
  1960                           ;main.c: 223:     DHT22_init();
  1961  0230  160A  158A  21F6  120A  118A  	fcall	_DHT22_init
  1962                           
  1963                           ;main.c: 224:     DS3231_Init();
  1964  0235  160A  158A  21C8  120A  118A  	fcall	_DS3231_Init
  1965                           
  1966                           ;main.c: 225:     _delay((unsigned long)((100)*(20000000/4000.0)));
  1967  023A  3003               	movlw	3
  1968  023B  1683               	bsf	3,5	;RP0=1, select bank1
  1969  023C  1303               	bcf	3,6	;RP1=0, select bank1
  1970  023D  00C2               	movwf	(??_main^(0+128)+2)
  1971  023E  308A               	movlw	138
  1972  023F  00C1               	movwf	(??_main^(0+128)+1)
  1973  0240  3055               	movlw	85
  1974  0241  00C0               	movwf	??_main^(0+128)
  1975  0242                     u6097:
  1976  0242  0BC0               	decfsz	??_main^(0+128),f
  1977  0243  2A42               	goto	u6097
  1978  0244  0BC1               	decfsz	(??_main^(0+128)+1),f
  1979  0245  2A42               	goto	u6097
  1980  0246  0BC2               	decfsz	(??_main^(0+128)+2),f
  1981  0247  2A42               	goto	u6097
  1982                           
  1983                           ;main.c: 227:     Lcd_Set_Cursor(2, 1);
  1984  0248  01F4               	clrf	Lcd_Set_Cursor@b
  1985  0249  0AF4               	incf	Lcd_Set_Cursor@b,f
  1986  024A  3002               	movlw	2
  1987  024B  160A  158A  23B0  120A  118A  	fcall	_Lcd_Set_Cursor
  1988                           
  1989                           ;main.c: 228:     Lcd_Write_String("Init SD...");
  1990  0250  3051               	movlw	(low ((STR_14-__stringbase)| (0+32768)))& (0+255)
  1991  0251  160A  158A  2323  120A  118A  	fcall	_Lcd_Write_String
  1992                           
  1993                           ;main.c: 229:     _delay((unsigned long)((100)*(20000000/4000.0)));
  1994  0256  3003               	movlw	3
  1995  0257  1683               	bsf	3,5	;RP0=1, select bank1
  1996  0258  1303               	bcf	3,6	;RP1=0, select bank1
  1997  0259  00C2               	movwf	(??_main^(0+128)+2)
  1998  025A  308A               	movlw	138
  1999  025B  00C1               	movwf	(??_main^(0+128)+1)
  2000  025C  3055               	movlw	85
  2001  025D  00C0               	movwf	??_main^(0+128)
  2002  025E                     u6107:
  2003  025E  0BC0               	decfsz	??_main^(0+128),f
  2004  025F  2A5E               	goto	u6107
  2005  0260  0BC1               	decfsz	(??_main^(0+128)+1),f
  2006  0261  2A5E               	goto	u6107
  2007  0262  0BC2               	decfsz	(??_main^(0+128)+2),f
  2008  0263  2A5E               	goto	u6107
  2009                           
  2010                           ;main.c: 231:     if(SD_Init()) {
  2011  0264  160A  118A  220F  120A  118A  	fcall	_SD_Init
  2012  0269  3A00               	xorlw	0
  2013  026A  1903               	skipnz
  2014  026B  2AB8               	goto	l4419
  2015                           
  2016                           ;main.c: 232:         _delay((unsigned long)((50)*(20000000/4000.0)));
  2017  026C  3002               	movlw	2
  2018  026D  1683               	bsf	3,5	;RP0=1, select bank1
  2019  026E  1303               	bcf	3,6	;RP1=0, select bank1
  2020  026F  00C2               	movwf	(??_main^(0+128)+2)
  2021  0270  3045               	movlw	69
  2022  0271  00C1               	movwf	(??_main^(0+128)+1)
  2023  0272  30A9               	movlw	169
  2024  0273  00C0               	movwf	??_main^(0+128)
  2025  0274                     u6117:
  2026  0274  0BC0               	decfsz	??_main^(0+128),f
  2027  0275  2A74               	goto	u6117
  2028  0276  0BC1               	decfsz	(??_main^(0+128)+1),f
  2029  0277  2A74               	goto	u6117
  2030  0278  0BC2               	decfsz	(??_main^(0+128)+2),f
  2031  0279  2A74               	goto	u6117
  2032                           
  2033                           ;main.c: 233:         if(FAT32_Init()) {
  2034  027A  160A  158A  21BC  120A  118A  	fcall	_FAT32_Init
  2035  027F  3A00               	xorlw	0
  2036  0280  1903               	skipnz
  2037  0281  2AB8               	goto	l4419
  2038                           
  2039                           ;main.c: 234:             sd = 1;
  2040  0282  01C9               	clrf	main@sd^(0+128)
  2041  0283  0AC9               	incf	main@sd^(0+128),f
  2042                           
  2043                           ;main.c: 235:             Lcd_Set_Cursor(2, 1);
  2044  0284  01F4               	clrf	Lcd_Set_Cursor@b
  2045  0285  0AF4               	incf	Lcd_Set_Cursor@b,f
  2046  0286  3002               	movlw	2
  2047  0287  160A  158A  23B0  120A  118A  	fcall	_Lcd_Set_Cursor
  2048                           
  2049                           ;main.c: 236:             Lcd_Write_String("SD OK!        ");
  2050  028C  3017               	movlw	(low ((STR_15-__stringbase)| (0+32768)))& (0+255)
  2051  028D  160A  158A  2323  120A  118A  	fcall	_Lcd_Write_String
  2052                           
  2053                           ;main.c: 237:             _delay((unsigned long)((200)*(20000000/4000.0)));
  2054  0292  3006               	movlw	6
  2055  0293  1683               	bsf	3,5	;RP0=1, select bank1
  2056  0294  1303               	bcf	3,6	;RP1=0, select bank1
  2057  0295  00C2               	movwf	(??_main^(0+128)+2)
  2058  0296  3013               	movlw	19
  2059  0297  00C1               	movwf	(??_main^(0+128)+1)
  2060  0298  30AD               	movlw	173
  2061  0299  00C0               	movwf	??_main^(0+128)
  2062  029A                     u6127:
  2063  029A  0BC0               	decfsz	??_main^(0+128),f
  2064  029B  2A9A               	goto	u6127
  2065  029C  0BC1               	decfsz	(??_main^(0+128)+1),f
  2066  029D  2A9A               	goto	u6127
  2067  029E  0BC2               	decfsz	(??_main^(0+128)+2),f
  2068  029F  2A9A               	goto	u6127
  2069                           
  2070                           ;main.c: 240:             FAT32_AppendLine("DATA.TXT", "Fecha,Hora,Temp,Hum\r\n");
  2071  02A0  3001               	movlw	(low ((STR_17-__stringbase)| (0+32768)))& (0+255)
  2072  02A1  00FC               	movwf	FAT32_AppendLine@line
  2073  02A2  3080               	movlw	128
  2074  02A3  00FD               	movwf	FAT32_AppendLine@line+1
  2075  02A4  305C               	movlw	(low ((STR_16-__stringbase)| (0+32768)))& (0+255)
  2076  02A5  160A  158A  2528  120A  118A  	fcall	_FAT32_AppendLine
  2077                           
  2078                           ;main.c: 241:             _delay((unsigned long)((100)*(20000000/4000.0)));
  2079  02AA  3003               	movlw	3
  2080  02AB  1683               	bsf	3,5	;RP0=1, select bank1
  2081  02AC  1303               	bcf	3,6	;RP1=0, select bank1
  2082  02AD  00C2               	movwf	(??_main^(0+128)+2)
  2083  02AE  308A               	movlw	138
  2084  02AF  00C1               	movwf	(??_main^(0+128)+1)
  2085  02B0  3055               	movlw	85
  2086  02B1  00C0               	movwf	??_main^(0+128)
  2087  02B2                     u6137:
  2088  02B2  0BC0               	decfsz	??_main^(0+128),f
  2089  02B3  2AB2               	goto	u6137
  2090  02B4  0BC1               	decfsz	(??_main^(0+128)+1),f
  2091  02B5  2AB2               	goto	u6137
  2092  02B6  0BC2               	decfsz	(??_main^(0+128)+2),f
  2093  02B7  2AB2               	goto	u6137
  2094  02B8                     l4419:
  2095                           
  2096                           ;main.c: 245:     if(!sd) {
  2097  02B8  1683               	bsf	3,5	;RP0=1, select bank1
  2098  02B9  1303               	bcf	3,6	;RP1=0, select bank1
  2099  02BA  0849               	movf	main@sd^(0+128),w
  2100  02BB  1D03               	btfss	3,2
  2101  02BC  2ACB               	goto	l4425
  2102                           
  2103                           ;main.c: 246:         Lcd_Set_Cursor(2, 1);
  2104  02BD  01F4               	clrf	Lcd_Set_Cursor@b
  2105  02BE  0AF4               	incf	Lcd_Set_Cursor@b,f
  2106  02BF  3002               	movlw	2
  2107  02C0  160A  158A  23B0  120A  118A  	fcall	_Lcd_Set_Cursor
  2108                           
  2109                           ;main.c: 247:         Lcd_Write_String("SD Error!     ");
  2110  02C5  3035               	movlw	(low ((STR_18-__stringbase)| (0+32768)))& (0+255)
  2111  02C6  160A  158A  2323  120A  118A  	fcall	_Lcd_Write_String
  2112  02CB                     l4425:
  2113                           
  2114                           ;main.c: 250:     _delay((unsigned long)((500)*(20000000/4000.0)));
  2115  02CB  300D               	movlw	13
  2116  02CC  1683               	bsf	3,5	;RP0=1, select bank1
  2117  02CD  1303               	bcf	3,6	;RP1=0, select bank1
  2118  02CE  00C2               	movwf	(??_main^(0+128)+2)
  2119  02CF  30AF               	movlw	175
  2120  02D0  00C1               	movwf	(??_main^(0+128)+1)
  2121  02D1  30B5               	movlw	181
  2122  02D2  00C0               	movwf	??_main^(0+128)
  2123  02D3                     u6147:
  2124  02D3  0BC0               	decfsz	??_main^(0+128),f
  2125  02D4  2AD3               	goto	u6147
  2126  02D5  0BC1               	decfsz	(??_main^(0+128)+1),f
  2127  02D6  2AD3               	goto	u6147
  2128  02D7  0BC2               	decfsz	(??_main^(0+128)+2),f
  2129  02D8  2AD3               	goto	u6147
  2130  02D9  2ADA               	nop2
  2131                           
  2132                           ;main.c: 251:     Lcd_Clear();
  2133  02DA  160A  158A  2235  120A  118A  	fcall	_Lcd_Clear
  2134                           
  2135                           ;main.c: 254:     DS3231_ReadTime(&t);
  2136  02DF  30D7               	movlw	(low (main@t| 0))& (0+255)
  2137  02E0  160A  118A  2596  120A  118A  	fcall	_DS3231_ReadTime
  2138                           
  2139                           ;main.c: 255:     dht_ok = DHT22_read(&temp, &hum);
  2140  02E5  30CF               	movlw	(low (main@hum| 0))& (0+255)
  2141  02E6  1683               	bsf	3,5	;RP0=1, select bank1
  2142  02E7  1303               	bcf	3,6	;RP1=0, select bank1
  2143  02E8  00C0               	movwf	??_main^(0+128)
  2144  02E9  0840               	movf	??_main^(0+128),w
  2145  02EA  1283               	bcf	3,5	;RP0=0, select bank0
  2146  02EB  00D4               	movwf	DHT22_read@dht_humedad
  2147  02EC  30D3               	movlw	(low (main@temp| 0))& (0+255)
  2148  02ED  160A  118A  26BD  120A  118A  	fcall	_DHT22_read
  2149  02F2  1683               	bsf	3,5	;RP0=1, select bank1
  2150  02F3  00C1               	movwf	(??_main+1)^(0+128)
  2151  02F4  0841               	movf	(??_main+1)^(0+128),w
  2152  02F5  00C7               	movwf	main@dht_ok^(0+128)
  2153                           
  2154                           ;main.c: 256:     add_temp_to_buffer(temp);
  2155  02F6  0856               	movf	(main@temp+3)^(0+128),w
  2156  02F7  1283               	bcf	3,5	;RP0=0, select bank0
  2157  02F8  00AB               	movwf	add_temp_to_buffer@temp+3
  2158  02F9  1683               	bsf	3,5	;RP0=1, select bank1
  2159  02FA  0855               	movf	(main@temp+2)^(0+128),w
  2160  02FB  1283               	bcf	3,5	;RP0=0, select bank0
  2161  02FC  00AA               	movwf	add_temp_to_buffer@temp+2
  2162  02FD  1683               	bsf	3,5	;RP0=1, select bank1
  2163  02FE  0854               	movf	(main@temp+1)^(0+128),w
  2164  02FF  1283               	bcf	3,5	;RP0=0, select bank0
  2165  0300  00A9               	movwf	add_temp_to_buffer@temp+1
  2166  0301  1683               	bsf	3,5	;RP0=1, select bank1
  2167  0302  0853               	movf	main@temp^(0+128),w
  2168  0303  1283               	bcf	3,5	;RP0=0, select bank0
  2169  0304  00A8               	movwf	add_temp_to_buffer@temp
  2170  0305  160A  158A  2438  120A  118A  	fcall	_add_temp_to_buffer
  2171                           
  2172                           ;main.c: 259:     view_mode = 0;
  2173  030A  1683               	bsf	3,5	;RP0=1, select bank1
  2174  030B  01CE               	clrf	main@view_mode^(0+128)
  2175                           
  2176                           ;main.c: 260:     display_main_screen(&t, temp, hum);
  2177  030C  0856               	movf	(main@temp+3)^(0+128),w
  2178  030D  00B2               	movwf	(display_main_screen@temp+3)^(0+128)
  2179  030E  0855               	movf	(main@temp+2)^(0+128),w
  2180  030F  00B1               	movwf	(display_main_screen@temp+2)^(0+128)
  2181  0310  0854               	movf	(main@temp+1)^(0+128),w
  2182  0311  00B0               	movwf	(display_main_screen@temp+1)^(0+128)
  2183  0312  0853               	movf	main@temp^(0+128),w
  2184  0313  00AF               	movwf	display_main_screen@temp^(0+128)
  2185  0314  0852               	movf	(main@hum+3)^(0+128),w
  2186  0315  00B6               	movwf	(display_main_screen@hum+3)^(0+128)
  2187  0316  0851               	movf	(main@hum+2)^(0+128),w
  2188  0317  00B5               	movwf	(display_main_screen@hum+2)^(0+128)
  2189  0318  0850               	movf	(main@hum+1)^(0+128),w
  2190  0319  00B4               	movwf	(display_main_screen@hum+1)^(0+128)
  2191  031A  084F               	movf	main@hum^(0+128),w
  2192  031B  00B3               	movwf	display_main_screen@hum^(0+128)
  2193  031C  30D7               	movlw	(low (main@t| 0))& (0+255)
  2194  031D  160A  118A  20D8  120A  118A  	fcall	_display_main_screen
  2195                           
  2196                           ;main.c: 262:     _delay((unsigned long)((1000)*(20000000/4000.0)));
  2197  0322  301A               	movlw	26
  2198  0323  1683               	bsf	3,5	;RP0=1, select bank1
  2199  0324  1303               	bcf	3,6	;RP1=0, select bank1
  2200  0325  00C2               	movwf	(??_main^(0+128)+2)
  2201  0326  305E               	movlw	94
  2202  0327  00C1               	movwf	(??_main^(0+128)+1)
  2203  0328  306D               	movlw	109
  2204  0329  00C0               	movwf	??_main^(0+128)
  2205  032A                     u6157:
  2206  032A  0BC0               	decfsz	??_main^(0+128),f
  2207  032B  2B2A               	goto	u6157
  2208  032C  0BC1               	decfsz	(??_main^(0+128)+1),f
  2209  032D  2B2A               	goto	u6157
  2210  032E  0BC2               	decfsz	(??_main^(0+128)+2),f
  2211  032F  2B2A               	goto	u6157
  2212  0330  2B31               	nop2
  2213  0331                     l4441:
  2214                           
  2215                           ;main.c: 266:         if(read_button_press()) {
  2216  0331  160A  158A  238B  120A  118A  	fcall	_read_button_press
  2217  0336  3A00               	xorlw	0
  2218  0337  1903               	skipnz
  2219  0338  2B94               	goto	l4457
  2220                           
  2221                           ;main.c: 267:             view_mode = (view_mode + 1) % 3;
  2222  0339  3003               	movlw	3
  2223  033A  1283               	bcf	3,5	;RP0=0, select bank0
  2224  033B  00A4               	movwf	___awmod@divisor
  2225  033C  3000               	movlw	0
  2226  033D  00A5               	movwf	___awmod@divisor+1
  2227  033E  1683               	bsf	3,5	;RP0=1, select bank1
  2228  033F  084E               	movf	main@view_mode^(0+128),w
  2229  0340  3E01               	addlw	1
  2230  0341  1283               	bcf	3,5	;RP0=0, select bank0
  2231  0342  00A6               	movwf	___awmod@dividend
  2232  0343  3000               	movlw	0
  2233  0344  1803               	skipnc
  2234  0345  3001               	movlw	1
  2235  0346  00A7               	movwf	___awmod@dividend+1
  2236  0347  160A  158A  2573  120A  118A  	fcall	___awmod
  2237  034C  0824               	movf	?___awmod,w
  2238  034D  1683               	bsf	3,5	;RP0=1, select bank1
  2239  034E  00C0               	movwf	??_main^(0+128)
  2240  034F  0840               	movf	??_main^(0+128),w
  2241  0350  00CE               	movwf	main@view_mode^(0+128)
  2242                           
  2243                           ;main.c: 268:             Lcd_Clear();
  2244  0351  160A  158A  2235  120A  118A  	fcall	_Lcd_Clear
  2245                           
  2246                           ;main.c: 270:             if(view_mode == 1) {
  2247  0356  1683               	bsf	3,5	;RP0=1, select bank1
  2248  0357  1303               	bcf	3,6	;RP1=0, select bank1
  2249  0358  034E               	decf	main@view_mode^(0+128),w
  2250  0359  1D03               	btfss	3,2
  2251  035A  2B66               	goto	l4449
  2252                           
  2253                           ;main.c: 272:                 calculate_temp_stats();
  2254  035B  120A  158A  20BE  120A  118A  	fcall	_calculate_temp_stats
  2255                           
  2256                           ;main.c: 273:                 display_stats_screen();
  2257  0360  160A  158A  2688  120A  118A  	fcall	_display_stats_screen
  2258                           
  2259                           ;main.c: 274:             } else if(view_mode == 2) {
  2260  0365  2B86               	goto	l4455
  2261  0366                     l4449:
  2262  0366  3002               	movlw	2
  2263  0367  064E               	xorwf	main@view_mode^(0+128),w
  2264  0368  1D03               	btfss	3,2
  2265  0369  2B70               	goto	l4453
  2266                           
  2267                           ;main.c: 276:                 display_quartiles_screen();
  2268  036A  160A  158A  261F  120A  118A  	fcall	_display_quartiles_screen
  2269                           
  2270                           ;main.c: 277:             } else {
  2271  036F  2B86               	goto	l4455
  2272  0370                     l4453:
  2273                           
  2274                           ;main.c: 279:                 display_main_screen(&t, temp, hum);
  2275  0370  0856               	movf	(main@temp+3)^(0+128),w
  2276  0371  00B2               	movwf	(display_main_screen@temp+3)^(0+128)
  2277  0372  0855               	movf	(main@temp+2)^(0+128),w
  2278  0373  00B1               	movwf	(display_main_screen@temp+2)^(0+128)
  2279  0374  0854               	movf	(main@temp+1)^(0+128),w
  2280  0375  00B0               	movwf	(display_main_screen@temp+1)^(0+128)
  2281  0376  0853               	movf	main@temp^(0+128),w
  2282  0377  00AF               	movwf	display_main_screen@temp^(0+128)
  2283  0378  0852               	movf	(main@hum+3)^(0+128),w
  2284  0379  00B6               	movwf	(display_main_screen@hum+3)^(0+128)
  2285  037A  0851               	movf	(main@hum+2)^(0+128),w
  2286  037B  00B5               	movwf	(display_main_screen@hum+2)^(0+128)
  2287  037C  0850               	movf	(main@hum+1)^(0+128),w
  2288  037D  00B4               	movwf	(display_main_screen@hum+1)^(0+128)
  2289  037E  084F               	movf	main@hum^(0+128),w
  2290  037F  00B3               	movwf	display_main_screen@hum^(0+128)
  2291  0380  30D7               	movlw	(low (main@t| 0))& (0+255)
  2292  0381  160A  118A  20D8  120A  118A  	fcall	_display_main_screen
  2293  0386                     l4455:
  2294                           
  2295                           ;main.c: 282:             _delay((unsigned long)((200)*(20000000/4000.0)));
  2296  0386  3006               	movlw	6
  2297  0387  1683               	bsf	3,5	;RP0=1, select bank1
  2298  0388  1303               	bcf	3,6	;RP1=0, select bank1
  2299  0389  00C2               	movwf	(??_main^(0+128)+2)
  2300  038A  3013               	movlw	19
  2301  038B  00C1               	movwf	(??_main^(0+128)+1)
  2302  038C  30AD               	movlw	173
  2303  038D  00C0               	movwf	??_main^(0+128)
  2304  038E                     u6167:
  2305  038E  0BC0               	decfsz	??_main^(0+128),f
  2306  038F  2B8E               	goto	u6167
  2307  0390  0BC1               	decfsz	(??_main^(0+128)+1),f
  2308  0391  2B8E               	goto	u6167
  2309  0392  0BC2               	decfsz	(??_main^(0+128)+2),f
  2310  0393  2B8E               	goto	u6167
  2311  0394                     l4457:
  2312                           
  2313                           ;main.c: 286:         DS3231_ReadTime(&t);
  2314  0394  30D7               	movlw	(low (main@t| 0))& (0+255)
  2315  0395  160A  118A  2596  120A  118A  	fcall	_DS3231_ReadTime
  2316                           
  2317                           ;main.c: 289:         if(cnt == 0) {
  2318  039A  1683               	bsf	3,5	;RP0=1, select bank1
  2319  039B  1303               	bcf	3,6	;RP1=0, select bank1
  2320  039C  0848               	movf	main@cnt^(0+128),w
  2321  039D  1D03               	btfss	3,2
  2322  039E  2BC2               	goto	l4465
  2323                           
  2324                           ;main.c: 290:             dht_ok = DHT22_read(&temp, &hum);
  2325  039F  30CF               	movlw	(low (main@hum| 0))& (0+255)
  2326  03A0  00C0               	movwf	??_main^(0+128)
  2327  03A1  0840               	movf	??_main^(0+128),w
  2328  03A2  1283               	bcf	3,5	;RP0=0, select bank0
  2329  03A3  00D4               	movwf	DHT22_read@dht_humedad
  2330  03A4  30D3               	movlw	(low (main@temp| 0))& (0+255)
  2331  03A5  160A  118A  26BD  120A  118A  	fcall	_DHT22_read
  2332  03AA  1683               	bsf	3,5	;RP0=1, select bank1
  2333  03AB  00C1               	movwf	(??_main+1)^(0+128)
  2334  03AC  0841               	movf	(??_main+1)^(0+128),w
  2335  03AD  00C7               	movwf	main@dht_ok^(0+128)
  2336                           
  2337                           ;main.c: 291:             add_temp_to_buffer(temp);
  2338  03AE  0856               	movf	(main@temp+3)^(0+128),w
  2339  03AF  1283               	bcf	3,5	;RP0=0, select bank0
  2340  03B0  00AB               	movwf	add_temp_to_buffer@temp+3
  2341  03B1  1683               	bsf	3,5	;RP0=1, select bank1
  2342  03B2  0855               	movf	(main@temp+2)^(0+128),w
  2343  03B3  1283               	bcf	3,5	;RP0=0, select bank0
  2344  03B4  00AA               	movwf	add_temp_to_buffer@temp+2
  2345  03B5  1683               	bsf	3,5	;RP0=1, select bank1
  2346  03B6  0854               	movf	(main@temp+1)^(0+128),w
  2347  03B7  1283               	bcf	3,5	;RP0=0, select bank0
  2348  03B8  00A9               	movwf	add_temp_to_buffer@temp+1
  2349  03B9  1683               	bsf	3,5	;RP0=1, select bank1
  2350  03BA  0853               	movf	main@temp^(0+128),w
  2351  03BB  1283               	bcf	3,5	;RP0=0, select bank0
  2352  03BC  00A8               	movwf	add_temp_to_buffer@temp
  2353  03BD  160A  158A  2438  120A  118A  	fcall	_add_temp_to_buffer
  2354  03C2                     l4465:
  2355                           
  2356                           ;main.c: 295:         if(view_mode == 0) {
  2357  03C2  1683               	bsf	3,5	;RP0=1, select bank1
  2358  03C3  084E               	movf	main@view_mode^(0+128),w
  2359  03C4  1D03               	btfss	3,2
  2360  03C5  2BDC               	goto	l4469
  2361                           
  2362                           ;main.c: 296:             display_main_screen(&t, temp, hum);
  2363  03C6  0856               	movf	(main@temp+3)^(0+128),w
  2364  03C7  00B2               	movwf	(display_main_screen@temp+3)^(0+128)
  2365  03C8  0855               	movf	(main@temp+2)^(0+128),w
  2366  03C9  00B1               	movwf	(display_main_screen@temp+2)^(0+128)
  2367  03CA  0854               	movf	(main@temp+1)^(0+128),w
  2368  03CB  00B0               	movwf	(display_main_screen@temp+1)^(0+128)
  2369  03CC  0853               	movf	main@temp^(0+128),w
  2370  03CD  00AF               	movwf	display_main_screen@temp^(0+128)
  2371  03CE  0852               	movf	(main@hum+3)^(0+128),w
  2372  03CF  00B6               	movwf	(display_main_screen@hum+3)^(0+128)
  2373  03D0  0851               	movf	(main@hum+2)^(0+128),w
  2374  03D1  00B5               	movwf	(display_main_screen@hum+2)^(0+128)
  2375  03D2  0850               	movf	(main@hum+1)^(0+128),w
  2376  03D3  00B4               	movwf	(display_main_screen@hum+1)^(0+128)
  2377  03D4  084F               	movf	main@hum^(0+128),w
  2378  03D5  00B3               	movwf	display_main_screen@hum^(0+128)
  2379  03D6  30D7               	movlw	(low (main@t| 0))& (0+255)
  2380  03D7  160A  118A  20D8  120A  118A  	fcall	_display_main_screen
  2381  03DC                     l4469:
  2382                           
  2383                           ;main.c: 299:         cnt = (cnt + 1) % 5;
  2384  03DC  3005               	movlw	5
  2385  03DD  1283               	bcf	3,5	;RP0=0, select bank0
  2386  03DE  1303               	bcf	3,6	;RP1=0, select bank0
  2387  03DF  00A4               	movwf	___awmod@divisor
  2388  03E0  3000               	movlw	0
  2389  03E1  00A5               	movwf	___awmod@divisor+1
  2390  03E2  1683               	bsf	3,5	;RP0=1, select bank1
  2391  03E3  0848               	movf	main@cnt^(0+128),w
  2392  03E4  3E01               	addlw	1
  2393  03E5  1283               	bcf	3,5	;RP0=0, select bank0
  2394  03E6  00A6               	movwf	___awmod@dividend
  2395  03E7  3000               	movlw	0
  2396  03E8  1803               	skipnc
  2397  03E9  3001               	movlw	1
  2398  03EA  00A7               	movwf	___awmod@dividend+1
  2399  03EB  160A  158A  2573  120A  118A  	fcall	___awmod
  2400  03F0  0824               	movf	?___awmod,w
  2401  03F1  1683               	bsf	3,5	;RP0=1, select bank1
  2402  03F2  00C0               	movwf	??_main^(0+128)
  2403  03F3  0840               	movf	??_main^(0+128),w
  2404  03F4  00C8               	movwf	main@cnt^(0+128)
  2405                           
  2406                           ;main.c: 302:         if(view_mode == 0 && t.minutes % 5 == 0 && t.minutes != last_min) 
      +                          {
  2407  03F5  084E               	movf	main@view_mode^(0+128),w
  2408  03F6  1D03               	btfss	3,2
  2409  03F7  2FB5               	goto	l4631
  2410  03F8  3005               	movlw	5
  2411  03F9  00C0               	movwf	??_main^(0+128)
  2412  03FA  0840               	movf	??_main^(0+128),w
  2413  03FB  00F0               	movwf	___lbmod@divisor
  2414  03FC  0858               	movf	(main@t^(0+128)+1),w
  2415  03FD  160A  158A  2368  120A  118A  	fcall	___lbmod
  2416  0402  3A00               	xorlw	0
  2417  0403  1D03               	skipz
  2418  0404  2FB5               	goto	l4631
  2419  0405  1683               	bsf	3,5	;RP0=1, select bank1
  2420  0406  1303               	bcf	3,6	;RP1=0, select bank1
  2421  0407  0858               	movf	(main@t^(0+128)+1),w
  2422  0408  066C               	xorwf	main@last_min^(0+128),w
  2423  0409  1903               	skipnz
  2424  040A  2FB5               	goto	l4631
  2425                           
  2426                           ;main.c: 303:             last_min = t.minutes;
  2427  040B  0858               	movf	(main@t^(0+128)+1),w
  2428  040C  00C0               	movwf	??_main^(0+128)
  2429  040D  0840               	movf	??_main^(0+128),w
  2430  040E  00EC               	movwf	main@last_min^(0+128)
  2431                           
  2432                           ;main.c: 306:             if(sd && dht_ok && temp > -40.0 && temp < 80.0 && hum > 0.0 &&
      +                           hum < 100.0) {
  2433  040F  0849               	movf	main@sd^(0+128),w
  2434  0410  1903               	btfsc	3,2
  2435  0411  2FB5               	goto	l4631
  2436  0412  0847               	movf	main@dht_ok^(0+128),w
  2437  0413  1903               	btfsc	3,2
  2438  0414  2FB5               	goto	l4631
  2439  0415  30C2               	movlw	194
  2440  0416  00F3               	movwf	___flge@ff1+3
  2441  0417  3020               	movlw	32
  2442  0418  00F2               	movwf	___flge@ff1+2
  2443  0419  3000               	movlw	0
  2444  041A  00F1               	movwf	___flge@ff1+1
  2445  041B  3000               	movlw	0
  2446  041C  00F0               	movwf	___flge@ff1
  2447  041D  0856               	movf	(main@temp+3)^(0+128),w
  2448  041E  00F7               	movwf	___flge@ff2+3
  2449  041F  0855               	movf	(main@temp+2)^(0+128),w
  2450  0420  00F6               	movwf	___flge@ff2+2
  2451  0421  0854               	movf	(main@temp+1)^(0+128),w
  2452  0422  00F5               	movwf	___flge@ff2+1
  2453  0423  0853               	movf	main@temp^(0+128),w
  2454  0424  00F4               	movwf	___flge@ff2
  2455  0425  160A  118A  2045  120A  118A  	fcall	___flge
  2456  042A  1803               	btfsc	3,0
  2457  042B  2FB5               	goto	l4631
  2458  042C  1683               	bsf	3,5	;RP0=1, select bank1
  2459  042D  0856               	movf	(main@temp+3)^(0+128),w
  2460  042E  00F3               	movwf	___flge@ff1+3
  2461  042F  0855               	movf	(main@temp+2)^(0+128),w
  2462  0430  00F2               	movwf	___flge@ff1+2
  2463  0431  0854               	movf	(main@temp+1)^(0+128),w
  2464  0432  00F1               	movwf	___flge@ff1+1
  2465  0433  0853               	movf	main@temp^(0+128),w
  2466  0434  00F0               	movwf	___flge@ff1
  2467  0435  3042               	movlw	66
  2468  0436  00F7               	movwf	___flge@ff2+3
  2469  0437  30A0               	movlw	160
  2470  0438  00F6               	movwf	___flge@ff2+2
  2471  0439  3000               	movlw	0
  2472  043A  00F5               	movwf	___flge@ff2+1
  2473  043B  3000               	movlw	0
  2474  043C  00F4               	movwf	___flge@ff2
  2475  043D  160A  118A  2045  120A  118A  	fcall	___flge
  2476  0442  1803               	btfsc	3,0
  2477  0443  2FB5               	goto	l4631
  2478  0444  3000               	movlw	0
  2479  0445  00F3               	movwf	___flge@ff1+3
  2480  0446  3000               	movlw	0
  2481  0447  00F2               	movwf	___flge@ff1+2
  2482  0448  3000               	movlw	0
  2483  0449  00F1               	movwf	___flge@ff1+1
  2484  044A  3000               	movlw	0
  2485  044B  00F0               	movwf	___flge@ff1
  2486  044C  1683               	bsf	3,5	;RP0=1, select bank1
  2487  044D  0852               	movf	(main@hum+3)^(0+128),w
  2488  044E  00F7               	movwf	___flge@ff2+3
  2489  044F  0851               	movf	(main@hum+2)^(0+128),w
  2490  0450  00F6               	movwf	___flge@ff2+2
  2491  0451  0850               	movf	(main@hum+1)^(0+128),w
  2492  0452  00F5               	movwf	___flge@ff2+1
  2493  0453  084F               	movf	main@hum^(0+128),w
  2494  0454  00F4               	movwf	___flge@ff2
  2495  0455  160A  118A  2045  120A  118A  	fcall	___flge
  2496  045A  1803               	btfsc	3,0
  2497  045B  2FB5               	goto	l4631
  2498  045C  1683               	bsf	3,5	;RP0=1, select bank1
  2499  045D  0852               	movf	(main@hum+3)^(0+128),w
  2500  045E  00F3               	movwf	___flge@ff1+3
  2501  045F  0851               	movf	(main@hum+2)^(0+128),w
  2502  0460  00F2               	movwf	___flge@ff1+2
  2503  0461  0850               	movf	(main@hum+1)^(0+128),w
  2504  0462  00F1               	movwf	___flge@ff1+1
  2505  0463  084F               	movf	main@hum^(0+128),w
  2506  0464  00F0               	movwf	___flge@ff1
  2507  0465  3042               	movlw	66
  2508  0466  00F7               	movwf	___flge@ff2+3
  2509  0467  30C8               	movlw	200
  2510  0468  00F6               	movwf	___flge@ff2+2
  2511  0469  3000               	movlw	0
  2512  046A  00F5               	movwf	___flge@ff2+1
  2513  046B  3000               	movlw	0
  2514  046C  00F4               	movwf	___flge@ff2
  2515  046D  160A  118A  2045  120A  118A  	fcall	___flge
  2516  0472  1803               	btfsc	3,0
  2517  0473  2FB5               	goto	l4631
  2518                           
  2519                           ;main.c: 308:                 p = 0;
  2520  0474  1683               	bsf	3,5	;RP0=1, select bank1
  2521  0475  01DE               	clrf	main@p^(0+128)
  2522                           
  2523                           ;main.c: 314:                 csv[p++] = '0' + (t.date / 10);
  2524  0476  300A               	movlw	10
  2525  0477  00C0               	movwf	??_main^(0+128)
  2526  0478  0840               	movf	??_main^(0+128),w
  2527  0479  00F0               	movwf	___lbdiv@divisor
  2528  047A  085B               	movf	(main@t^(0+128)+4),w
  2529  047B  160A  158A  22E1  120A  118A  	fcall	___lbdiv
  2530  0480  3E30               	addlw	48
  2531  0481  1683               	bsf	3,5	;RP0=1, select bank1
  2532  0482  00C1               	movwf	(??_main+1)^(0+128)
  2533  0483  085E               	movf	main@p^(0+128),w
  2534  0484  3EC5               	addlw	(low (_csv| (0+256)))& (0+255)
  2535  0485  0084               	movwf	4
  2536  0486  0841               	movf	(??_main+1)^(0+128),w
  2537  0487  1783               	bsf	3,7	;select IRP bank3
  2538  0488  0080               	movwf	0
  2539  0489  3001               	movlw	1
  2540  048A  00C0               	movwf	??_main^(0+128)
  2541  048B  0840               	movf	??_main^(0+128),w
  2542  048C  07DE               	addwf	main@p^(0+128),f
  2543                           
  2544                           ;main.c: 315:                 csv[p++] = '0' + (t.date % 10);
  2545  048D  300A               	movlw	10
  2546  048E  00C0               	movwf	??_main^(0+128)
  2547  048F  0840               	movf	??_main^(0+128),w
  2548  0490  00F0               	movwf	___lbmod@divisor
  2549  0491  085B               	movf	(main@t^(0+128)+4),w
  2550  0492  160A  158A  2368  120A  118A  	fcall	___lbmod
  2551  0497  3E30               	addlw	48
  2552  0498  1683               	bsf	3,5	;RP0=1, select bank1
  2553  0499  1303               	bcf	3,6	;RP1=0, select bank1
  2554  049A  00C1               	movwf	(??_main+1)^(0+128)
  2555  049B  085E               	movf	main@p^(0+128),w
  2556  049C  3EC5               	addlw	(low (_csv| (0+256)))& (0+255)
  2557  049D  0084               	movwf	4
  2558  049E  0841               	movf	(??_main+1)^(0+128),w
  2559  049F  1783               	bsf	3,7	;select IRP bank3
  2560  04A0  0080               	movwf	0
  2561  04A1  3001               	movlw	1
  2562  04A2  00C0               	movwf	??_main^(0+128)
  2563  04A3  0840               	movf	??_main^(0+128),w
  2564  04A4  07DE               	addwf	main@p^(0+128),f
  2565                           
  2566                           ;main.c: 316:                 csv[p++] = '/';
  2567  04A5  302F               	movlw	47
  2568  04A6  00C0               	movwf	??_main^(0+128)
  2569  04A7  085E               	movf	main@p^(0+128),w
  2570  04A8  3EC5               	addlw	(low (_csv| (0+256)))& (0+255)
  2571  04A9  0084               	movwf	4
  2572  04AA  0840               	movf	??_main^(0+128),w
  2573  04AB  0080               	movwf	0
  2574  04AC  3001               	movlw	1
  2575  04AD  00C0               	movwf	??_main^(0+128)
  2576  04AE  0840               	movf	??_main^(0+128),w
  2577  04AF  07DE               	addwf	main@p^(0+128),f
  2578                           
  2579                           ;main.c: 317:                 csv[p++] = '0' + (t.month / 10);
  2580  04B0  300A               	movlw	10
  2581  04B1  00C0               	movwf	??_main^(0+128)
  2582  04B2  0840               	movf	??_main^(0+128),w
  2583  04B3  00F0               	movwf	___lbdiv@divisor
  2584  04B4  085C               	movf	(main@t^(0+128)+5),w
  2585  04B5  160A  158A  22E1  120A  118A  	fcall	___lbdiv
  2586  04BA  3E30               	addlw	48
  2587  04BB  1683               	bsf	3,5	;RP0=1, select bank1
  2588  04BC  00C1               	movwf	(??_main+1)^(0+128)
  2589  04BD  085E               	movf	main@p^(0+128),w
  2590  04BE  3EC5               	addlw	(low (_csv| (0+256)))& (0+255)
  2591  04BF  0084               	movwf	4
  2592  04C0  0841               	movf	(??_main+1)^(0+128),w
  2593  04C1  1783               	bsf	3,7	;select IRP bank3
  2594  04C2  0080               	movwf	0
  2595  04C3  3001               	movlw	1
  2596  04C4  00C0               	movwf	??_main^(0+128)
  2597  04C5  0840               	movf	??_main^(0+128),w
  2598  04C6  07DE               	addwf	main@p^(0+128),f
  2599                           
  2600                           ;main.c: 318:                 csv[p++] = '0' + (t.month % 10);
  2601  04C7  300A               	movlw	10
  2602  04C8  00C0               	movwf	??_main^(0+128)
  2603  04C9  0840               	movf	??_main^(0+128),w
  2604  04CA  00F0               	movwf	___lbmod@divisor
  2605  04CB  085C               	movf	(main@t^(0+128)+5),w
  2606  04CC  160A  158A  2368  120A  118A  	fcall	___lbmod
  2607  04D1  3E30               	addlw	48
  2608  04D2  1683               	bsf	3,5	;RP0=1, select bank1
  2609  04D3  1303               	bcf	3,6	;RP1=0, select bank1
  2610  04D4  00C1               	movwf	(??_main+1)^(0+128)
  2611  04D5  085E               	movf	main@p^(0+128),w
  2612  04D6  3EC5               	addlw	(low (_csv| (0+256)))& (0+255)
  2613  04D7  0084               	movwf	4
  2614  04D8  0841               	movf	(??_main+1)^(0+128),w
  2615  04D9  1783               	bsf	3,7	;select IRP bank3
  2616  04DA  0080               	movwf	0
  2617  04DB  3001               	movlw	1
  2618  04DC  00C0               	movwf	??_main^(0+128)
  2619  04DD  0840               	movf	??_main^(0+128),w
  2620  04DE  07DE               	addwf	main@p^(0+128),f
  2621                           
  2622                           ;main.c: 319:                 csv[p++] = '/';
  2623  04DF  302F               	movlw	47
  2624  04E0  00C0               	movwf	??_main^(0+128)
  2625  04E1  085E               	movf	main@p^(0+128),w
  2626  04E2  3EC5               	addlw	(low (_csv| (0+256)))& (0+255)
  2627  04E3  0084               	movwf	4
  2628  04E4  0840               	movf	??_main^(0+128),w
  2629  04E5  0080               	movwf	0
  2630  04E6  3001               	movlw	1
  2631  04E7  00C0               	movwf	??_main^(0+128)
  2632  04E8  0840               	movf	??_main^(0+128),w
  2633  04E9  07DE               	addwf	main@p^(0+128),f
  2634                           
  2635                           ;main.c: 320:                 csv[p++] = '0' + (t.year / 10);
  2636  04EA  300A               	movlw	10
  2637  04EB  00C0               	movwf	??_main^(0+128)
  2638  04EC  0840               	movf	??_main^(0+128),w
  2639  04ED  00F0               	movwf	___lbdiv@divisor
  2640  04EE  085D               	movf	(main@t^(0+128)+6),w
  2641  04EF  160A  158A  22E1  120A  118A  	fcall	___lbdiv
  2642  04F4  3E30               	addlw	48
  2643  04F5  1683               	bsf	3,5	;RP0=1, select bank1
  2644  04F6  00C1               	movwf	(??_main+1)^(0+128)
  2645  04F7  085E               	movf	main@p^(0+128),w
  2646  04F8  3EC5               	addlw	(low (_csv| (0+256)))& (0+255)
  2647  04F9  0084               	movwf	4
  2648  04FA  0841               	movf	(??_main+1)^(0+128),w
  2649  04FB  1783               	bsf	3,7	;select IRP bank3
  2650  04FC  0080               	movwf	0
  2651  04FD  3001               	movlw	1
  2652  04FE  00C0               	movwf	??_main^(0+128)
  2653  04FF  0840               	movf	??_main^(0+128),w
  2654  0500  07DE               	addwf	main@p^(0+128),f
  2655                           
  2656                           ;main.c: 321:                 csv[p++] = '0' + (t.year % 10);
  2657  0501  300A               	movlw	10
  2658  0502  00C0               	movwf	??_main^(0+128)
  2659  0503  0840               	movf	??_main^(0+128),w
  2660  0504  00F0               	movwf	___lbmod@divisor
  2661  0505  085D               	movf	(main@t^(0+128)+6),w
  2662  0506  160A  158A  2368  120A  118A  	fcall	___lbmod
  2663  050B  3E30               	addlw	48
  2664  050C  1683               	bsf	3,5	;RP0=1, select bank1
  2665  050D  1303               	bcf	3,6	;RP1=0, select bank1
  2666  050E  00C1               	movwf	(??_main+1)^(0+128)
  2667  050F  085E               	movf	main@p^(0+128),w
  2668  0510  3EC5               	addlw	(low (_csv| (0+256)))& (0+255)
  2669  0511  0084               	movwf	4
  2670  0512  0841               	movf	(??_main+1)^(0+128),w
  2671  0513  1783               	bsf	3,7	;select IRP bank3
  2672  0514  0080               	movwf	0
  2673  0515  3001               	movlw	1
  2674  0516  00C0               	movwf	??_main^(0+128)
  2675  0517  0840               	movf	??_main^(0+128),w
  2676  0518  07DE               	addwf	main@p^(0+128),f
  2677                           
  2678                           ;main.c: 322:                 csv[p++] = ',';
  2679  0519  302C               	movlw	44
  2680  051A  00C0               	movwf	??_main^(0+128)
  2681  051B  085E               	movf	main@p^(0+128),w
  2682  051C  3EC5               	addlw	(low (_csv| (0+256)))& (0+255)
  2683  051D  0084               	movwf	4
  2684  051E  0840               	movf	??_main^(0+128),w
  2685  051F  0080               	movwf	0
  2686  0520  3001               	movlw	1
  2687  0521  00C0               	movwf	??_main^(0+128)
  2688  0522  0840               	movf	??_main^(0+128),w
  2689  0523  07DE               	addwf	main@p^(0+128),f
  2690                           
  2691                           ;main.c: 325:                 csv[p++] = '0' + (t.hours / 10);
  2692  0524  300A               	movlw	10
  2693  0525  00C0               	movwf	??_main^(0+128)
  2694  0526  0840               	movf	??_main^(0+128),w
  2695  0527  00F0               	movwf	___lbdiv@divisor
  2696  0528  0859               	movf	(main@t^(0+128)+2),w
  2697  0529  160A  158A  22E1  120A  118A  	fcall	___lbdiv
  2698  052E  3E30               	addlw	48
  2699  052F  1683               	bsf	3,5	;RP0=1, select bank1
  2700  0530  00C1               	movwf	(??_main+1)^(0+128)
  2701  0531  085E               	movf	main@p^(0+128),w
  2702  0532  3EC5               	addlw	(low (_csv| (0+256)))& (0+255)
  2703  0533  0084               	movwf	4
  2704  0534  0841               	movf	(??_main+1)^(0+128),w
  2705  0535  1783               	bsf	3,7	;select IRP bank3
  2706  0536  0080               	movwf	0
  2707  0537  3001               	movlw	1
  2708  0538  00C0               	movwf	??_main^(0+128)
  2709  0539  0840               	movf	??_main^(0+128),w
  2710  053A  07DE               	addwf	main@p^(0+128),f
  2711                           
  2712                           ;main.c: 326:                 csv[p++] = '0' + (t.hours % 10);
  2713  053B  300A               	movlw	10
  2714  053C  00C0               	movwf	??_main^(0+128)
  2715  053D  0840               	movf	??_main^(0+128),w
  2716  053E  00F0               	movwf	___lbmod@divisor
  2717  053F  0859               	movf	(main@t^(0+128)+2),w
  2718  0540  160A  158A  2368  120A  118A  	fcall	___lbmod
  2719  0545  3E30               	addlw	48
  2720  0546  1683               	bsf	3,5	;RP0=1, select bank1
  2721  0547  1303               	bcf	3,6	;RP1=0, select bank1
  2722  0548  00C1               	movwf	(??_main+1)^(0+128)
  2723  0549  085E               	movf	main@p^(0+128),w
  2724  054A  3EC5               	addlw	(low (_csv| (0+256)))& (0+255)
  2725  054B  0084               	movwf	4
  2726  054C  0841               	movf	(??_main+1)^(0+128),w
  2727  054D  1783               	bsf	3,7	;select IRP bank3
  2728  054E  0080               	movwf	0
  2729  054F  3001               	movlw	1
  2730  0550  00C0               	movwf	??_main^(0+128)
  2731  0551  0840               	movf	??_main^(0+128),w
  2732  0552  07DE               	addwf	main@p^(0+128),f
  2733                           
  2734                           ;main.c: 327:                 csv[p++] = ':';
  2735  0553  303A               	movlw	58
  2736  0554  00C0               	movwf	??_main^(0+128)
  2737  0555  085E               	movf	main@p^(0+128),w
  2738  0556  3EC5               	addlw	(low (_csv| (0+256)))& (0+255)
  2739  0557  0084               	movwf	4
  2740  0558  0840               	movf	??_main^(0+128),w
  2741  0559  0080               	movwf	0
  2742  055A  3001               	movlw	1
  2743  055B  00C0               	movwf	??_main^(0+128)
  2744  055C  0840               	movf	??_main^(0+128),w
  2745  055D  07DE               	addwf	main@p^(0+128),f
  2746                           
  2747                           ;main.c: 328:                 csv[p++] = '0' + (t.minutes / 10);
  2748  055E  300A               	movlw	10
  2749  055F  00C0               	movwf	??_main^(0+128)
  2750  0560  0840               	movf	??_main^(0+128),w
  2751  0561  00F0               	movwf	___lbdiv@divisor
  2752  0562  0858               	movf	(main@t^(0+128)+1),w
  2753  0563  160A  158A  22E1  120A  118A  	fcall	___lbdiv
  2754  0568  3E30               	addlw	48
  2755  0569  1683               	bsf	3,5	;RP0=1, select bank1
  2756  056A  00C1               	movwf	(??_main+1)^(0+128)
  2757  056B  085E               	movf	main@p^(0+128),w
  2758  056C  3EC5               	addlw	(low (_csv| (0+256)))& (0+255)
  2759  056D  0084               	movwf	4
  2760  056E  0841               	movf	(??_main+1)^(0+128),w
  2761  056F  1783               	bsf	3,7	;select IRP bank3
  2762  0570  0080               	movwf	0
  2763  0571  3001               	movlw	1
  2764  0572  00C0               	movwf	??_main^(0+128)
  2765  0573  0840               	movf	??_main^(0+128),w
  2766  0574  07DE               	addwf	main@p^(0+128),f
  2767                           
  2768                           ;main.c: 329:                 csv[p++] = '0' + (t.minutes % 10);
  2769  0575  300A               	movlw	10
  2770  0576  00C0               	movwf	??_main^(0+128)
  2771  0577  0840               	movf	??_main^(0+128),w
  2772  0578  00F0               	movwf	___lbmod@divisor
  2773  0579  0858               	movf	(main@t^(0+128)+1),w
  2774  057A  160A  158A  2368  120A  118A  	fcall	___lbmod
  2775  057F  3E30               	addlw	48
  2776  0580  1683               	bsf	3,5	;RP0=1, select bank1
  2777  0581  1303               	bcf	3,6	;RP1=0, select bank1
  2778  0582  00C1               	movwf	(??_main+1)^(0+128)
  2779  0583  085E               	movf	main@p^(0+128),w
  2780  0584  3EC5               	addlw	(low (_csv| (0+256)))& (0+255)
  2781  0585  0084               	movwf	4
  2782  0586  0841               	movf	(??_main+1)^(0+128),w
  2783  0587  1783               	bsf	3,7	;select IRP bank3
  2784  0588  0080               	movwf	0
  2785  0589  3001               	movlw	1
  2786  058A  00C0               	movwf	??_main^(0+128)
  2787  058B  0840               	movf	??_main^(0+128),w
  2788  058C  07DE               	addwf	main@p^(0+128),f
  2789                           
  2790                           ;main.c: 330:                 csv[p++] = ',';
  2791  058D  302C               	movlw	44
  2792  058E  00C0               	movwf	??_main^(0+128)
  2793  058F  085E               	movf	main@p^(0+128),w
  2794  0590  3EC5               	addlw	(low (_csv| (0+256)))& (0+255)
  2795  0591  0084               	movwf	4
  2796  0592  0840               	movf	??_main^(0+128),w
  2797  0593  0080               	movwf	0
  2798  0594  3001               	movlw	1
  2799  0595  00C0               	movwf	??_main^(0+128)
  2800  0596  0840               	movf	??_main^(0+128),w
  2801  0597  07DE               	addwf	main@p^(0+128),f
  2802                           
  2803                           ;main.c: 333:                 temp_int = (int16_t)(temp * 10.0 + (temp >= 0 ? 0.5 : -0.5
      +                          ));
  2804  0598  0856               	movf	(main@temp+3)^(0+128),w
  2805  0599  00F3               	movwf	___flge@ff1+3
  2806  059A  0855               	movf	(main@temp+2)^(0+128),w
  2807  059B  00F2               	movwf	___flge@ff1+2
  2808  059C  0854               	movf	(main@temp+1)^(0+128),w
  2809  059D  00F1               	movwf	___flge@ff1+1
  2810  059E  0853               	movf	main@temp^(0+128),w
  2811  059F  00F0               	movwf	___flge@ff1
  2812  05A0  3000               	movlw	0
  2813  05A1  00F7               	movwf	___flge@ff2+3
  2814  05A2  3000               	movlw	0
  2815  05A3  00F6               	movwf	___flge@ff2+2
  2816  05A4  3000               	movlw	0
  2817  05A5  00F5               	movwf	___flge@ff2+1
  2818  05A6  3000               	movlw	0
  2819  05A7  00F4               	movwf	___flge@ff2
  2820  05A8  160A  118A  2045  120A  118A  	fcall	___flge
  2821  05AD  1803               	btfsc	3,0
  2822  05AE  2DB1               	goto	l4557
  2823  05AF  30BF               	movlw	191
  2824  05B0  2DB2               	goto	L1
  2825  05B1                     l4557:
  2826  05B1  303F               	movlw	63
  2827  05B2                     L1:
  2828  05B2  1683               	bsf	3,5	;RP0=1, select bank1
  2829  05B3  00C6               	movwf	(_main$327+3)^(0+128)
  2830  05B4  3000               	movlw	0
  2831  05B5  00C5               	movwf	(_main$327+2)^(0+128)
  2832  05B6  3000               	movlw	0
  2833  05B7  00C4               	movwf	(_main$327+1)^(0+128)
  2834  05B8  3000               	movlw	0
  2835  05B9  00C3               	movwf	_main$327^(0+128)
  2836  05BA  0856               	movf	(main@temp+3)^(0+128),w
  2837  05BB  1283               	bcf	3,5	;RP0=0, select bank0
  2838  05BC  00C1               	movwf	___flmul@a+3
  2839  05BD  1683               	bsf	3,5	;RP0=1, select bank1
  2840  05BE  0855               	movf	(main@temp+2)^(0+128),w
  2841  05BF  1283               	bcf	3,5	;RP0=0, select bank0
  2842  05C0  00C0               	movwf	___flmul@a+2
  2843  05C1  1683               	bsf	3,5	;RP0=1, select bank1
  2844  05C2  0854               	movf	(main@temp+1)^(0+128),w
  2845  05C3  1283               	bcf	3,5	;RP0=0, select bank0
  2846  05C4  00BF               	movwf	___flmul@a+1
  2847  05C5  1683               	bsf	3,5	;RP0=1, select bank1
  2848  05C6  0853               	movf	main@temp^(0+128),w
  2849  05C7  1283               	bcf	3,5	;RP0=0, select bank0
  2850  05C8  00BE               	movwf	___flmul@a
  2851  05C9  3041               	movlw	65
  2852  05CA  00BD               	movwf	___flmul@b+3
  2853  05CB  3020               	movlw	32
  2854  05CC  00BC               	movwf	___flmul@b+2
  2855  05CD  3000               	movlw	0
  2856  05CE  00BB               	movwf	___flmul@b+1
  2857  05CF  3000               	movlw	0
  2858  05D0  00BA               	movwf	___flmul@b
  2859  05D1  120A  158A  250B  120A  118A  	fcall	___flmul
  2860  05D6  083D               	movf	?___flmul+3,w
  2861  05D7  00DB               	movwf	___fladd@a+3
  2862  05D8  083C               	movf	?___flmul+2,w
  2863  05D9  00DA               	movwf	___fladd@a+2
  2864  05DA  083B               	movf	?___flmul+1,w
  2865  05DB  00D9               	movwf	___fladd@a+1
  2866  05DC  083A               	movf	?___flmul,w
  2867  05DD  00D8               	movwf	___fladd@a
  2868  05DE  1683               	bsf	3,5	;RP0=1, select bank1
  2869  05DF  0846               	movf	(_main$327+3)^(0+128),w
  2870  05E0  1283               	bcf	3,5	;RP0=0, select bank0
  2871  05E1  00D7               	movwf	___fladd@b+3
  2872  05E2  1683               	bsf	3,5	;RP0=1, select bank1
  2873  05E3  0845               	movf	(_main$327+2)^(0+128),w
  2874  05E4  1283               	bcf	3,5	;RP0=0, select bank0
  2875  05E5  00D6               	movwf	___fladd@b+2
  2876  05E6  1683               	bsf	3,5	;RP0=1, select bank1
  2877  05E7  0844               	movf	(_main$327+1)^(0+128),w
  2878  05E8  1283               	bcf	3,5	;RP0=0, select bank0
  2879  05E9  00D5               	movwf	___fladd@b+1
  2880  05EA  1683               	bsf	3,5	;RP0=1, select bank1
  2881  05EB  0843               	movf	_main$327^(0+128),w
  2882  05EC  1283               	bcf	3,5	;RP0=0, select bank0
  2883  05ED  00D4               	movwf	___fladd@b
  2884  05EE  120A  158A  22DE  120A  118A  	fcall	___fladd
  2885  05F3  0857               	movf	?___fladd+3,w
  2886  05F4  00EB               	movwf	___fltol@f1+3
  2887  05F5  0856               	movf	?___fladd+2,w
  2888  05F6  00EA               	movwf	___fltol@f1+2
  2889  05F7  0855               	movf	?___fladd+1,w
  2890  05F8  00E9               	movwf	___fltol@f1+1
  2891  05F9  0854               	movf	?___fladd,w
  2892  05FA  00E8               	movwf	___fltol@f1
  2893  05FB  160A  158A  26FA  120A  118A  	fcall	___fltol
  2894  0600  0869               	movf	?___fltol+1,w
  2895  0601  1683               	bsf	3,5	;RP0=1, select bank1
  2896  0602  00CD               	movwf	(main@temp_int+1)^(0+128)
  2897  0603  1283               	bcf	3,5	;RP0=0, select bank0
  2898  0604  0868               	movf	?___fltol,w
  2899  0605  1683               	bsf	3,5	;RP0=1, select bank1
  2900  0606  00CC               	movwf	main@temp_int^(0+128)
  2901                           
  2902                           ;main.c: 335:                 if(temp_int < 0) {
  2903  0607  1FCD               	btfss	(main@temp_int+1)^(0+128),7
  2904  0608  2E1A               	goto	l4569
  2905                           
  2906                           ;main.c: 336:                     csv[p++] = '-';
  2907  0609  302D               	movlw	45
  2908  060A  00C0               	movwf	??_main^(0+128)
  2909  060B  085E               	movf	main@p^(0+128),w
  2910  060C  3EC5               	addlw	(low (_csv| (0+256)))& (0+255)
  2911  060D  0084               	movwf	4
  2912  060E  0840               	movf	??_main^(0+128),w
  2913  060F  1783               	bsf	3,7	;select IRP bank3
  2914  0610  0080               	movwf	0
  2915  0611  3001               	movlw	1
  2916  0612  00C0               	movwf	??_main^(0+128)
  2917  0613  0840               	movf	??_main^(0+128),w
  2918  0614  07DE               	addwf	main@p^(0+128),f
  2919                           
  2920                           ;main.c: 337:                     temp_int = -temp_int;
  2921  0615  09CC               	comf	main@temp_int^(0+128),f
  2922  0616  09CD               	comf	(main@temp_int+1)^(0+128),f
  2923  0617  0ACC               	incf	main@temp_int^(0+128),f
  2924  0618  1903               	skipnz
  2925  0619  0ACD               	incf	(main@temp_int+1)^(0+128),f
  2926  061A                     l4569:
  2927                           
  2928                           ;main.c: 341:                 csv[p++] = '0' + ((temp_int / 100) & 0x0F);
  2929  061A  3064               	movlw	100
  2930  061B  00F6               	movwf	___awdiv@divisor
  2931  061C  3000               	movlw	0
  2932  061D  00F7               	movwf	___awdiv@divisor+1
  2933  061E  084D               	movf	(main@temp_int+1)^(0+128),w
  2934  061F  00F9               	movwf	___awdiv@dividend+1
  2935  0620  084C               	movf	main@temp_int^(0+128),w
  2936  0621  00F8               	movwf	___awdiv@dividend
  2937  0622  120A  118A  2005  120A  118A  	fcall	___awdiv
  2938  0627  0876               	movf	?___awdiv,w
  2939  0628  390F               	andlw	15
  2940  0629  3E30               	addlw	48
  2941  062A  1683               	bsf	3,5	;RP0=1, select bank1
  2942  062B  00C0               	movwf	??_main^(0+128)
  2943  062C  085E               	movf	main@p^(0+128),w
  2944  062D  3EC5               	addlw	(low (_csv| (0+256)))& (0+255)
  2945  062E  0084               	movwf	4
  2946  062F  0840               	movf	??_main^(0+128),w
  2947  0630  1783               	bsf	3,7	;select IRP bank3
  2948  0631  0080               	movwf	0
  2949  0632  3001               	movlw	1
  2950  0633  00C0               	movwf	??_main^(0+128)
  2951  0634  0840               	movf	??_main^(0+128),w
  2952  0635  07DE               	addwf	main@p^(0+128),f
  2953                           
  2954                           ;main.c: 342:                 csv[p++] = '0' + (((temp_int / 10) % 10) & 0x0F);
  2955  0636  300A               	movlw	10
  2956  0637  1283               	bcf	3,5	;RP0=0, select bank0
  2957  0638  00A4               	movwf	___awmod@divisor
  2958  0639  3000               	movlw	0
  2959  063A  00A5               	movwf	___awmod@divisor+1
  2960  063B  300A               	movlw	10
  2961  063C  00F6               	movwf	___awdiv@divisor
  2962  063D  3000               	movlw	0
  2963  063E  00F7               	movwf	___awdiv@divisor+1
  2964  063F  1683               	bsf	3,5	;RP0=1, select bank1
  2965  0640  084D               	movf	(main@temp_int+1)^(0+128),w
  2966  0641  00F9               	movwf	___awdiv@dividend+1
  2967  0642  084C               	movf	main@temp_int^(0+128),w
  2968  0643  00F8               	movwf	___awdiv@dividend
  2969  0644  120A  118A  2005  120A  118A  	fcall	___awdiv
  2970  0649  0877               	movf	?___awdiv+1,w
  2971  064A  00A7               	movwf	___awmod@dividend+1
  2972  064B  0876               	movf	?___awdiv,w
  2973  064C  00A6               	movwf	___awmod@dividend
  2974  064D  160A  158A  2573  120A  118A  	fcall	___awmod
  2975  0652  0824               	movf	?___awmod,w
  2976  0653  390F               	andlw	15
  2977  0654  3E30               	addlw	48
  2978  0655  1683               	bsf	3,5	;RP0=1, select bank1
  2979  0656  00C0               	movwf	??_main^(0+128)
  2980  0657  085E               	movf	main@p^(0+128),w
  2981  0658  3EC5               	addlw	(low (_csv| (0+256)))& (0+255)
  2982  0659  0084               	movwf	4
  2983  065A  0840               	movf	??_main^(0+128),w
  2984  065B  1783               	bsf	3,7	;select IRP bank3
  2985  065C  0080               	movwf	0
  2986  065D  3001               	movlw	1
  2987  065E  00C0               	movwf	??_main^(0+128)
  2988  065F  0840               	movf	??_main^(0+128),w
  2989  0660  07DE               	addwf	main@p^(0+128),f
  2990                           
  2991                           ;main.c: 343:                 csv[p++] = '.';
  2992  0661  302E               	movlw	46
  2993  0662  00C0               	movwf	??_main^(0+128)
  2994  0663  085E               	movf	main@p^(0+128),w
  2995  0664  3EC5               	addlw	(low (_csv| (0+256)))& (0+255)
  2996  0665  0084               	movwf	4
  2997  0666  0840               	movf	??_main^(0+128),w
  2998  0667  0080               	movwf	0
  2999  0668  3001               	movlw	1
  3000  0669  00C0               	movwf	??_main^(0+128)
  3001  066A  0840               	movf	??_main^(0+128),w
  3002  066B  07DE               	addwf	main@p^(0+128),f
  3003                           
  3004                           ;main.c: 344:                 csv[p++] = '0' + ((temp_int % 10) & 0x0F);
  3005  066C  300A               	movlw	10
  3006  066D  1283               	bcf	3,5	;RP0=0, select bank0
  3007  066E  00A4               	movwf	___awmod@divisor
  3008  066F  3000               	movlw	0
  3009  0670  00A5               	movwf	___awmod@divisor+1
  3010  0671  1683               	bsf	3,5	;RP0=1, select bank1
  3011  0672  084D               	movf	(main@temp_int+1)^(0+128),w
  3012  0673  1283               	bcf	3,5	;RP0=0, select bank0
  3013  0674  00A7               	movwf	___awmod@dividend+1
  3014  0675  1683               	bsf	3,5	;RP0=1, select bank1
  3015  0676  084C               	movf	main@temp_int^(0+128),w
  3016  0677  1283               	bcf	3,5	;RP0=0, select bank0
  3017  0678  00A6               	movwf	___awmod@dividend
  3018  0679  160A  158A  2573  120A  118A  	fcall	___awmod
  3019  067E  0824               	movf	?___awmod,w
  3020  067F  390F               	andlw	15
  3021  0680  3E30               	addlw	48
  3022  0681  1683               	bsf	3,5	;RP0=1, select bank1
  3023  0682  00C0               	movwf	??_main^(0+128)
  3024  0683  085E               	movf	main@p^(0+128),w
  3025  0684  3EC5               	addlw	(low (_csv| (0+256)))& (0+255)
  3026  0685  0084               	movwf	4
  3027  0686  0840               	movf	??_main^(0+128),w
  3028  0687  1783               	bsf	3,7	;select IRP bank3
  3029  0688  0080               	movwf	0
  3030  0689  3001               	movlw	1
  3031  068A  00C0               	movwf	??_main^(0+128)
  3032  068B  0840               	movf	??_main^(0+128),w
  3033  068C  07DE               	addwf	main@p^(0+128),f
  3034                           
  3035                           ;main.c: 345:                 csv[p++] = ',';
  3036  068D  302C               	movlw	44
  3037  068E  00C0               	movwf	??_main^(0+128)
  3038  068F  085E               	movf	main@p^(0+128),w
  3039  0690  3EC5               	addlw	(low (_csv| (0+256)))& (0+255)
  3040  0691  0084               	movwf	4
  3041  0692  0840               	movf	??_main^(0+128),w
  3042  0693  0080               	movwf	0
  3043  0694  3001               	movlw	1
  3044  0695  00C0               	movwf	??_main^(0+128)
  3045  0696  0840               	movf	??_main^(0+128),w
  3046  0697  07DE               	addwf	main@p^(0+128),f
  3047                           
  3048                           ;main.c: 348:                 h10 = (uint16_t)(hum * 10.0 + 0.5);
  3049  0698  0852               	movf	(main@hum+3)^(0+128),w
  3050  0699  1283               	bcf	3,5	;RP0=0, select bank0
  3051  069A  00C1               	movwf	___flmul@a+3
  3052  069B  1683               	bsf	3,5	;RP0=1, select bank1
  3053  069C  0851               	movf	(main@hum+2)^(0+128),w
  3054  069D  1283               	bcf	3,5	;RP0=0, select bank0
  3055  069E  00C0               	movwf	___flmul@a+2
  3056  069F  1683               	bsf	3,5	;RP0=1, select bank1
  3057  06A0  0850               	movf	(main@hum+1)^(0+128),w
  3058  06A1  1283               	bcf	3,5	;RP0=0, select bank0
  3059  06A2  00BF               	movwf	___flmul@a+1
  3060  06A3  1683               	bsf	3,5	;RP0=1, select bank1
  3061  06A4  084F               	movf	main@hum^(0+128),w
  3062  06A5  1283               	bcf	3,5	;RP0=0, select bank0
  3063  06A6  00BE               	movwf	___flmul@a
  3064  06A7  3041               	movlw	65
  3065  06A8  00BD               	movwf	___flmul@b+3
  3066  06A9  3020               	movlw	32
  3067  06AA  00BC               	movwf	___flmul@b+2
  3068  06AB  3000               	movlw	0
  3069  06AC  00BB               	movwf	___flmul@b+1
  3070  06AD  3000               	movlw	0
  3071  06AE  00BA               	movwf	___flmul@b
  3072  06AF  120A  158A  250B  120A  118A  	fcall	___flmul
  3073  06B4  083D               	movf	?___flmul+3,w
  3074  06B5  00DB               	movwf	___fladd@a+3
  3075  06B6  083C               	movf	?___flmul+2,w
  3076  06B7  00DA               	movwf	___fladd@a+2
  3077  06B8  083B               	movf	?___flmul+1,w
  3078  06B9  00D9               	movwf	___fladd@a+1
  3079  06BA  083A               	movf	?___flmul,w
  3080  06BB  00D8               	movwf	___fladd@a
  3081  06BC  303F               	movlw	63
  3082  06BD  00D7               	movwf	___fladd@b+3
  3083  06BE  3000               	movlw	0
  3084  06BF  00D6               	movwf	___fladd@b+2
  3085  06C0  3000               	movlw	0
  3086  06C1  00D5               	movwf	___fladd@b+1
  3087  06C2  3000               	movlw	0
  3088  06C3  00D4               	movwf	___fladd@b
  3089  06C4  120A  158A  22DE  120A  118A  	fcall	___fladd
  3090  06C9  0857               	movf	?___fladd+3,w
  3091  06CA  00EB               	movwf	___fltol@f1+3
  3092  06CB  0856               	movf	?___fladd+2,w
  3093  06CC  00EA               	movwf	___fltol@f1+2
  3094  06CD  0855               	movf	?___fladd+1,w
  3095  06CE  00E9               	movwf	___fltol@f1+1
  3096  06CF  0854               	movf	?___fladd,w
  3097  06D0  00E8               	movwf	___fltol@f1
  3098  06D1  160A  158A  26FA  120A  118A  	fcall	___fltol
  3099  06D6  0869               	movf	?___fltol+1,w
  3100  06D7  1683               	bsf	3,5	;RP0=1, select bank1
  3101  06D8  00CB               	movwf	(main@h10+1)^(0+128)
  3102  06D9  1283               	bcf	3,5	;RP0=0, select bank0
  3103  06DA  0868               	movf	?___fltol,w
  3104  06DB  1683               	bsf	3,5	;RP0=1, select bank1
  3105  06DC  00CA               	movwf	main@h10^(0+128)
  3106                           
  3107                           ;main.c: 349:                 csv[p++] = '0' + ((h10 / 100) % 10);
  3108  06DD  300A               	movlw	10
  3109  06DE  00F8               	movwf	___lwmod@divisor
  3110  06DF  3000               	movlw	0
  3111  06E0  00F9               	movwf	___lwmod@divisor+1
  3112  06E1  3064               	movlw	100
  3113  06E2  00F0               	movwf	___lwdiv@divisor
  3114  06E3  3000               	movlw	0
  3115  06E4  00F1               	movwf	___lwdiv@divisor+1
  3116  06E5  084B               	movf	(main@h10+1)^(0+128),w
  3117  06E6  00F3               	movwf	___lwdiv@dividend+1
  3118  06E7  084A               	movf	main@h10^(0+128),w
  3119  06E8  00F2               	movwf	___lwdiv@dividend
  3120  06E9  160A  158A  246B  120A  118A  	fcall	___lwdiv
  3121  06EE  0871               	movf	?___lwdiv+1,w
  3122  06EF  00FB               	movwf	___lwmod@dividend+1
  3123  06F0  0870               	movf	?___lwdiv,w
  3124  06F1  00FA               	movwf	___lwmod@dividend
  3125  06F2  160A  158A  2406  120A  118A  	fcall	___lwmod
  3126  06F7  0878               	movf	?___lwmod,w
  3127  06F8  3E30               	addlw	48
  3128  06F9  00C0               	movwf	??_main^(0+128)
  3129  06FA  085E               	movf	main@p^(0+128),w
  3130  06FB  3EC5               	addlw	(low (_csv| (0+256)))& (0+255)
  3131  06FC  0084               	movwf	4
  3132  06FD  0840               	movf	??_main^(0+128),w
  3133  06FE  1783               	bsf	3,7	;select IRP bank3
  3134  06FF  0080               	movwf	0
  3135  0700  3001               	movlw	1
  3136  0701  00C0               	movwf	??_main^(0+128)
  3137  0702  0840               	movf	??_main^(0+128),w
  3138  0703  07DE               	addwf	main@p^(0+128),f
  3139                           
  3140                           ;main.c: 350:                 csv[p++] = '0' + ((h10 / 10) % 10);
  3141  0704  300A               	movlw	10
  3142  0705  00F8               	movwf	___lwmod@divisor
  3143  0706  3000               	movlw	0
  3144  0707  00F9               	movwf	___lwmod@divisor+1
  3145  0708  300A               	movlw	10
  3146  0709  00F0               	movwf	___lwdiv@divisor
  3147  070A  3000               	movlw	0
  3148  070B  00F1               	movwf	___lwdiv@divisor+1
  3149  070C  084B               	movf	(main@h10+1)^(0+128),w
  3150  070D  00F3               	movwf	___lwdiv@dividend+1
  3151  070E  084A               	movf	main@h10^(0+128),w
  3152  070F  00F2               	movwf	___lwdiv@dividend
  3153  0710  160A  158A  246B  120A  118A  	fcall	___lwdiv
  3154  0715  0871               	movf	?___lwdiv+1,w
  3155  0716  00FB               	movwf	___lwmod@dividend+1
  3156  0717  0870               	movf	?___lwdiv,w
  3157  0718  00FA               	movwf	___lwmod@dividend
  3158  0719  160A  158A  2406  120A  118A  	fcall	___lwmod
  3159  071E  0878               	movf	?___lwmod,w
  3160  071F  3E30               	addlw	48
  3161  0720  00C0               	movwf	??_main^(0+128)
  3162  0721  085E               	movf	main@p^(0+128),w
  3163  0722  3EC5               	addlw	(low (_csv| (0+256)))& (0+255)
  3164  0723  0084               	movwf	4
  3165  0724  0840               	movf	??_main^(0+128),w
  3166  0725  1783               	bsf	3,7	;select IRP bank3
  3167  0726  0080               	movwf	0
  3168  0727  3001               	movlw	1
  3169  0728  00C0               	movwf	??_main^(0+128)
  3170  0729  0840               	movf	??_main^(0+128),w
  3171  072A  07DE               	addwf	main@p^(0+128),f
  3172                           
  3173                           ;main.c: 351:                 csv[p++] = '.';
  3174  072B  302E               	movlw	46
  3175  072C  00C0               	movwf	??_main^(0+128)
  3176  072D  085E               	movf	main@p^(0+128),w
  3177  072E  3EC5               	addlw	(low (_csv| (0+256)))& (0+255)
  3178  072F  0084               	movwf	4
  3179  0730  0840               	movf	??_main^(0+128),w
  3180  0731  0080               	movwf	0
  3181  0732  3001               	movlw	1
  3182  0733  00C0               	movwf	??_main^(0+128)
  3183  0734  0840               	movf	??_main^(0+128),w
  3184  0735  07DE               	addwf	main@p^(0+128),f
  3185                           
  3186                           ;main.c: 352:                 csv[p++] = '0' + (h10 % 10);
  3187  0736  300A               	movlw	10
  3188  0737  00F8               	movwf	___lwmod@divisor
  3189  0738  3000               	movlw	0
  3190  0739  00F9               	movwf	___lwmod@divisor+1
  3191  073A  084B               	movf	(main@h10+1)^(0+128),w
  3192  073B  00FB               	movwf	___lwmod@dividend+1
  3193  073C  084A               	movf	main@h10^(0+128),w
  3194  073D  00FA               	movwf	___lwmod@dividend
  3195  073E  160A  158A  2406  120A  118A  	fcall	___lwmod
  3196  0743  0878               	movf	?___lwmod,w
  3197  0744  3E30               	addlw	48
  3198  0745  00C0               	movwf	??_main^(0+128)
  3199  0746  085E               	movf	main@p^(0+128),w
  3200  0747  3EC5               	addlw	(low (_csv| (0+256)))& (0+255)
  3201  0748  0084               	movwf	4
  3202  0749  0840               	movf	??_main^(0+128),w
  3203  074A  1783               	bsf	3,7	;select IRP bank3
  3204  074B  0080               	movwf	0
  3205  074C  3001               	movlw	1
  3206  074D  00C0               	movwf	??_main^(0+128)
  3207  074E  0840               	movf	??_main^(0+128),w
  3208  074F  07DE               	addwf	main@p^(0+128),f
  3209                           
  3210                           ;main.c: 355:                 csv[p++] = '\r';
  3211  0750  300D               	movlw	13
  3212  0751  00C0               	movwf	??_main^(0+128)
  3213  0752  085E               	movf	main@p^(0+128),w
  3214  0753  3EC5               	addlw	(low (_csv| (0+256)))& (0+255)
  3215  0754  0084               	movwf	4
  3216  0755  0840               	movf	??_main^(0+128),w
  3217  0756  0080               	movwf	0
  3218  0757  3001               	movlw	1
  3219  0758  00C0               	movwf	??_main^(0+128)
  3220  0759  0840               	movf	??_main^(0+128),w
  3221  075A  07DE               	addwf	main@p^(0+128),f
  3222                           
  3223                           ;main.c: 356:                 csv[p++] = '\n';
  3224  075B  300A               	movlw	10
  3225  075C  00C0               	movwf	??_main^(0+128)
  3226  075D  085E               	movf	main@p^(0+128),w
  3227  075E  3EC5               	addlw	(low (_csv| (0+256)))& (0+255)
  3228  075F  0084               	movwf	4
  3229  0760  0840               	movf	??_main^(0+128),w
  3230  0761  0080               	movwf	0
  3231  0762  3001               	movlw	1
  3232  0763  00C0               	movwf	??_main^(0+128)
  3233  0764  0840               	movf	??_main^(0+128),w
  3234  0765  07DE               	addwf	main@p^(0+128),f
  3235                           
  3236                           ;main.c: 357:                 csv[p] = '\0';
  3237  0766  085E               	movf	main@p^(0+128),w
  3238  0767  3EC5               	addlw	(low (_csv| (0+256)))& (0+255)
  3239  0768  0084               	movwf	4
  3240  0769  0180               	clrf	0
  3241                           
  3242                           ;main.c: 360:                 if(FAT32_AppendLine("DATA.TXT", csv)) {
  3243  076A  30C5               	movlw	(low (_csv| (0+256)))& (0+255)
  3244  076B  00FC               	movwf	FAT32_AppendLine@line
  3245  076C  3001               	movlw	1
  3246  076D  00FD               	movwf	FAT32_AppendLine@line+1
  3247  076E  305C               	movlw	(low ((STR_16-__stringbase)| (0+32768)))& (0+255)
  3248  076F  160A  158A  2528  120A  118A  	fcall	_FAT32_AppendLine
  3249  0774  3A00               	xorlw	0
  3250  0775  1903               	skipnz
  3251  0776  2F97               	goto	l4623
  3252                           
  3253                           ;main.c: 362:                     Lcd_Set_Cursor(2, 15);
  3254  0777  300F               	movlw	15
  3255  0778  00C0               	movwf	??_main^(0+128)
  3256  0779  0840               	movf	??_main^(0+128),w
  3257  077A  00F4               	movwf	Lcd_Set_Cursor@b
  3258  077B  3002               	movlw	2
  3259  077C  160A  158A  23B0  120A  118A  	fcall	_Lcd_Set_Cursor
  3260                           
  3261                           ;main.c: 363:                     Lcd_Write_Char('S');
  3262  0781  3053               	movlw	83
  3263  0782  160A  158A  24A7  120A  118A  	fcall	_Lcd_Write_Char
  3264                           
  3265                           ;main.c: 364:                     _delay((unsigned long)((500)*(20000000/4000.0)));
  3266  0787  300D               	movlw	13
  3267  0788  1683               	bsf	3,5	;RP0=1, select bank1
  3268  0789  1303               	bcf	3,6	;RP1=0, select bank1
  3269  078A  00C2               	movwf	(??_main^(0+128)+2)
  3270  078B  30AF               	movlw	175
  3271  078C  00C1               	movwf	(??_main^(0+128)+1)
  3272  078D  30B5               	movlw	181
  3273  078E  00C0               	movwf	??_main^(0+128)
  3274  078F                     u6177:
  3275  078F  0BC0               	decfsz	??_main^(0+128),f
  3276  0790  2F8F               	goto	u6177
  3277  0791  0BC1               	decfsz	(??_main^(0+128)+1),f
  3278  0792  2F8F               	goto	u6177
  3279  0793  0BC2               	decfsz	(??_main^(0+128)+2),f
  3280  0794  2F8F               	goto	u6177
  3281  0795  2F96               	nop2
  3282                           
  3283                           ;main.c: 365:                 } else {
  3284  0796  2FB5               	goto	l4631
  3285  0797                     l4623:
  3286                           
  3287                           ;main.c: 366:                     sd = 0;
  3288  0797  01C9               	clrf	main@sd^(0+128)
  3289                           
  3290                           ;main.c: 367:                     Lcd_Set_Cursor(2, 1);
  3291  0798  01F4               	clrf	Lcd_Set_Cursor@b
  3292  0799  0AF4               	incf	Lcd_Set_Cursor@b,f
  3293  079A  3002               	movlw	2
  3294  079B  160A  158A  23B0  120A  118A  	fcall	_Lcd_Set_Cursor
  3295                           
  3296                           ;main.c: 368:                     Lcd_Write_String("SD FAIL!      ");
  3297  07A0  3026               	movlw	(low ((STR_21-__stringbase)| (0+32768)))& (0+255)
  3298  07A1  160A  158A  2323  120A  118A  	fcall	_Lcd_Write_String
  3299                           
  3300                           ;main.c: 369:                     _delay((unsigned long)((1000)*(20000000/4000.0)));
  3301  07A6  301A               	movlw	26
  3302  07A7  1683               	bsf	3,5	;RP0=1, select bank1
  3303  07A8  1303               	bcf	3,6	;RP1=0, select bank1
  3304  07A9  00C2               	movwf	(??_main^(0+128)+2)
  3305  07AA  305E               	movlw	94
  3306  07AB  00C1               	movwf	(??_main^(0+128)+1)
  3307  07AC  306D               	movlw	109
  3308  07AD  00C0               	movwf	??_main^(0+128)
  3309  07AE                     u6187:
  3310  07AE  0BC0               	decfsz	??_main^(0+128),f
  3311  07AF  2FAE               	goto	u6187
  3312  07B0  0BC1               	decfsz	(??_main^(0+128)+1),f
  3313  07B1  2FAE               	goto	u6187
  3314  07B2  0BC2               	decfsz	(??_main^(0+128)+2),f
  3315  07B3  2FAE               	goto	u6187
  3316  07B4  2FB5               	nop2
  3317  07B5                     l4631:
  3318                           
  3319                           ;main.c: 374:         _delay((unsigned long)((500)*(20000000/4000.0)));
  3320  07B5  300D               	movlw	13
  3321  07B6  1683               	bsf	3,5	;RP0=1, select bank1
  3322  07B7  1303               	bcf	3,6	;RP1=0, select bank1
  3323  07B8  00C2               	movwf	(??_main^(0+128)+2)
  3324  07B9  30AF               	movlw	175
  3325  07BA  00C1               	movwf	(??_main^(0+128)+1)
  3326  07BB  30B5               	movlw	181
  3327  07BC  00C0               	movwf	??_main^(0+128)
  3328  07BD                     u6197:
  3329  07BD  0BC0               	decfsz	??_main^(0+128),f
  3330  07BE  2FBD               	goto	u6197
  3331  07BF  0BC1               	decfsz	(??_main^(0+128)+1),f
  3332  07C0  2FBD               	goto	u6197
  3333  07C1  0BC2               	decfsz	(??_main^(0+128)+2),f
  3334  07C2  2FBD               	goto	u6197
  3335  07C3  2FC4               	nop2
  3336  07C4  2B31               	goto	l4441
  3337  07C5                     __end_of_main:
  3338                           
  3339                           	psect	text1
  3340  1B8B                     __ptext1:	
  3341 ;; *************** function _read_button_press *****************
  3342 ;; Defined at:
  3343 ;;		line 179 in file "main.c"
  3344 ;; Parameters:    Size  Location     Type
  3345 ;;		None
  3346 ;; Auto vars:     Size  Location     Type
  3347 ;;  current_butt    1    2[COMMON] unsigned char 
  3348 ;; Return value:  Size  Location     Type
  3349 ;;                  1    wreg      unsigned char 
  3350 ;; Registers used:
  3351 ;;		wreg, status,2, status,0
  3352 ;; Tracked objects:
  3353 ;;		On entry : 0/100
  3354 ;;		On exit  : 200/0
  3355 ;;		Unchanged: 0/0
  3356 ;; Data sizes:     COMMON   BANK0   BANK1   BANK3   BANK2
  3357 ;;      Params:         0       0       0       0       0
  3358 ;;      Locals:         1       0       0       0       0
  3359 ;;      Temps:          2       0       0       0       0
  3360 ;;      Totals:         3       0       0       0       0
  3361 ;;Total ram usage:        3 bytes
  3362 ;; Hardware stack levels used: 1
  3363 ;; This function calls:
  3364 ;;		Nothing
  3365 ;; This function is called by:
  3366 ;;		_main
  3367 ;; This function uses a non-reentrant model
  3368 ;;
  3369                           
  3370                           
  3371                           ;psect for function _read_button_press
  3372  1B8B                     _read_button_press:
  3373                           
  3374                           ;main.c: 180:     static uint8_t last_button = 1;;main.c: 181:     uint8_t current_butto
      +                          n = PORTAbits.RA2;
  3375                           
  3376                           ;incstack = 0
  3377                           ; Regs used in _read_button_press: [wreg+status,2+status,0]
  3378  1B8B  3000               	movlw	0
  3379  1B8C  1283               	bcf	3,5	;RP0=0, select bank0
  3380  1B8D  1303               	bcf	3,6	;RP1=0, select bank0
  3381  1B8E  1905               	btfsc	5,2	;volatile
  3382  1B8F  3001               	movlw	1
  3383  1B90  00F2               	movwf	read_button_press@current_button
  3384                           
  3385                           ;main.c: 184:     if(current_button == 0 && last_button == 1) {
  3386  1B91  0872               	movf	read_button_press@current_button,w
  3387  1B92  1D03               	btfss	3,2
  3388  1B93  2BA8               	goto	l4143
  3389  1B94  1683               	bsf	3,5	;RP0=1, select bank1
  3390  1B95  036D               	decf	read_button_press@last_button^(0+128),w
  3391  1B96  1D03               	btfss	3,2
  3392  1B97  2BA8               	goto	l4143
  3393                           
  3394                           ;main.c: 185:         _delay((unsigned long)((30)*(20000000/4000.0)));
  3395  1B98  30C3               	movlw	195
  3396  1B99  00F1               	movwf	??_read_button_press+1
  3397  1B9A  30CD               	movlw	205
  3398  1B9B  00F0               	movwf	??_read_button_press
  3399  1B9C                     u6207:
  3400  1B9C  0BF0               	decfsz	??_read_button_press,f
  3401  1B9D  2B9C               	goto	u6207
  3402  1B9E  0BF1               	decfsz	??_read_button_press+1,f
  3403  1B9F  2B9C               	goto	u6207
  3404                           
  3405                           ;main.c: 186:         if(PORTAbits.RA2 == 0) {
  3406  1BA0  1283               	bcf	3,5	;RP0=0, select bank0
  3407  1BA1  1303               	bcf	3,6	;RP1=0, select bank0
  3408  1BA2  1905               	btfsc	5,2	;volatile
  3409  1BA3  2BA8               	goto	l4143
  3410                           
  3411                           ;main.c: 187:             last_button = 0;
  3412  1BA4  1683               	bsf	3,5	;RP0=1, select bank1
  3413  1BA5  01ED               	clrf	read_button_press@last_button^(0+128)
  3414                           
  3415                           ;main.c: 188:             return 1;
  3416  1BA6  3001               	movlw	1
  3417  1BA7  0008               	return
  3418  1BA8                     l4143:
  3419                           
  3420                           ;main.c: 193:     if(current_button == 1) {
  3421  1BA8  0372               	decf	read_button_press@current_button,w
  3422  1BA9  1D03               	btfss	3,2
  3423  1BAA  2BAE               	goto	l4147
  3424                           
  3425                           ;main.c: 194:         last_button = 1;
  3426  1BAB  1683               	bsf	3,5	;RP0=1, select bank1
  3427  1BAC  01ED               	clrf	read_button_press@last_button^(0+128)
  3428  1BAD  0AED               	incf	read_button_press@last_button^(0+128),f
  3429  1BAE                     l4147:
  3430                           
  3431                           ;main.c: 197:     return 0;
  3432  1BAE  3000               	movlw	0
  3433  1BAF  0008               	return
  3434  1BB0                     __end_of_read_button_press:
  3435                           
  3436                           	psect	text2
  3437  1E88                     __ptext2:	
  3438 ;; *************** function _display_stats_screen *****************
  3439 ;; Defined at:
  3440 ;;		line 150 in file "main.c"
  3441 ;; Parameters:    Size  Location     Type
  3442 ;;		None
  3443 ;; Auto vars:     Size  Location     Type
  3444 ;;		None
  3445 ;; Return value:  Size  Location     Type
  3446 ;;                  1    wreg      void 
  3447 ;; Registers used:
  3448 ;;		wreg, fsr0l, fsr0h, status,2, status,0, btemp+1, pclath, cstack
  3449 ;; Tracked objects:
  3450 ;;		On entry : 100/100
  3451 ;;		On exit  : 0/0
  3452 ;;		Unchanged: 0/0
  3453 ;; Data sizes:     COMMON   BANK0   BANK1   BANK3   BANK2
  3454 ;;      Params:         0       0       0       0       0
  3455 ;;      Locals:         0       0       0       0       0
  3456 ;;      Temps:          0       0       0       0       0
  3457 ;;      Totals:         0       0       0       0       0
  3458 ;;Total ram usage:        0 bytes
  3459 ;; Hardware stack levels used: 1
  3460 ;; Hardware stack levels required when called: 3
  3461 ;; This function calls:
  3462 ;;		_Lcd_Set_Cursor
  3463 ;;		_Lcd_Write_Char
  3464 ;;		_Lcd_Write_String
  3465 ;;		_pf
  3466 ;; This function is called by:
  3467 ;;		_main
  3468 ;; This function uses a non-reentrant model
  3469 ;;
  3470                           
  3471                           
  3472                           ;psect for function _display_stats_screen
  3473  1E88                     _display_stats_screen:
  3474                           
  3475                           ;main.c: 151:     Lcd_Set_Cursor(1, 1);
  3476                           
  3477                           ;incstack = 0
  3478                           ; Regs used in _display_stats_screen: [wreg-fsr0h+status,2+status,0+btemp+1+pclath+cstac
      +                          k]
  3479  1E88  01F4               	clrf	Lcd_Set_Cursor@b
  3480  1E89  0AF4               	incf	Lcd_Set_Cursor@b,f
  3481  1E8A  3001               	movlw	1
  3482  1E8B  160A  158A  23B0  160A  158A  	fcall	_Lcd_Set_Cursor
  3483                           
  3484                           ;main.c: 152:     Lcd_Write_String("Min:");
  3485  1E90  3087               	movlw	(low ((STR_5-__stringbase)| (0+32768)))& (0+255)
  3486  1E91  160A  158A  2323  160A  158A  	fcall	_Lcd_Write_String
  3487                           
  3488                           ;main.c: 153:     pf(temp_stats.min);
  3489  1E96  3009               	movlw	9
  3490  1E97  3E90               	addlw	(low (_temp_stats| (0+256)))& (0+255)
  3491  1E98  0084               	movwf	4
  3492  1E99  1783               	bsf	3,7	;select IRP bank3
  3493  1E9A  0800               	movf	0,w
  3494  1E9B  1683               	bsf	3,5	;RP0=1, select bank1
  3495  1E9C  1303               	bcf	3,6	;RP1=0, select bank1
  3496  1E9D  00A5               	movwf	pf@f^(0+128)
  3497  1E9E  0A84               	incf	4,f
  3498  1E9F  0800               	movf	0,w
  3499  1EA0  00A6               	movwf	(pf@f+1)^(0+128)
  3500  1EA1  0A84               	incf	4,f
  3501  1EA2  0800               	movf	0,w
  3502  1EA3  00A7               	movwf	(pf@f+2)^(0+128)
  3503  1EA4  0A84               	incf	4,f
  3504  1EA5  0800               	movf	0,w
  3505  1EA6  00A8               	movwf	(pf@f+3)^(0+128)
  3506  1EA7  160A  118A  24A3  160A  158A  	fcall	_pf
  3507                           
  3508                           ;main.c: 154:     Lcd_Write_String(" Max:");
  3509  1EAC  306D               	movlw	(low ((STR_6-__stringbase)| (0+32768)))& (0+255)
  3510  1EAD  160A  158A  2323  160A  158A  	fcall	_Lcd_Write_String
  3511                           
  3512                           ;main.c: 155:     pf(temp_stats.max);
  3513  1EB2  3019               	movlw	25
  3514  1EB3  3E90               	addlw	(low (_temp_stats| (0+256)))& (0+255)
  3515  1EB4  0084               	movwf	4
  3516  1EB5  1783               	bsf	3,7	;select IRP bank3
  3517  1EB6  0800               	movf	0,w
  3518  1EB7  1683               	bsf	3,5	;RP0=1, select bank1
  3519  1EB8  1303               	bcf	3,6	;RP1=0, select bank1
  3520  1EB9  00A5               	movwf	pf@f^(0+128)
  3521  1EBA  0A84               	incf	4,f
  3522  1EBB  0800               	movf	0,w
  3523  1EBC  00A6               	movwf	(pf@f+1)^(0+128)
  3524  1EBD  0A84               	incf	4,f
  3525  1EBE  0800               	movf	0,w
  3526  1EBF  00A7               	movwf	(pf@f+2)^(0+128)
  3527  1EC0  0A84               	incf	4,f
  3528  1EC1  0800               	movf	0,w
  3529  1EC2  00A8               	movwf	(pf@f+3)^(0+128)
  3530  1EC3  160A  118A  24A3  160A  158A  	fcall	_pf
  3531                           
  3532                           ;main.c: 157:     Lcd_Set_Cursor(2, 1);
  3533  1EC8  01F4               	clrf	Lcd_Set_Cursor@b
  3534  1EC9  0AF4               	incf	Lcd_Set_Cursor@b,f
  3535  1ECA  3002               	movlw	2
  3536  1ECB  160A  158A  23B0  160A  158A  	fcall	_Lcd_Set_Cursor
  3537                           
  3538                           ;main.c: 158:     Lcd_Write_String("Med:");
  3539  1ED0  3082               	movlw	(low ((STR_7-__stringbase)| (0+32768)))& (0+255)
  3540  1ED1  160A  158A  2323  160A  158A  	fcall	_Lcd_Write_String
  3541                           
  3542                           ;main.c: 159:     pf(temp_stats.mean);
  3543  1ED6  3001               	movlw	1
  3544  1ED7  3E90               	addlw	(low (_temp_stats| (0+256)))& (0+255)
  3545  1ED8  0084               	movwf	4
  3546  1ED9  1783               	bsf	3,7	;select IRP bank3
  3547  1EDA  0800               	movf	0,w
  3548  1EDB  1683               	bsf	3,5	;RP0=1, select bank1
  3549  1EDC  1303               	bcf	3,6	;RP1=0, select bank1
  3550  1EDD  00A5               	movwf	pf@f^(0+128)
  3551  1EDE  0A84               	incf	4,f
  3552  1EDF  0800               	movf	0,w
  3553  1EE0  00A6               	movwf	(pf@f+1)^(0+128)
  3554  1EE1  0A84               	incf	4,f
  3555  1EE2  0800               	movf	0,w
  3556  1EE3  00A7               	movwf	(pf@f+2)^(0+128)
  3557  1EE4  0A84               	incf	4,f
  3558  1EE5  0800               	movf	0,w
  3559  1EE6  00A8               	movwf	(pf@f+3)^(0+128)
  3560  1EE7  160A  118A  24A3  160A  158A  	fcall	_pf
  3561                           
  3562                           ;main.c: 160:     Lcd_Write_String("C n=");
  3563  1EEC  308C               	movlw	(low ((STR_8-__stringbase)| (0+32768)))& (0+255)
  3564  1EED  160A  158A  2323  160A  158A  	fcall	_Lcd_Write_String
  3565                           
  3566                           ;main.c: 161:     Lcd_Write_Char('0' + temp_stats.count);
  3567  1EF2  1683               	bsf	3,5	;RP0=1, select bank3
  3568  1EF3  1703               	bsf	3,6	;RP1=1, select bank3
  3569  1EF4  0810               	movf	_temp_stats^(0+384),w
  3570  1EF5  3E30               	addlw	48
  3571  1EF6  160A  158A  24A7   	fcall	_Lcd_Write_Char
  3572  1EF9  0008               	return
  3573  1EFA                     __end_of_display_stats_screen:
  3574                           
  3575                           	psect	text3
  3576  1E1F                     __ptext3:	
  3577 ;; *************** function _display_quartiles_screen *****************
  3578 ;; Defined at:
  3579 ;;		line 165 in file "main.c"
  3580 ;; Parameters:    Size  Location     Type
  3581 ;;		None
  3582 ;; Auto vars:     Size  Location     Type
  3583 ;;		None
  3584 ;; Return value:  Size  Location     Type
  3585 ;;                  1    wreg      void 
  3586 ;; Registers used:
  3587 ;;		wreg, fsr0l, fsr0h, status,2, status,0, btemp+1, pclath, cstack
  3588 ;; Tracked objects:
  3589 ;;		On entry : 300/100
  3590 ;;		On exit  : 0/0
  3591 ;;		Unchanged: 0/0
  3592 ;; Data sizes:     COMMON   BANK0   BANK1   BANK3   BANK2
  3593 ;;      Params:         0       0       0       0       0
  3594 ;;      Locals:         0       0       0       0       0
  3595 ;;      Temps:          0       0       0       0       0
  3596 ;;      Totals:         0       0       0       0       0
  3597 ;;Total ram usage:        0 bytes
  3598 ;; Hardware stack levels used: 1
  3599 ;; Hardware stack levels required when called: 3
  3600 ;; This function calls:
  3601 ;;		_Lcd_Set_Cursor
  3602 ;;		_Lcd_Write_String
  3603 ;;		_pf
  3604 ;; This function is called by:
  3605 ;;		_main
  3606 ;; This function uses a non-reentrant model
  3607 ;;
  3608                           
  3609                           
  3610                           ;psect for function _display_quartiles_screen
  3611  1E1F                     _display_quartiles_screen:
  3612                           
  3613                           ;main.c: 166:     Lcd_Set_Cursor(1, 1);
  3614                           
  3615                           ;incstack = 0
  3616                           ; Regs used in _display_quartiles_screen: [wreg-fsr0h+status,2+status,0+btemp+1+pclath+c
      +                          stack]
  3617  1E1F  01F4               	clrf	Lcd_Set_Cursor@b
  3618  1E20  0AF4               	incf	Lcd_Set_Cursor@b,f
  3619  1E21  3001               	movlw	1
  3620  1E22  160A  158A  23B0  160A  158A  	fcall	_Lcd_Set_Cursor
  3621                           
  3622                           ;main.c: 167:     Lcd_Write_String("Q1:");
  3623  1E27  3091               	movlw	(low ((STR_9-__stringbase)| (0+32768)))& (0+255)
  3624  1E28  160A  158A  2323  160A  158A  	fcall	_Lcd_Write_String
  3625                           
  3626                           ;main.c: 168:     pf(temp_stats.q25);
  3627  1E2D  300D               	movlw	13
  3628  1E2E  3E90               	addlw	(low (_temp_stats| (0+256)))& (0+255)
  3629  1E2F  0084               	movwf	4
  3630  1E30  1783               	bsf	3,7	;select IRP bank3
  3631  1E31  0800               	movf	0,w
  3632  1E32  1683               	bsf	3,5	;RP0=1, select bank1
  3633  1E33  1303               	bcf	3,6	;RP1=0, select bank1
  3634  1E34  00A5               	movwf	pf@f^(0+128)
  3635  1E35  0A84               	incf	4,f
  3636  1E36  0800               	movf	0,w
  3637  1E37  00A6               	movwf	(pf@f+1)^(0+128)
  3638  1E38  0A84               	incf	4,f
  3639  1E39  0800               	movf	0,w
  3640  1E3A  00A7               	movwf	(pf@f+2)^(0+128)
  3641  1E3B  0A84               	incf	4,f
  3642  1E3C  0800               	movf	0,w
  3643  1E3D  00A8               	movwf	(pf@f+3)^(0+128)
  3644  1E3E  160A  118A  24A3  160A  158A  	fcall	_pf
  3645                           
  3646                           ;main.c: 169:     Lcd_Write_String(" Q3:");
  3647  1E43  3078               	movlw	(low ((STR_10-__stringbase)| (0+32768)))& (0+255)
  3648  1E44  160A  158A  2323  160A  158A  	fcall	_Lcd_Write_String
  3649                           
  3650                           ;main.c: 170:     pf(temp_stats.q75);
  3651  1E49  3015               	movlw	21
  3652  1E4A  3E90               	addlw	(low (_temp_stats| (0+256)))& (0+255)
  3653  1E4B  0084               	movwf	4
  3654  1E4C  1783               	bsf	3,7	;select IRP bank3
  3655  1E4D  0800               	movf	0,w
  3656  1E4E  1683               	bsf	3,5	;RP0=1, select bank1
  3657  1E4F  1303               	bcf	3,6	;RP1=0, select bank1
  3658  1E50  00A5               	movwf	pf@f^(0+128)
  3659  1E51  0A84               	incf	4,f
  3660  1E52  0800               	movf	0,w
  3661  1E53  00A6               	movwf	(pf@f+1)^(0+128)
  3662  1E54  0A84               	incf	4,f
  3663  1E55  0800               	movf	0,w
  3664  1E56  00A7               	movwf	(pf@f+2)^(0+128)
  3665  1E57  0A84               	incf	4,f
  3666  1E58  0800               	movf	0,w
  3667  1E59  00A8               	movwf	(pf@f+3)^(0+128)
  3668  1E5A  160A  118A  24A3  160A  158A  	fcall	_pf
  3669                           
  3670                           ;main.c: 172:     Lcd_Set_Cursor(2, 1);
  3671  1E5F  01F4               	clrf	Lcd_Set_Cursor@b
  3672  1E60  0AF4               	incf	Lcd_Set_Cursor@b,f
  3673  1E61  3002               	movlw	2
  3674  1E62  160A  158A  23B0  160A  158A  	fcall	_Lcd_Set_Cursor
  3675                           
  3676                           ;main.c: 173:     Lcd_Write_String("Q2:");
  3677  1E67  3095               	movlw	(low ((STR_11-__stringbase)| (0+32768)))& (0+255)
  3678  1E68  160A  158A  2323  160A  158A  	fcall	_Lcd_Write_String
  3679                           
  3680                           ;main.c: 174:     pf(temp_stats.median);
  3681  1E6D  3011               	movlw	17
  3682  1E6E  3E90               	addlw	(low (_temp_stats| (0+256)))& (0+255)
  3683  1E6F  0084               	movwf	4
  3684  1E70  1783               	bsf	3,7	;select IRP bank3
  3685  1E71  0800               	movf	0,w
  3686  1E72  1683               	bsf	3,5	;RP0=1, select bank1
  3687  1E73  1303               	bcf	3,6	;RP1=0, select bank1
  3688  1E74  00A5               	movwf	pf@f^(0+128)
  3689  1E75  0A84               	incf	4,f
  3690  1E76  0800               	movf	0,w
  3691  1E77  00A6               	movwf	(pf@f+1)^(0+128)
  3692  1E78  0A84               	incf	4,f
  3693  1E79  0800               	movf	0,w
  3694  1E7A  00A7               	movwf	(pf@f+2)^(0+128)
  3695  1E7B  0A84               	incf	4,f
  3696  1E7C  0800               	movf	0,w
  3697  1E7D  00A8               	movwf	(pf@f+3)^(0+128)
  3698  1E7E  160A  118A  24A3  160A  158A  	fcall	_pf
  3699                           
  3700                           ;main.c: 175:     Lcd_Write_String("C      ");
  3701  1E83  3065               	movlw	(low ((STR_12-__stringbase)| (0+32768)))& (0+255)
  3702  1E84  160A  158A  2323   	fcall	_Lcd_Write_String
  3703  1E87  0008               	return
  3704  1E88                     __end_of_display_quartiles_screen:
  3705                           
  3706                           	psect	text4
  3707  10D8                     __ptext4:	
  3708 ;; *************** function _display_main_screen *****************
  3709 ;; Defined at:
  3710 ;;		line 133 in file "main.c"
  3711 ;; Parameters:    Size  Location     Type
  3712 ;;  t               1    wreg     PTR struct .
  3713 ;;		 -> main@t(7), 
  3714 ;;  temp            4   15[BANK1 ] float 
  3715 ;;  hum             4   19[BANK1 ] float 
  3716 ;; Auto vars:     Size  Location     Type
  3717 ;;  t               1   78[BANK0 ] PTR struct .
  3718 ;;		 -> main@t(7), 
  3719 ;; Return value:  Size  Location     Type
  3720 ;;                  1    wreg      void 
  3721 ;; Registers used:
  3722 ;;		wreg, fsr0l, fsr0h, status,2, status,0, btemp+1, pclath, cstack
  3723 ;; Tracked objects:
  3724 ;;		On entry : 300/100
  3725 ;;		On exit  : 0/0
  3726 ;;		Unchanged: 0/0
  3727 ;; Data sizes:     COMMON   BANK0   BANK1   BANK3   BANK2
  3728 ;;      Params:         0       0       8       0       0
  3729 ;;      Locals:         0       1       0       0       0
  3730 ;;      Temps:          0       0       0       0       0
  3731 ;;      Totals:         0       1       8       0       0
  3732 ;;Total ram usage:        9 bytes
  3733 ;; Hardware stack levels used: 1
  3734 ;; Hardware stack levels required when called: 3
  3735 ;; This function calls:
  3736 ;;		_Lcd_Set_Cursor
  3737 ;;		_Lcd_Write_Char
  3738 ;;		_Lcd_Write_String
  3739 ;;		_p2
  3740 ;;		_pf
  3741 ;; This function is called by:
  3742 ;;		_main
  3743 ;; This function uses a non-reentrant model
  3744 ;;
  3745                           
  3746                           
  3747                           ;psect for function _display_main_screen
  3748  10D8                     _display_main_screen:
  3749                           
  3750                           ;incstack = 0
  3751                           ; Regs used in _display_main_screen: [wreg-fsr0h+status,2+status,0+btemp+1+pclath+cstack
      +                          ]
  3752                           ;display_main_screen@t stored from wreg
  3753  10D8  1283               	bcf	3,5	;RP0=0, select bank0
  3754  10D9  00EE               	movwf	display_main_screen@t
  3755                           
  3756                           ;main.c: 134:     Lcd_Set_Cursor(1, 1);
  3757  10DA  01F4               	clrf	Lcd_Set_Cursor@b
  3758  10DB  0AF4               	incf	Lcd_Set_Cursor@b,f
  3759  10DC  3001               	movlw	1
  3760  10DD  160A  158A  23B0  160A  118A  	fcall	_Lcd_Set_Cursor
  3761                           
  3762                           ;main.c: 135:     p2(t->date); Lcd_Write_Char('/');
  3763  10E2  1283               	bcf	3,5	;RP0=0, select bank0
  3764  10E3  1303               	bcf	3,6	;RP1=0, select bank0
  3765  10E4  086E               	movf	display_main_screen@t,w
  3766  10E5  3E04               	addlw	4
  3767  10E6  0084               	movwf	4
  3768  10E7  1383               	bcf	3,7	;select IRP bank0
  3769  10E8  0800               	movf	0,w
  3770  10E9  160A  158A  2302  160A  118A  	fcall	_p2
  3771  10EE  302F               	movlw	47
  3772  10EF  160A  158A  24A7  160A  118A  	fcall	_Lcd_Write_Char
  3773                           
  3774                           ;main.c: 136:     p2(t->month); Lcd_Write_Char('/');
  3775  10F4  1283               	bcf	3,5	;RP0=0, select bank0
  3776  10F5  1303               	bcf	3,6	;RP1=0, select bank0
  3777  10F6  086E               	movf	display_main_screen@t,w
  3778  10F7  3E05               	addlw	5
  3779  10F8  0084               	movwf	4
  3780  10F9  1383               	bcf	3,7	;select IRP bank0
  3781  10FA  0800               	movf	0,w
  3782  10FB  160A  158A  2302  160A  118A  	fcall	_p2
  3783  1100  302F               	movlw	47
  3784  1101  160A  158A  24A7  160A  118A  	fcall	_Lcd_Write_Char
  3785                           
  3786                           ;main.c: 137:     p2(t->year); Lcd_Write_String(" ");
  3787  1106  1283               	bcf	3,5	;RP0=0, select bank0
  3788  1107  1303               	bcf	3,6	;RP1=0, select bank0
  3789  1108  086E               	movf	display_main_screen@t,w
  3790  1109  3E06               	addlw	6
  3791  110A  0084               	movwf	4
  3792  110B  1383               	bcf	3,7	;select IRP bank0
  3793  110C  0800               	movf	0,w
  3794  110D  160A  158A  2302  160A  118A  	fcall	_p2
  3795  1112  3024               	movlw	(low (((STR_15+13)-__stringbase)| (0+32768)))& (0+255)
  3796  1113  160A  158A  2323  160A  118A  	fcall	_Lcd_Write_String
  3797                           
  3798                           ;main.c: 138:     p2(t->hours); Lcd_Write_Char(':');
  3799  1118  1283               	bcf	3,5	;RP0=0, select bank0
  3800  1119  1303               	bcf	3,6	;RP1=0, select bank0
  3801  111A  086E               	movf	display_main_screen@t,w
  3802  111B  3E02               	addlw	2
  3803  111C  0084               	movwf	4
  3804  111D  1383               	bcf	3,7	;select IRP bank0
  3805  111E  0800               	movf	0,w
  3806  111F  160A  158A  2302  160A  118A  	fcall	_p2
  3807  1124  303A               	movlw	58
  3808  1125  160A  158A  24A7  160A  118A  	fcall	_Lcd_Write_Char
  3809                           
  3810                           ;main.c: 139:     p2(t->minutes);
  3811  112A  1283               	bcf	3,5	;RP0=0, select bank0
  3812  112B  1303               	bcf	3,6	;RP1=0, select bank0
  3813  112C  0A6E               	incf	display_main_screen@t,w
  3814  112D  0084               	movwf	4
  3815  112E  1383               	bcf	3,7	;select IRP bank0
  3816  112F  0800               	movf	0,w
  3817  1130  160A  158A  2302  160A  118A  	fcall	_p2
  3818                           
  3819                           ;main.c: 141:     Lcd_Set_Cursor(2, 1);
  3820  1135  01F4               	clrf	Lcd_Set_Cursor@b
  3821  1136  0AF4               	incf	Lcd_Set_Cursor@b,f
  3822  1137  3002               	movlw	2
  3823  1138  160A  158A  23B0  160A  118A  	fcall	_Lcd_Set_Cursor
  3824                           
  3825                           ;main.c: 142:     Lcd_Write_String("T:");
  3826  113D  3099               	movlw	(low ((STR_2-__stringbase)| (0+32768)))& (0+255)
  3827  113E  160A  158A  2323  160A  118A  	fcall	_Lcd_Write_String
  3828                           
  3829                           ;main.c: 143:     pf(temp);
  3830  1143  1683               	bsf	3,5	;RP0=1, select bank1
  3831  1144  1303               	bcf	3,6	;RP1=0, select bank1
  3832  1145  0832               	movf	(display_main_screen@temp+3)^(0+128),w
  3833  1146  00A8               	movwf	(pf@f+3)^(0+128)
  3834  1147  0831               	movf	(display_main_screen@temp+2)^(0+128),w
  3835  1148  00A7               	movwf	(pf@f+2)^(0+128)
  3836  1149  0830               	movf	(display_main_screen@temp+1)^(0+128),w
  3837  114A  00A6               	movwf	(pf@f+1)^(0+128)
  3838  114B  082F               	movf	display_main_screen@temp^(0+128),w
  3839  114C  00A5               	movwf	pf@f^(0+128)
  3840  114D  160A  118A  24A3  160A  118A  	fcall	_pf
  3841                           
  3842                           ;main.c: 144:     Lcd_Write_String("C H:");
  3843  1152  307D               	movlw	(low ((STR_3-__stringbase)| (0+32768)))& (0+255)
  3844  1153  160A  158A  2323  160A  118A  	fcall	_Lcd_Write_String
  3845                           
  3846                           ;main.c: 145:     pf(hum);
  3847  1158  1683               	bsf	3,5	;RP0=1, select bank1
  3848  1159  1303               	bcf	3,6	;RP1=0, select bank1
  3849  115A  0836               	movf	(display_main_screen@hum+3)^(0+128),w
  3850  115B  00A8               	movwf	(pf@f+3)^(0+128)
  3851  115C  0835               	movf	(display_main_screen@hum+2)^(0+128),w
  3852  115D  00A7               	movwf	(pf@f+2)^(0+128)
  3853  115E  0834               	movf	(display_main_screen@hum+1)^(0+128),w
  3854  115F  00A6               	movwf	(pf@f+1)^(0+128)
  3855  1160  0833               	movf	display_main_screen@hum^(0+128),w
  3856  1161  00A5               	movwf	pf@f^(0+128)
  3857  1162  160A  118A  24A3  160A  118A  	fcall	_pf
  3858                           
  3859                           ;main.c: 146:     Lcd_Write_String("%   ");
  3860  1167  3073               	movlw	(low ((STR_4-__stringbase)| (0+32768)))& (0+255)
  3861  1168  160A  158A  2323   	fcall	_Lcd_Write_String
  3862  116B  0008               	return
  3863  116C                     __end_of_display_main_screen:
  3864                           
  3865                           	psect	text5
  3866  14A3                     __ptext5:	
  3867 ;; *************** function _pf *****************
  3868 ;; Defined at:
  3869 ;;		line 66 in file "main.c"
  3870 ;; Parameters:    Size  Location     Type
  3871 ;;  f               4    5[BANK1 ] float 
  3872 ;; Auto vars:     Size  Location     Type
  3873 ;;  v               2   13[BANK1 ] unsigned int 
  3874 ;; Return value:  Size  Location     Type
  3875 ;;                  1    wreg      void 
  3876 ;; Registers used:
  3877 ;;		wreg, status,2, status,0, btemp+1, pclath, cstack
  3878 ;; Tracked objects:
  3879 ;;		On entry : 300/900
  3880 ;;		On exit  : 0/0
  3881 ;;		Unchanged: 0/0
  3882 ;; Data sizes:     COMMON   BANK0   BANK1   BANK3   BANK2
  3883 ;;      Params:         0       0       4       0       0
  3884 ;;      Locals:         0       0       6       0       0
  3885 ;;      Temps:          0       0       0       0       0
  3886 ;;      Totals:         0       0      10       0       0
  3887 ;;Total ram usage:       10 bytes
  3888 ;; Hardware stack levels used: 1
  3889 ;; Hardware stack levels required when called: 2
  3890 ;; This function calls:
  3891 ;;		_Lcd_Write_Char
  3892 ;;		___fladd
  3893 ;;		___flge
  3894 ;;		___flmul
  3895 ;;		___fltol
  3896 ;;		___lwdiv
  3897 ;;		___lwmod
  3898 ;; This function is called by:
  3899 ;;		_display_main_screen
  3900 ;;		_display_stats_screen
  3901 ;;		_display_quartiles_screen
  3902 ;; This function uses a non-reentrant model
  3903 ;;
  3904                           
  3905                           
  3906                           ;psect for function _pf
  3907  14A3                     _pf:
  3908                           
  3909                           ;main.c: 67:     uint16_t v = (uint16_t)(f * 10.0 + (f >= 0 ? 0.5 : -0.5));
  3910                           
  3911                           ;incstack = 0
  3912                           ; Regs used in _pf: [wreg+status,2+status,0+btemp+1+pclath+cstack]
  3913  14A3  0828               	movf	(pf@f+3)^(0+128),w
  3914  14A4  00F3               	movwf	___flge@ff1+3
  3915  14A5  0827               	movf	(pf@f+2)^(0+128),w
  3916  14A6  00F2               	movwf	___flge@ff1+2
  3917  14A7  0826               	movf	(pf@f+1)^(0+128),w
  3918  14A8  00F1               	movwf	___flge@ff1+1
  3919  14A9  0825               	movf	pf@f^(0+128),w
  3920  14AA  00F0               	movwf	___flge@ff1
  3921  14AB  3000               	movlw	0
  3922  14AC  00F7               	movwf	___flge@ff2+3
  3923  14AD  3000               	movlw	0
  3924  14AE  00F6               	movwf	___flge@ff2+2
  3925  14AF  3000               	movlw	0
  3926  14B0  00F5               	movwf	___flge@ff2+1
  3927  14B1  3000               	movlw	0
  3928  14B2  00F4               	movwf	___flge@ff2
  3929  14B3  160A  118A  2045  160A  118A  	fcall	___flge
  3930  14B8  1803               	btfsc	3,0
  3931  14B9  2CBC               	goto	l3477
  3932  14BA  30BF               	movlw	191
  3933  14BB  2CBD               	goto	L2
  3934  14BC                     l3477:
  3935  14BC  303F               	movlw	63
  3936  14BD                     L2:
  3937  14BD  1683               	bsf	3,5	;RP0=1, select bank1
  3938  14BE  00AC               	movwf	(_pf$226+3)^(0+128)
  3939  14BF  3000               	movlw	0
  3940  14C0  00AB               	movwf	(_pf$226+2)^(0+128)
  3941  14C1  3000               	movlw	0
  3942  14C2  00AA               	movwf	(_pf$226+1)^(0+128)
  3943  14C3  3000               	movlw	0
  3944  14C4  00A9               	movwf	_pf$226^(0+128)
  3945  14C5  0828               	movf	(pf@f+3)^(0+128),w
  3946  14C6  1283               	bcf	3,5	;RP0=0, select bank0
  3947  14C7  00C1               	movwf	___flmul@a+3
  3948  14C8  1683               	bsf	3,5	;RP0=1, select bank1
  3949  14C9  0827               	movf	(pf@f+2)^(0+128),w
  3950  14CA  1283               	bcf	3,5	;RP0=0, select bank0
  3951  14CB  00C0               	movwf	___flmul@a+2
  3952  14CC  1683               	bsf	3,5	;RP0=1, select bank1
  3953  14CD  0826               	movf	(pf@f+1)^(0+128),w
  3954  14CE  1283               	bcf	3,5	;RP0=0, select bank0
  3955  14CF  00BF               	movwf	___flmul@a+1
  3956  14D0  1683               	bsf	3,5	;RP0=1, select bank1
  3957  14D1  0825               	movf	pf@f^(0+128),w
  3958  14D2  1283               	bcf	3,5	;RP0=0, select bank0
  3959  14D3  00BE               	movwf	___flmul@a
  3960  14D4  3041               	movlw	65
  3961  14D5  00BD               	movwf	___flmul@b+3
  3962  14D6  3020               	movlw	32
  3963  14D7  00BC               	movwf	___flmul@b+2
  3964  14D8  3000               	movlw	0
  3965  14D9  00BB               	movwf	___flmul@b+1
  3966  14DA  3000               	movlw	0
  3967  14DB  00BA               	movwf	___flmul@b
  3968  14DC  120A  158A  250B  160A  118A  	fcall	___flmul
  3969  14E1  083D               	movf	?___flmul+3,w
  3970  14E2  00DB               	movwf	___fladd@a+3
  3971  14E3  083C               	movf	?___flmul+2,w
  3972  14E4  00DA               	movwf	___fladd@a+2
  3973  14E5  083B               	movf	?___flmul+1,w
  3974  14E6  00D9               	movwf	___fladd@a+1
  3975  14E7  083A               	movf	?___flmul,w
  3976  14E8  00D8               	movwf	___fladd@a
  3977  14E9  1683               	bsf	3,5	;RP0=1, select bank1
  3978  14EA  082C               	movf	(_pf$226+3)^(0+128),w
  3979  14EB  1283               	bcf	3,5	;RP0=0, select bank0
  3980  14EC  00D7               	movwf	___fladd@b+3
  3981  14ED  1683               	bsf	3,5	;RP0=1, select bank1
  3982  14EE  082B               	movf	(_pf$226+2)^(0+128),w
  3983  14EF  1283               	bcf	3,5	;RP0=0, select bank0
  3984  14F0  00D6               	movwf	___fladd@b+2
  3985  14F1  1683               	bsf	3,5	;RP0=1, select bank1
  3986  14F2  082A               	movf	(_pf$226+1)^(0+128),w
  3987  14F3  1283               	bcf	3,5	;RP0=0, select bank0
  3988  14F4  00D5               	movwf	___fladd@b+1
  3989  14F5  1683               	bsf	3,5	;RP0=1, select bank1
  3990  14F6  0829               	movf	_pf$226^(0+128),w
  3991  14F7  1283               	bcf	3,5	;RP0=0, select bank0
  3992  14F8  00D4               	movwf	___fladd@b
  3993  14F9  120A  158A  22DE  160A  118A  	fcall	___fladd
  3994  14FE  0857               	movf	?___fladd+3,w
  3995  14FF  00EB               	movwf	___fltol@f1+3
  3996  1500  0856               	movf	?___fladd+2,w
  3997  1501  00EA               	movwf	___fltol@f1+2
  3998  1502  0855               	movf	?___fladd+1,w
  3999  1503  00E9               	movwf	___fltol@f1+1
  4000  1504  0854               	movf	?___fladd,w
  4001  1505  00E8               	movwf	___fltol@f1
  4002  1506  160A  158A  26FA  160A  118A  	fcall	___fltol
  4003  150B  0869               	movf	?___fltol+1,w
  4004  150C  1683               	bsf	3,5	;RP0=1, select bank1
  4005  150D  00AE               	movwf	(pf@v+1)^(0+128)
  4006  150E  1283               	bcf	3,5	;RP0=0, select bank0
  4007  150F  0868               	movf	?___fltol,w
  4008  1510  1683               	bsf	3,5	;RP0=1, select bank1
  4009  1511  00AD               	movwf	pf@v^(0+128)
  4010                           
  4011                           ;main.c: 68:     if(f < 0) { Lcd_Write_Char('-'); v = -v; }
  4012  1512  0828               	movf	(pf@f+3)^(0+128),w
  4013  1513  00F3               	movwf	___flge@ff1+3
  4014  1514  0827               	movf	(pf@f+2)^(0+128),w
  4015  1515  00F2               	movwf	___flge@ff1+2
  4016  1516  0826               	movf	(pf@f+1)^(0+128),w
  4017  1517  00F1               	movwf	___flge@ff1+1
  4018  1518  0825               	movf	pf@f^(0+128),w
  4019  1519  00F0               	movwf	___flge@ff1
  4020  151A  3000               	movlw	0
  4021  151B  00F7               	movwf	___flge@ff2+3
  4022  151C  3000               	movlw	0
  4023  151D  00F6               	movwf	___flge@ff2+2
  4024  151E  3000               	movlw	0
  4025  151F  00F5               	movwf	___flge@ff2+1
  4026  1520  3000               	movlw	0
  4027  1521  00F4               	movwf	___flge@ff2
  4028  1522  160A  118A  2045  160A  118A  	fcall	___flge
  4029  1527  1803               	btfsc	3,0
  4030  1528  2D36               	goto	l3487
  4031  1529  302D               	movlw	45
  4032  152A  160A  158A  24A7  160A  118A  	fcall	_Lcd_Write_Char
  4033  152F  1683               	bsf	3,5	;RP0=1, select bank1
  4034  1530  1303               	bcf	3,6	;RP1=0, select bank1
  4035  1531  09AD               	comf	pf@v^(0+128),f
  4036  1532  09AE               	comf	(pf@v+1)^(0+128),f
  4037  1533  0AAD               	incf	pf@v^(0+128),f
  4038  1534  1903               	skipnz
  4039  1535  0AAE               	incf	(pf@v+1)^(0+128),f
  4040  1536                     l3487:
  4041                           
  4042                           ;main.c: 69:     Lcd_Write_Char('0' + ((v / 100) % 10));
  4043  1536  300A               	movlw	10
  4044  1537  00F8               	movwf	___lwmod@divisor
  4045  1538  3000               	movlw	0
  4046  1539  00F9               	movwf	___lwmod@divisor+1
  4047  153A  3064               	movlw	100
  4048  153B  00F0               	movwf	___lwdiv@divisor
  4049  153C  3000               	movlw	0
  4050  153D  00F1               	movwf	___lwdiv@divisor+1
  4051  153E  1683               	bsf	3,5	;RP0=1, select bank1
  4052  153F  082E               	movf	(pf@v+1)^(0+128),w
  4053  1540  00F3               	movwf	___lwdiv@dividend+1
  4054  1541  082D               	movf	pf@v^(0+128),w
  4055  1542  00F2               	movwf	___lwdiv@dividend
  4056  1543  160A  158A  246B  160A  118A  	fcall	___lwdiv
  4057  1548  0871               	movf	?___lwdiv+1,w
  4058  1549  00FB               	movwf	___lwmod@dividend+1
  4059  154A  0870               	movf	?___lwdiv,w
  4060  154B  00FA               	movwf	___lwmod@dividend
  4061  154C  160A  158A  2406  160A  118A  	fcall	___lwmod
  4062  1551  0878               	movf	?___lwmod,w
  4063  1552  3E30               	addlw	48
  4064  1553  160A  158A  24A7  160A  118A  	fcall	_Lcd_Write_Char
  4065                           
  4066                           ;main.c: 70:     Lcd_Write_Char('0' + ((v / 10) % 10));
  4067  1558  300A               	movlw	10
  4068  1559  00F8               	movwf	___lwmod@divisor
  4069  155A  3000               	movlw	0
  4070  155B  00F9               	movwf	___lwmod@divisor+1
  4071  155C  300A               	movlw	10
  4072  155D  00F0               	movwf	___lwdiv@divisor
  4073  155E  3000               	movlw	0
  4074  155F  00F1               	movwf	___lwdiv@divisor+1
  4075  1560  1683               	bsf	3,5	;RP0=1, select bank1
  4076  1561  1303               	bcf	3,6	;RP1=0, select bank1
  4077  1562  082E               	movf	(pf@v+1)^(0+128),w
  4078  1563  00F3               	movwf	___lwdiv@dividend+1
  4079  1564  082D               	movf	pf@v^(0+128),w
  4080  1565  00F2               	movwf	___lwdiv@dividend
  4081  1566  160A  158A  246B  160A  118A  	fcall	___lwdiv
  4082  156B  0871               	movf	?___lwdiv+1,w
  4083  156C  00FB               	movwf	___lwmod@dividend+1
  4084  156D  0870               	movf	?___lwdiv,w
  4085  156E  00FA               	movwf	___lwmod@dividend
  4086  156F  160A  158A  2406  160A  118A  	fcall	___lwmod
  4087  1574  0878               	movf	?___lwmod,w
  4088  1575  3E30               	addlw	48
  4089  1576  160A  158A  24A7  160A  118A  	fcall	_Lcd_Write_Char
  4090                           
  4091                           ;main.c: 71:     Lcd_Write_Char('.');
  4092  157B  302E               	movlw	46
  4093  157C  160A  158A  24A7  160A  118A  	fcall	_Lcd_Write_Char
  4094                           
  4095                           ;main.c: 72:     Lcd_Write_Char('0' + (v % 10));
  4096  1581  300A               	movlw	10
  4097  1582  00F8               	movwf	___lwmod@divisor
  4098  1583  3000               	movlw	0
  4099  1584  00F9               	movwf	___lwmod@divisor+1
  4100  1585  1683               	bsf	3,5	;RP0=1, select bank1
  4101  1586  1303               	bcf	3,6	;RP1=0, select bank1
  4102  1587  082E               	movf	(pf@v+1)^(0+128),w
  4103  1588  00FB               	movwf	___lwmod@dividend+1
  4104  1589  082D               	movf	pf@v^(0+128),w
  4105  158A  00FA               	movwf	___lwmod@dividend
  4106  158B  160A  158A  2406  160A  118A  	fcall	___lwmod
  4107  1590  0878               	movf	?___lwmod,w
  4108  1591  3E30               	addlw	48
  4109  1592  160A  158A  24A7   	fcall	_Lcd_Write_Char
  4110  1595  0008               	return
  4111  1596                     __end_of_pf:
  4112                           
  4113                           	psect	text6
  4114  1C06                     __ptext6:	
  4115 ;; *************** function ___lwmod *****************
  4116 ;; Defined at:
  4117 ;;		line 5 in file "C:\Program Files\Microchip\xc8\v2.32\pic\sources\c90\common\lwmod.c"
  4118 ;; Parameters:    Size  Location     Type
  4119 ;;  divisor         2    8[COMMON] unsigned int 
  4120 ;;  dividend        2   10[COMMON] unsigned int 
  4121 ;; Auto vars:     Size  Location     Type
  4122 ;;  counter         1   13[COMMON] unsigned char 
  4123 ;; Return value:  Size  Location     Type
  4124 ;;                  2    8[COMMON] unsigned int 
  4125 ;; Registers used:
  4126 ;;		wreg, status,2, status,0
  4127 ;; Tracked objects:
  4128 ;;		On entry : 300/900
  4129 ;;		On exit  : 300/100
  4130 ;;		Unchanged: 300/0
  4131 ;; Data sizes:     COMMON   BANK0   BANK1   BANK3   BANK2
  4132 ;;      Params:         4       0       0       0       0
  4133 ;;      Locals:         1       0       0       0       0
  4134 ;;      Temps:          1       0       0       0       0
  4135 ;;      Totals:         6       0       0       0       0
  4136 ;;Total ram usage:        6 bytes
  4137 ;; Hardware stack levels used: 1
  4138 ;; This function calls:
  4139 ;;		Nothing
  4140 ;; This function is called by:
  4141 ;;		_pf
  4142 ;;		_main
  4143 ;; This function uses a non-reentrant model
  4144 ;;
  4145                           
  4146                           
  4147                           ;psect for function ___lwmod
  4148  1C06                     ___lwmod:
  4149                           
  4150                           ;incstack = 0
  4151                           ; Regs used in ___lwmod: [wreg+status,2+status,0]
  4152  1C06  0878               	movf	___lwmod@divisor,w
  4153  1C07  0479               	iorwf	___lwmod@divisor+1,w
  4154  1C08  1903               	btfsc	3,2
  4155  1C09  2C33               	goto	l3133
  4156  1C0A  01FD               	clrf	___lwmod@counter
  4157  1C0B  0AFD               	incf	___lwmod@counter,f
  4158  1C0C                     l3123:
  4159  1C0C  1BF9               	btfsc	___lwmod@divisor+1,7
  4160  1C0D  2C1A               	goto	l3125
  4161  1C0E  3001               	movlw	1
  4162  1C0F                     u3565:
  4163  1C0F  1003               	clrc
  4164  1C10  0DF8               	rlf	___lwmod@divisor,f
  4165  1C11  0DF9               	rlf	___lwmod@divisor+1,f
  4166  1C12  3EFF               	addlw	-1
  4167  1C13  1D03               	skipz
  4168  1C14  2C0F               	goto	u3565
  4169  1C15  3001               	movlw	1
  4170  1C16  00FC               	movwf	??___lwmod
  4171  1C17  087C               	movf	??___lwmod,w
  4172  1C18  07FD               	addwf	___lwmod@counter,f
  4173  1C19  2C0C               	goto	l3123
  4174  1C1A                     l3125:
  4175  1C1A  0879               	movf	___lwmod@divisor+1,w
  4176  1C1B  027B               	subwf	___lwmod@dividend+1,w
  4177  1C1C  1D03               	skipz
  4178  1C1D  2C20               	goto	u3585
  4179  1C1E  0878               	movf	___lwmod@divisor,w
  4180  1C1F  027A               	subwf	___lwmod@dividend,w
  4181  1C20                     u3585:
  4182  1C20  1C03               	skipc
  4183  1C21  2C28               	goto	l3129
  4184  1C22  0878               	movf	___lwmod@divisor,w
  4185  1C23  02FA               	subwf	___lwmod@dividend,f
  4186  1C24  0879               	movf	___lwmod@divisor+1,w
  4187  1C25  1C03               	skipc
  4188  1C26  03FB               	decf	___lwmod@dividend+1,f
  4189  1C27  02FB               	subwf	___lwmod@dividend+1,f
  4190  1C28                     l3129:
  4191  1C28  3001               	movlw	1
  4192  1C29                     u3595:
  4193  1C29  1003               	clrc
  4194  1C2A  0CF9               	rrf	___lwmod@divisor+1,f
  4195  1C2B  0CF8               	rrf	___lwmod@divisor,f
  4196  1C2C  3EFF               	addlw	-1
  4197  1C2D  1D03               	skipz
  4198  1C2E  2C29               	goto	u3595
  4199  1C2F  3001               	movlw	1
  4200  1C30  02FD               	subwf	___lwmod@counter,f
  4201  1C31  1D03               	btfss	3,2
  4202  1C32  2C1A               	goto	l3125
  4203  1C33                     l3133:
  4204  1C33  087B               	movf	___lwmod@dividend+1,w
  4205  1C34  00F9               	movwf	?___lwmod+1
  4206  1C35  087A               	movf	___lwmod@dividend,w
  4207  1C36  00F8               	movwf	?___lwmod
  4208  1C37  0008               	return
  4209  1C38                     __end_of___lwmod:
  4210                           
  4211                           	psect	text7
  4212  1C6B                     __ptext7:	
  4213 ;; *************** function ___lwdiv *****************
  4214 ;; Defined at:
  4215 ;;		line 5 in file "C:\Program Files\Microchip\xc8\v2.32\pic\sources\c90\common\lwdiv.c"
  4216 ;; Parameters:    Size  Location     Type
  4217 ;;  divisor         2    0[COMMON] unsigned int 
  4218 ;;  dividend        2    2[COMMON] unsigned int 
  4219 ;; Auto vars:     Size  Location     Type
  4220 ;;  quotient        2    5[COMMON] unsigned int 
  4221 ;;  counter         1    7[COMMON] unsigned char 
  4222 ;; Return value:  Size  Location     Type
  4223 ;;                  2    0[COMMON] unsigned int 
  4224 ;; Registers used:
  4225 ;;		wreg, status,2, status,0
  4226 ;; Tracked objects:
  4227 ;;		On entry : 300/900
  4228 ;;		On exit  : 300/100
  4229 ;;		Unchanged: 300/0
  4230 ;; Data sizes:     COMMON   BANK0   BANK1   BANK3   BANK2
  4231 ;;      Params:         4       0       0       0       0
  4232 ;;      Locals:         3       0       0       0       0
  4233 ;;      Temps:          1       0       0       0       0
  4234 ;;      Totals:         8       0       0       0       0
  4235 ;;Total ram usage:        8 bytes
  4236 ;; Hardware stack levels used: 1
  4237 ;; This function calls:
  4238 ;;		Nothing
  4239 ;; This function is called by:
  4240 ;;		_pf
  4241 ;;		_main
  4242 ;; This function uses a non-reentrant model
  4243 ;;
  4244                           
  4245                           
  4246                           ;psect for function ___lwdiv
  4247  1C6B                     ___lwdiv:
  4248                           
  4249                           ;incstack = 0
  4250                           ; Regs used in ___lwdiv: [wreg+status,2+status,0]
  4251  1C6B  01F5               	clrf	___lwdiv@quotient
  4252  1C6C  01F6               	clrf	___lwdiv@quotient+1
  4253  1C6D  0870               	movf	___lwdiv@divisor,w
  4254  1C6E  0471               	iorwf	___lwdiv@divisor+1,w
  4255  1C6F  1903               	btfsc	3,2
  4256  1C70  2CA2               	goto	l3111
  4257  1C71  01F7               	clrf	___lwdiv@counter
  4258  1C72  0AF7               	incf	___lwdiv@counter,f
  4259  1C73                     l3099:
  4260  1C73  1BF1               	btfsc	___lwdiv@divisor+1,7
  4261  1C74  2C81               	goto	l3101
  4262  1C75  3001               	movlw	1
  4263  1C76                     u3495:
  4264  1C76  1003               	clrc
  4265  1C77  0DF0               	rlf	___lwdiv@divisor,f
  4266  1C78  0DF1               	rlf	___lwdiv@divisor+1,f
  4267  1C79  3EFF               	addlw	-1
  4268  1C7A  1D03               	skipz
  4269  1C7B  2C76               	goto	u3495
  4270  1C7C  3001               	movlw	1
  4271  1C7D  00F4               	movwf	??___lwdiv
  4272  1C7E  0874               	movf	??___lwdiv,w
  4273  1C7F  07F7               	addwf	___lwdiv@counter,f
  4274  1C80  2C73               	goto	l3099
  4275  1C81                     l3101:
  4276  1C81  3001               	movlw	1
  4277  1C82                     u3515:
  4278  1C82  1003               	clrc
  4279  1C83  0DF5               	rlf	___lwdiv@quotient,f
  4280  1C84  0DF6               	rlf	___lwdiv@quotient+1,f
  4281  1C85  3EFF               	addlw	-1
  4282  1C86  1D03               	skipz
  4283  1C87  2C82               	goto	u3515
  4284  1C88  0871               	movf	___lwdiv@divisor+1,w
  4285  1C89  0273               	subwf	___lwdiv@dividend+1,w
  4286  1C8A  1D03               	skipz
  4287  1C8B  2C8E               	goto	u3525
  4288  1C8C  0870               	movf	___lwdiv@divisor,w
  4289  1C8D  0272               	subwf	___lwdiv@dividend,w
  4290  1C8E                     u3525:
  4291  1C8E  1C03               	skipc
  4292  1C8F  2C97               	goto	l3107
  4293  1C90  0870               	movf	___lwdiv@divisor,w
  4294  1C91  02F2               	subwf	___lwdiv@dividend,f
  4295  1C92  0871               	movf	___lwdiv@divisor+1,w
  4296  1C93  1C03               	skipc
  4297  1C94  03F3               	decf	___lwdiv@dividend+1,f
  4298  1C95  02F3               	subwf	___lwdiv@dividend+1,f
  4299  1C96  1475               	bsf	___lwdiv@quotient,0
  4300  1C97                     l3107:
  4301  1C97  3001               	movlw	1
  4302  1C98                     u3535:
  4303  1C98  1003               	clrc
  4304  1C99  0CF1               	rrf	___lwdiv@divisor+1,f
  4305  1C9A  0CF0               	rrf	___lwdiv@divisor,f
  4306  1C9B  3EFF               	addlw	-1
  4307  1C9C  1D03               	skipz
  4308  1C9D  2C98               	goto	u3535
  4309  1C9E  3001               	movlw	1
  4310  1C9F  02F7               	subwf	___lwdiv@counter,f
  4311  1CA0  1D03               	btfss	3,2
  4312  1CA1  2C81               	goto	l3101
  4313  1CA2                     l3111:
  4314  1CA2  0876               	movf	___lwdiv@quotient+1,w
  4315  1CA3  00F1               	movwf	?___lwdiv+1
  4316  1CA4  0875               	movf	___lwdiv@quotient,w
  4317  1CA5  00F0               	movwf	?___lwdiv
  4318  1CA6  0008               	return
  4319  1CA7                     __end_of___lwdiv:
  4320                           
  4321                           	psect	text8
  4322  1EFA                     __ptext8:	
  4323 ;; *************** function ___fltol *****************
  4324 ;; Defined at:
  4325 ;;		line 43 in file "C:\Program Files\Microchip\xc8\v2.32\pic\sources\c90\common\fltol.c"
  4326 ;; Parameters:    Size  Location     Type
  4327 ;;  f1              4   72[BANK0 ] unsigned int 
  4328 ;; Auto vars:     Size  Location     Type
  4329 ;;  exp1            1   77[BANK0 ] unsigned char 
  4330 ;;  sign1           1   76[BANK0 ] unsigned char 
  4331 ;; Return value:  Size  Location     Type
  4332 ;;                  4   72[BANK0 ] long 
  4333 ;; Registers used:
  4334 ;;		wreg, status,2, status,0
  4335 ;; Tracked objects:
  4336 ;;		On entry : 300/800
  4337 ;;		On exit  : 300/0
  4338 ;;		Unchanged: 0/0
  4339 ;; Data sizes:     COMMON   BANK0   BANK1   BANK3   BANK2
  4340 ;;      Params:         0       4       0       0       0
  4341 ;;      Locals:         0       2       0       0       0
  4342 ;;      Temps:          0       0       5       0       0
  4343 ;;      Totals:         0       6       5       0       0
  4344 ;;Total ram usage:       11 bytes
  4345 ;; Hardware stack levels used: 1
  4346 ;; This function calls:
  4347 ;;		Nothing
  4348 ;; This function is called by:
  4349 ;;		_pf
  4350 ;;		_main
  4351 ;; This function uses a non-reentrant model
  4352 ;;
  4353                           
  4354                           
  4355                           ;psect for function ___fltol
  4356  1EFA                     ___fltol:
  4357                           
  4358                           ;incstack = 0
  4359                           ; Regs used in ___fltol: [wreg+status,2+status,0]
  4360  1EFA  1003               	clrc
  4361  1EFB  0D6A               	rlf	___fltol@f1+2,w
  4362  1EFC  0D6B               	rlf	___fltol@f1+3,w
  4363  1EFD  1683               	bsf	3,5	;RP0=1, select bank1
  4364  1EFE  00A0               	movwf	??___fltol^(0+128)
  4365  1EFF  0820               	movf	??___fltol^(0+128),w
  4366  1F00  1283               	bcf	3,5	;RP0=0, select bank0
  4367  1F01  00ED               	movwf	___fltol@exp1
  4368  1F02  086D               	movf	___fltol@exp1,w
  4369  1F03  1D03               	btfss	3,2
  4370  1F04  2F0E               	goto	l3017
  4371  1F05                     l3013:
  4372  1F05  3000               	movlw	0
  4373  1F06  00EB               	movwf	?___fltol+3
  4374  1F07  3000               	movlw	0
  4375  1F08  00EA               	movwf	?___fltol+2
  4376  1F09  3000               	movlw	0
  4377  1F0A  00E9               	movwf	?___fltol+1
  4378  1F0B  3000               	movlw	0
  4379  1F0C  00E8               	movwf	?___fltol
  4380  1F0D  0008               	return
  4381  1F0E                     l3017:
  4382  1F0E  0868               	movf	___fltol@f1,w
  4383  1F0F  1683               	bsf	3,5	;RP0=1, select bank1
  4384  1F10  00A0               	movwf	??___fltol^(0+128)
  4385  1F11  1283               	bcf	3,5	;RP0=0, select bank0
  4386  1F12  0869               	movf	___fltol@f1+1,w
  4387  1F13  1683               	bsf	3,5	;RP0=1, select bank1
  4388  1F14  00A1               	movwf	(??___fltol^(0+128)+1)
  4389  1F15  1283               	bcf	3,5	;RP0=0, select bank0
  4390  1F16  086A               	movf	___fltol@f1+2,w
  4391  1F17  1683               	bsf	3,5	;RP0=1, select bank1
  4392  1F18  00A2               	movwf	(??___fltol^(0+128)+2)
  4393  1F19  1283               	bcf	3,5	;RP0=0, select bank0
  4394  1F1A  086B               	movf	___fltol@f1+3,w
  4395  1F1B  1683               	bsf	3,5	;RP0=1, select bank1
  4396  1F1C  00A3               	movwf	(??___fltol^(0+128)+3)
  4397  1F1D  301F               	movlw	31
  4398  1F1E                     u3325:
  4399  1F1E  1003               	clrc
  4400  1F1F  0CA3               	rrf	(??___fltol^(0+128)+3),f
  4401  1F20  0CA2               	rrf	(??___fltol^(0+128)+2),f
  4402  1F21  0CA1               	rrf	(??___fltol^(0+128)+1),f
  4403  1F22  0CA0               	rrf	??___fltol^(0+128),f
  4404  1F23  3EFF               	addlw	-1
  4405  1F24  1D03               	skipz
  4406  1F25  2F1E               	goto	u3325
  4407  1F26  0820               	movf	??___fltol^(0+128),w
  4408  1F27  00A4               	movwf	(??___fltol+4)^(0+128)
  4409  1F28  0824               	movf	(??___fltol+4)^(0+128),w
  4410  1F29  1283               	bcf	3,5	;RP0=0, select bank0
  4411  1F2A  00EC               	movwf	___fltol@sign1
  4412  1F2B  17EA               	bsf	___fltol@f1+2,7
  4413  1F2C  30FF               	movlw	255
  4414  1F2D  05E8               	andwf	___fltol@f1,f
  4415  1F2E  30FF               	movlw	255
  4416  1F2F  05E9               	andwf	___fltol@f1+1,f
  4417  1F30  30FF               	movlw	255
  4418  1F31  05EA               	andwf	___fltol@f1+2,f
  4419  1F32  3000               	movlw	0
  4420  1F33  05EB               	andwf	___fltol@f1+3,f
  4421  1F34  3096               	movlw	150
  4422  1F35  02ED               	subwf	___fltol@exp1,f
  4423  1F36  1FED               	btfss	___fltol@exp1,7
  4424  1F37  2F4F               	goto	l3035
  4425  1F38  086D               	movf	___fltol@exp1,w
  4426  1F39  3A80               	xorlw	128
  4427  1F3A  3E97               	addlw	151
  4428  1F3B  1C03               	btfss	3,0
  4429  1F3C  2F05               	goto	l3013
  4430  1F3D                     l3033:
  4431  1F3D  3001               	movlw	1
  4432  1F3E                     u3355:
  4433  1F3E  1003               	clrc
  4434  1F3F  0CEB               	rrf	___fltol@f1+3,f
  4435  1F40  0CEA               	rrf	___fltol@f1+2,f
  4436  1F41  0CE9               	rrf	___fltol@f1+1,f
  4437  1F42  0CE8               	rrf	___fltol@f1,f
  4438  1F43  3EFF               	addlw	-1
  4439  1F44  1D03               	skipz
  4440  1F45  2F3E               	goto	u3355
  4441  1F46  3001               	movlw	1
  4442  1F47  1683               	bsf	3,5	;RP0=1, select bank1
  4443  1F48  00A0               	movwf	??___fltol^(0+128)
  4444  1F49  0820               	movf	??___fltol^(0+128),w
  4445  1F4A  1283               	bcf	3,5	;RP0=0, select bank0
  4446  1F4B  07ED               	addwf	___fltol@exp1,f
  4447  1F4C  1903               	btfsc	3,2
  4448  1F4D  2F66               	goto	l3043
  4449  1F4E  2F3D               	goto	l3033
  4450  1F4F                     l3035:
  4451  1F4F  3020               	movlw	32
  4452  1F50  026D               	subwf	___fltol@exp1,w
  4453  1F51  1803               	btfsc	3,0
  4454  1F52  2F05               	goto	l3013
  4455  1F53                     l624:
  4456  1F53  086D               	movf	___fltol@exp1,w
  4457  1F54  1903               	btfsc	3,2
  4458  1F55  2F66               	goto	l3043
  4459  1F56  3001               	movlw	1
  4460  1F57  1683               	bsf	3,5	;RP0=1, select bank1
  4461  1F58  00A0               	movwf	??___fltol^(0+128)
  4462  1F59                     u3385:
  4463  1F59  1003               	clrc
  4464  1F5A  1283               	bcf	3,5	;RP0=0, select bank0
  4465  1F5B  0DE8               	rlf	___fltol@f1,f
  4466  1F5C  0DE9               	rlf	___fltol@f1+1,f
  4467  1F5D  0DEA               	rlf	___fltol@f1+2,f
  4468  1F5E  0DEB               	rlf	___fltol@f1+3,f
  4469  1F5F  1683               	bsf	3,5	;RP0=1, select bank1
  4470  1F60  0BA0               	decfsz	??___fltol^(0+128),f
  4471  1F61  2F59               	goto	u3385
  4472  1F62  3001               	movlw	1
  4473  1F63  1283               	bcf	3,5	;RP0=0, select bank0
  4474  1F64  02ED               	subwf	___fltol@exp1,f
  4475  1F65  2F53               	goto	l624
  4476  1F66                     l3043:
  4477  1F66  086C               	movf	___fltol@sign1,w
  4478  1F67  1903               	btfsc	3,2
  4479  1F68  0008               	return
  4480  1F69  09E8               	comf	___fltol@f1,f
  4481  1F6A  09E9               	comf	___fltol@f1+1,f
  4482  1F6B  09EA               	comf	___fltol@f1+2,f
  4483  1F6C  09EB               	comf	___fltol@f1+3,f
  4484  1F6D  0AE8               	incf	___fltol@f1,f
  4485  1F6E  1903               	skipnz
  4486  1F6F  0AE9               	incf	___fltol@f1+1,f
  4487  1F70  1903               	skipnz
  4488  1F71  0AEA               	incf	___fltol@f1+2,f
  4489  1F72  1903               	skipnz
  4490  1F73  0AEB               	incf	___fltol@f1+3,f
  4491  1F74  0008               	return
  4492  1F75                     __end_of___fltol:
  4493                           
  4494                           	psect	text9
  4495  1B02                     __ptext9:	
  4496 ;; *************** function _p2 *****************
  4497 ;; Defined at:
  4498 ;;		line 60 in file "main.c"
  4499 ;; Parameters:    Size  Location     Type
  4500 ;;  v               1    wreg     unsigned char 
  4501 ;; Auto vars:     Size  Location     Type
  4502 ;;  v               1    8[COMMON] unsigned char 
  4503 ;; Return value:  Size  Location     Type
  4504 ;;                  1    wreg      void 
  4505 ;; Registers used:
  4506 ;;		wreg, status,2, status,0, pclath, cstack
  4507 ;; Tracked objects:
  4508 ;;		On entry : B00/0
  4509 ;;		On exit  : 0/0
  4510 ;;		Unchanged: 0/0
  4511 ;; Data sizes:     COMMON   BANK0   BANK1   BANK3   BANK2
  4512 ;;      Params:         0       0       0       0       0
  4513 ;;      Locals:         1       0       0       0       0
  4514 ;;      Temps:          1       0       0       0       0
  4515 ;;      Totals:         2       0       0       0       0
  4516 ;;Total ram usage:        2 bytes
  4517 ;; Hardware stack levels used: 1
  4518 ;; Hardware stack levels required when called: 2
  4519 ;; This function calls:
  4520 ;;		_Lcd_Write_Char
  4521 ;;		___lbdiv
  4522 ;;		___lbmod
  4523 ;; This function is called by:
  4524 ;;		_display_main_screen
  4525 ;; This function uses a non-reentrant model
  4526 ;;
  4527                           
  4528                           
  4529                           ;psect for function _p2
  4530  1B02                     _p2:
  4531                           
  4532                           ;incstack = 0
  4533                           ; Regs used in _p2: [wreg+status,2+status,0+pclath+cstack]
  4534                           ;p2@v stored from wreg
  4535  1B02  00F8               	movwf	p2@v
  4536                           
  4537                           ;main.c: 61:     Lcd_Write_Char('0' + ((v / 10) & 0x0F));
  4538  1B03  300A               	movlw	10
  4539  1B04  00F7               	movwf	??_p2
  4540  1B05  0877               	movf	??_p2,w
  4541  1B06  00F0               	movwf	___lbdiv@divisor
  4542  1B07  0878               	movf	p2@v,w
  4543  1B08  160A  158A  22E1  160A  158A  	fcall	___lbdiv
  4544  1B0D  390F               	andlw	15
  4545  1B0E  3E30               	addlw	48
  4546  1B0F  160A  158A  24A7  160A  158A  	fcall	_Lcd_Write_Char
  4547                           
  4548                           ;main.c: 62:     Lcd_Write_Char('0' + (v % 10));
  4549  1B14  300A               	movlw	10
  4550  1B15  00F7               	movwf	??_p2
  4551  1B16  0877               	movf	??_p2,w
  4552  1B17  00F0               	movwf	___lbmod@divisor
  4553  1B18  0878               	movf	p2@v,w
  4554  1B19  160A  158A  2368  160A  158A  	fcall	___lbmod
  4555  1B1E  3E30               	addlw	48
  4556  1B1F  160A  158A  24A7   	fcall	_Lcd_Write_Char
  4557  1B22  0008               	return
  4558  1B23                     __end_of_p2:
  4559                           
  4560                           	psect	text10
  4561  1B68                     __ptext10:	
  4562 ;; *************** function ___lbmod *****************
  4563 ;; Defined at:
  4564 ;;		line 4 in file "C:\Program Files\Microchip\xc8\v2.32\pic\sources\c90\common\lbmod.c"
  4565 ;; Parameters:    Size  Location     Type
  4566 ;;  dividend        1    wreg     unsigned char 
  4567 ;;  divisor         1    0[COMMON] unsigned char 
  4568 ;; Auto vars:     Size  Location     Type
  4569 ;;  dividend        1    4[COMMON] unsigned char 
  4570 ;;  rem             1    6[COMMON] unsigned char 
  4571 ;;  counter         1    5[COMMON] unsigned char 
  4572 ;; Return value:  Size  Location     Type
  4573 ;;                  1    wreg      unsigned char 
  4574 ;; Registers used:
  4575 ;;		wreg, status,2, status,0
  4576 ;; Tracked objects:
  4577 ;;		On entry : 0/100
  4578 ;;		On exit  : 0/0
  4579 ;;		Unchanged: 0/0
  4580 ;; Data sizes:     COMMON   BANK0   BANK1   BANK3   BANK2
  4581 ;;      Params:         1       0       0       0       0
  4582 ;;      Locals:         3       0       0       0       0
  4583 ;;      Temps:          3       0       0       0       0
  4584 ;;      Totals:         7       0       0       0       0
  4585 ;;Total ram usage:        7 bytes
  4586 ;; Hardware stack levels used: 1
  4587 ;; This function calls:
  4588 ;;		Nothing
  4589 ;; This function is called by:
  4590 ;;		_p2
  4591 ;;		_main
  4592 ;; This function uses a non-reentrant model
  4593 ;;
  4594                           
  4595                           
  4596                           ;psect for function ___lbmod
  4597  1B68                     ___lbmod:
  4598                           
  4599                           ;incstack = 0
  4600                           ; Regs used in ___lbmod: [wreg+status,2+status,0]
  4601                           ;___lbmod@dividend stored from wreg
  4602  1B68  00F4               	movwf	___lbmod@dividend
  4603  1B69  3008               	movlw	8
  4604  1B6A  00F1               	movwf	??___lbmod
  4605  1B6B  0871               	movf	??___lbmod,w
  4606  1B6C  00F5               	movwf	___lbmod@counter
  4607  1B6D  01F6               	clrf	___lbmod@rem
  4608  1B6E                     l3077:
  4609  1B6E  0874               	movf	___lbmod@dividend,w
  4610  1B6F  00F1               	movwf	??___lbmod
  4611  1B70  3007               	movlw	7
  4612  1B71                     u3455:
  4613  1B71  1003               	clrc
  4614  1B72  0CF1               	rrf	??___lbmod,f
  4615  1B73  3EFF               	addlw	-1
  4616  1B74  1D03               	skipz
  4617  1B75  2B71               	goto	u3455
  4618  1B76  0876               	movf	___lbmod@rem,w
  4619  1B77  00F2               	movwf	??___lbmod+1
  4620  1B78  0772               	addwf	??___lbmod+1,w
  4621  1B79  0471               	iorwf	??___lbmod,w
  4622  1B7A  00F3               	movwf	??___lbmod+2
  4623  1B7B  0873               	movf	??___lbmod+2,w
  4624  1B7C  00F6               	movwf	___lbmod@rem
  4625  1B7D  1003               	clrc
  4626  1B7E  0DF4               	rlf	___lbmod@dividend,f
  4627  1B7F  0870               	movf	___lbmod@divisor,w
  4628  1B80  0276               	subwf	___lbmod@rem,w
  4629  1B81  1C03               	skipc
  4630  1B82  2B85               	goto	l641
  4631  1B83  0870               	movf	___lbmod@divisor,w
  4632  1B84  02F6               	subwf	___lbmod@rem,f
  4633  1B85                     l641:
  4634  1B85  3001               	movlw	1
  4635  1B86  02F5               	subwf	___lbmod@counter,f
  4636  1B87  1D03               	btfss	3,2
  4637  1B88  2B6E               	goto	l3077
  4638  1B89  0876               	movf	___lbmod@rem,w
  4639  1B8A  0008               	return
  4640  1B8B                     __end_of___lbmod:
  4641                           
  4642                           	psect	text11
  4643  1AE1                     __ptext11:	
  4644 ;; *************** function ___lbdiv *****************
  4645 ;; Defined at:
  4646 ;;		line 4 in file "C:\Program Files\Microchip\xc8\v2.32\pic\sources\c90\common\lbdiv.c"
  4647 ;; Parameters:    Size  Location     Type
  4648 ;;  dividend        1    wreg     unsigned char 
  4649 ;;  divisor         1    0[COMMON] unsigned char 
  4650 ;; Auto vars:     Size  Location     Type
  4651 ;;  dividend        1    2[COMMON] unsigned char 
  4652 ;;  quotient        1    4[COMMON] unsigned char 
  4653 ;;  counter         1    3[COMMON] unsigned char 
  4654 ;; Return value:  Size  Location     Type
  4655 ;;                  1    wreg      unsigned char 
  4656 ;; Registers used:
  4657 ;;		wreg, status,2, status,0
  4658 ;; Tracked objects:
  4659 ;;		On entry : 200/100
  4660 ;;		On exit  : 200/0
  4661 ;;		Unchanged: 200/0
  4662 ;; Data sizes:     COMMON   BANK0   BANK1   BANK3   BANK2
  4663 ;;      Params:         1       0       0       0       0
  4664 ;;      Locals:         3       0       0       0       0
  4665 ;;      Temps:          1       0       0       0       0
  4666 ;;      Totals:         5       0       0       0       0
  4667 ;;Total ram usage:        5 bytes
  4668 ;; Hardware stack levels used: 1
  4669 ;; This function calls:
  4670 ;;		Nothing
  4671 ;; This function is called by:
  4672 ;;		_p2
  4673 ;;		_main
  4674 ;; This function uses a non-reentrant model
  4675 ;;
  4676                           
  4677                           
  4678                           ;psect for function ___lbdiv
  4679  1AE1                     ___lbdiv:
  4680                           
  4681                           ;incstack = 0
  4682                           ; Regs used in ___lbdiv: [wreg+status,2+status,0]
  4683                           ;___lbdiv@dividend stored from wreg
  4684  1AE1  00F2               	movwf	___lbdiv@dividend
  4685  1AE2  01F4               	clrf	___lbdiv@quotient
  4686  1AE3  0870               	movf	___lbdiv@divisor,w
  4687  1AE4  1903               	btfsc	3,2
  4688  1AE5  2B00               	goto	l3069
  4689  1AE6  01F3               	clrf	___lbdiv@counter
  4690  1AE7  0AF3               	incf	___lbdiv@counter,f
  4691  1AE8                     l3057:
  4692  1AE8  1BF0               	btfsc	___lbdiv@divisor,7
  4693  1AE9  2AF1               	goto	l3059
  4694  1AEA  1003               	clrc
  4695  1AEB  0DF0               	rlf	___lbdiv@divisor,f
  4696  1AEC  3001               	movlw	1
  4697  1AED  00F1               	movwf	??___lbdiv
  4698  1AEE  0871               	movf	??___lbdiv,w
  4699  1AEF  07F3               	addwf	___lbdiv@counter,f
  4700  1AF0  2AE8               	goto	l3057
  4701  1AF1                     l3059:
  4702  1AF1  1003               	clrc
  4703  1AF2  0DF4               	rlf	___lbdiv@quotient,f
  4704  1AF3  0870               	movf	___lbdiv@divisor,w
  4705  1AF4  0272               	subwf	___lbdiv@dividend,w
  4706  1AF5  1C03               	skipc
  4707  1AF6  2AFB               	goto	L3
  4708  1AF7  0870               	movf	___lbdiv@divisor,w
  4709  1AF8  02F2               	subwf	___lbdiv@dividend,f
  4710  1AF9  1474               	bsf	___lbdiv@quotient,0
  4711  1AFA  1003               	clrc
  4712  1AFB                     L3:
  4713  1AFB  0CF0               	rrf	___lbdiv@divisor,f
  4714  1AFC  3001               	movlw	1
  4715  1AFD  02F3               	subwf	___lbdiv@counter,f
  4716  1AFE  1D03               	btfss	3,2
  4717  1AFF  2AF1               	goto	l3059
  4718  1B00                     l3069:
  4719  1B00  0874               	movf	___lbdiv@quotient,w
  4720  1B01  0008               	return
  4721  1B02                     __end_of___lbdiv:
  4722                           
  4723                           	psect	text12
  4724  1B23                     __ptext12:	
  4725 ;; *************** function _Lcd_Write_String *****************
  4726 ;; Defined at:
  4727 ;;		line 82 in file "LCD.c"
  4728 ;; Parameters:    Size  Location     Type
  4729 ;;  a               1    wreg     PTR const unsigned char 
  4730 ;;		 -> STR_21(15), STR_18(15), STR_15(15), STR_14(11), 
  4731 ;;		 -> STR_13(13), STR_12(8), STR_11(4), STR_10(5), 
  4732 ;;		 -> STR_9(4), STR_8(5), STR_7(5), STR_6(6), 
  4733 ;;		 -> STR_5(5), STR_4(5), STR_3(5), STR_2(3), 
  4734 ;;		 -> STR_1(2), 
  4735 ;; Auto vars:     Size  Location     Type
  4736 ;;  a               1    8[COMMON] PTR const unsigned char 
  4737 ;;		 -> STR_21(15), STR_18(15), STR_15(15), STR_14(11), 
  4738 ;;		 -> STR_13(13), STR_12(8), STR_11(4), STR_10(5), 
  4739 ;;		 -> STR_9(4), STR_8(5), STR_7(5), STR_6(6), 
  4740 ;;		 -> STR_5(5), STR_4(5), STR_3(5), STR_2(3), 
  4741 ;;		 -> STR_1(2), 
  4742 ;;  i               2    6[COMMON] int 
  4743 ;; Return value:  Size  Location     Type
  4744 ;;                  1    wreg      void 
  4745 ;; Registers used:
  4746 ;;		wreg, fsr0l, fsr0h, status,2, status,0, pclath, cstack
  4747 ;; Tracked objects:
  4748 ;;		On entry : 0/100
  4749 ;;		On exit  : 0/0
  4750 ;;		Unchanged: 0/0
  4751 ;; Data sizes:     COMMON   BANK0   BANK1   BANK3   BANK2
  4752 ;;      Params:         0       0       0       0       0
  4753 ;;      Locals:         3       0       0       0       0
  4754 ;;      Temps:          0       0       0       0       0
  4755 ;;      Totals:         3       0       0       0       0
  4756 ;;Total ram usage:        3 bytes
  4757 ;; Hardware stack levels used: 1
  4758 ;; Hardware stack levels required when called: 2
  4759 ;; This function calls:
  4760 ;;		_Lcd_Write_Char
  4761 ;; This function is called by:
  4762 ;;		_display_main_screen
  4763 ;;		_display_stats_screen
  4764 ;;		_display_quartiles_screen
  4765 ;;		_main
  4766 ;; This function uses a non-reentrant model
  4767 ;;
  4768                           
  4769                           
  4770                           ;psect for function _Lcd_Write_String
  4771  1B23                     _Lcd_Write_String:
  4772                           
  4773                           ;incstack = 0
  4774                           ; Regs used in _Lcd_Write_String: [wreg-fsr0h+status,2+status,0+pclath+cstack]
  4775                           ;Lcd_Write_String@a stored from wreg
  4776  1B23  00F8               	movwf	Lcd_Write_String@a
  4777                           
  4778                           ;LCD.c: 83:     int i;;LCD.c: 84:     for(i = 0; a[i] != '\0'; i++)
  4779  1B24  01F6               	clrf	Lcd_Write_String@i
  4780  1B25  01F7               	clrf	Lcd_Write_String@i+1
  4781  1B26                     l3529:
  4782  1B26  0876               	movf	Lcd_Write_String@i,w
  4783  1B27  0778               	addwf	Lcd_Write_String@a,w
  4784  1B28  0084               	movwf	4
  4785  1B29  120A  158A  200A  160A  158A  	fcall	stringdir
  4786  1B2E  3A00               	xorlw	0
  4787  1B2F  1903               	btfsc	3,2
  4788  1B30  0008               	return
  4789                           
  4790                           ;LCD.c: 85:         Lcd_Write_Char(a[i]);
  4791  1B31  0876               	movf	Lcd_Write_String@i,w
  4792  1B32  0778               	addwf	Lcd_Write_String@a,w
  4793  1B33  0084               	movwf	4
  4794  1B34  120A  158A  200A  160A  158A  	fcall	stringdir
  4795  1B39  160A  158A  24A7  160A  158A  	fcall	_Lcd_Write_Char
  4796  1B3E  3001               	movlw	1
  4797  1B3F  07F6               	addwf	Lcd_Write_String@i,f
  4798  1B40  1803               	skipnc
  4799  1B41  0AF7               	incf	Lcd_Write_String@i+1,f
  4800  1B42  3000               	movlw	0
  4801  1B43  07F7               	addwf	Lcd_Write_String@i+1,f
  4802  1B44  2B26               	goto	l3529
  4803  1B45                     __end_of_Lcd_Write_String:
  4804                           
  4805                           	psect	text13
  4806  1CA7                     __ptext13:	
  4807 ;; *************** function _Lcd_Write_Char *****************
  4808 ;; Defined at:
  4809 ;;		line 66 in file "LCD.c"
  4810 ;; Parameters:    Size  Location     Type
  4811 ;;  a               1    wreg     unsigned char 
  4812 ;; Auto vars:     Size  Location     Type
  4813 ;;  a               1    5[COMMON] unsigned char 
  4814 ;;  y               1    4[COMMON] unsigned char 
  4815 ;;  temp            1    3[COMMON] unsigned char 
  4816 ;; Return value:  Size  Location     Type
  4817 ;;                  1    wreg      void 
  4818 ;; Registers used:
  4819 ;;		wreg, status,2, status,0, pclath, cstack
  4820 ;; Tracked objects:
  4821 ;;		On entry : 0/900
  4822 ;;		On exit  : 0/0
  4823 ;;		Unchanged: 0/0
  4824 ;; Data sizes:     COMMON   BANK0   BANK1   BANK3   BANK2
  4825 ;;      Params:         0       0       0       0       0
  4826 ;;      Locals:         3       0       0       0       0
  4827 ;;      Temps:          2       0       0       0       0
  4828 ;;      Totals:         5       0       0       0       0
  4829 ;;Total ram usage:        5 bytes
  4830 ;; Hardware stack levels used: 1
  4831 ;; Hardware stack levels required when called: 1
  4832 ;; This function calls:
  4833 ;;		_Lcd_Port
  4834 ;; This function is called by:
  4835 ;;		_p2
  4836 ;;		_pf
  4837 ;;		_display_main_screen
  4838 ;;		_display_stats_screen
  4839 ;;		_main
  4840 ;;		_Lcd_Write_String
  4841 ;; This function uses a non-reentrant model
  4842 ;;
  4843                           
  4844                           
  4845                           ;psect for function _Lcd_Write_Char
  4846  1CA7                     _Lcd_Write_Char:
  4847                           
  4848                           ;incstack = 0
  4849                           ; Regs used in _Lcd_Write_Char: [wreg+status,2+status,0+pclath+cstack]
  4850                           ;Lcd_Write_Char@a stored from wreg
  4851  1CA7  00F5               	movwf	Lcd_Write_Char@a
  4852                           
  4853                           ;LCD.c: 67:     char temp, y;;LCD.c: 68:     temp = a & 0x0F;
  4854  1CA8  0875               	movf	Lcd_Write_Char@a,w
  4855  1CA9  390F               	andlw	15
  4856  1CAA  00F1               	movwf	??_Lcd_Write_Char
  4857  1CAB  0871               	movf	??_Lcd_Write_Char,w
  4858  1CAC  00F3               	movwf	Lcd_Write_Char@temp
  4859                           
  4860                           ;LCD.c: 69:     y = a & 0xF0;
  4861  1CAD  0875               	movf	Lcd_Write_Char@a,w
  4862  1CAE  39F0               	andlw	240
  4863  1CAF  00F1               	movwf	??_Lcd_Write_Char
  4864  1CB0  0871               	movf	??_Lcd_Write_Char,w
  4865  1CB1  00F4               	movwf	Lcd_Write_Char@y
  4866                           
  4867                           ;LCD.c: 70:     PORTDbits.RD2 = 1;
  4868  1CB2  1283               	bcf	3,5	;RP0=0, select bank0
  4869  1CB3  1303               	bcf	3,6	;RP1=0, select bank0
  4870  1CB4  1508               	bsf	8,2	;volatile
  4871                           
  4872                           ;LCD.c: 71:     Lcd_Port(y >> 4);
  4873  1CB5  0874               	movf	Lcd_Write_Char@y,w
  4874  1CB6  00F1               	movwf	??_Lcd_Write_Char
  4875  1CB7  3004               	movlw	4
  4876  1CB8                     u3155:
  4877  1CB8  1003               	clrc
  4878  1CB9  0CF1               	rrf	??_Lcd_Write_Char,f
  4879  1CBA  3EFF               	addlw	-1
  4880  1CBB  1D03               	skipz
  4881  1CBC  2CB8               	goto	u3155
  4882  1CBD  0871               	movf	??_Lcd_Write_Char,w
  4883  1CBE  160A  158A  221F  160A  158A  	fcall	_Lcd_Port
  4884                           
  4885                           ;LCD.c: 72:     PORTDbits.RD3 = 1;
  4886  1CC3  1588               	bsf	8,3	;volatile
  4887                           
  4888                           ;LCD.c: 73:     _delay((unsigned long)((40)*(20000000/4000000.0)));
  4889  1CC4  3042               	movlw	66
  4890  1CC5  00F1               	movwf	??_Lcd_Write_Char
  4891  1CC6                     u6217:
  4892  1CC6  0BF1               	decfsz	??_Lcd_Write_Char,f
  4893  1CC7  2CC6               	goto	u6217
  4894  1CC8  0000               	nop
  4895                           
  4896                           ;LCD.c: 74:     PORTDbits.RD3 = 0;
  4897  1CC9  1283               	bcf	3,5	;RP0=0, select bank0
  4898  1CCA  1303               	bcf	3,6	;RP1=0, select bank0
  4899  1CCB  1188               	bcf	8,3	;volatile
  4900                           
  4901                           ;LCD.c: 75:     Lcd_Port(temp);
  4902  1CCC  0873               	movf	Lcd_Write_Char@temp,w
  4903  1CCD  160A  158A  221F  160A  158A  	fcall	_Lcd_Port
  4904                           
  4905                           ;LCD.c: 76:     PORTDbits.RD3 = 1;
  4906  1CD2  1588               	bsf	8,3	;volatile
  4907                           
  4908                           ;LCD.c: 77:     _delay((unsigned long)((40)*(20000000/4000000.0)));
  4909  1CD3  3042               	movlw	66
  4910  1CD4  00F1               	movwf	??_Lcd_Write_Char
  4911  1CD5                     u6227:
  4912  1CD5  0BF1               	decfsz	??_Lcd_Write_Char,f
  4913  1CD6  2CD5               	goto	u6227
  4914  1CD7  0000               	nop
  4915                           
  4916                           ;LCD.c: 78:     PORTDbits.RD3 = 0;
  4917  1CD8  1283               	bcf	3,5	;RP0=0, select bank0
  4918  1CD9  1303               	bcf	3,6	;RP1=0, select bank0
  4919  1CDA  1188               	bcf	8,3	;volatile
  4920                           
  4921                           ;LCD.c: 79:     _delay((unsigned long)((2)*(20000000/4000.0)));
  4922  1CDB  300D               	movlw	13
  4923  1CDC  00F2               	movwf	??_Lcd_Write_Char+1
  4924  1CDD  30FB               	movlw	251
  4925  1CDE  00F1               	movwf	??_Lcd_Write_Char
  4926  1CDF                     u6237:
  4927  1CDF  0BF1               	decfsz	??_Lcd_Write_Char,f
  4928  1CE0  2CDF               	goto	u6237
  4929  1CE1  0BF2               	decfsz	??_Lcd_Write_Char+1,f
  4930  1CE2  2CDF               	goto	u6237
  4931  1CE3  2CE4               	nop2
  4932  1CE4  0008               	return
  4933  1CE5                     __end_of_Lcd_Write_Char:
  4934                           
  4935                           	psect	text14
  4936  1BB0                     __ptext14:	
  4937 ;; *************** function _Lcd_Set_Cursor *****************
  4938 ;; Defined at:
  4939 ;;		line 25 in file "LCD.c"
  4940 ;; Parameters:    Size  Location     Type
  4941 ;;  a               1    wreg     unsigned char 
  4942 ;;  b               1    4[COMMON] unsigned char 
  4943 ;; Auto vars:     Size  Location     Type
  4944 ;;  a               1    7[COMMON] unsigned char 
  4945 ;;  temp            1   10[COMMON] unsigned char 
  4946 ;;  y               1    9[COMMON] unsigned char 
  4947 ;;  z               1    8[COMMON] unsigned char 
  4948 ;; Return value:  Size  Location     Type
  4949 ;;                  1    wreg      void 
  4950 ;; Registers used:
  4951 ;;		wreg, status,2, status,0, pclath, cstack
  4952 ;; Tracked objects:
  4953 ;;		On entry : 0/100
  4954 ;;		On exit  : 0/0
  4955 ;;		Unchanged: 0/0
  4956 ;; Data sizes:     COMMON   BANK0   BANK1   BANK3   BANK2
  4957 ;;      Params:         1       0       0       0       0
  4958 ;;      Locals:         4       0       0       0       0
  4959 ;;      Temps:          2       0       0       0       0
  4960 ;;      Totals:         7       0       0       0       0
  4961 ;;Total ram usage:        7 bytes
  4962 ;; Hardware stack levels used: 1
  4963 ;; Hardware stack levels required when called: 2
  4964 ;; This function calls:
  4965 ;;		_Lcd_Cmd
  4966 ;; This function is called by:
  4967 ;;		_display_main_screen
  4968 ;;		_display_stats_screen
  4969 ;;		_display_quartiles_screen
  4970 ;;		_main
  4971 ;; This function uses a non-reentrant model
  4972 ;;
  4973                           
  4974                           
  4975                           ;psect for function _Lcd_Set_Cursor
  4976  1BB0                     _Lcd_Set_Cursor:
  4977                           
  4978                           ;incstack = 0
  4979                           ; Regs used in _Lcd_Set_Cursor: [wreg+status,2+status,0+pclath+cstack]
  4980                           ;Lcd_Set_Cursor@a stored from wreg
  4981  1BB0  00F7               	movwf	Lcd_Set_Cursor@a
  4982                           
  4983                           ;LCD.c: 26:     char temp, z, y;;LCD.c: 27:     if(a == 1) {
  4984  1BB1  0377               	decf	Lcd_Set_Cursor@a,w
  4985  1BB2  1D03               	btfss	3,2
  4986  1BB3  2BB7               	goto	l3515
  4987                           
  4988                           ;LCD.c: 28:         temp = 0x80 + b - 1;
  4989  1BB4  0874               	movf	Lcd_Set_Cursor@b,w
  4990  1BB5  3E7F               	addlw	127
  4991  1BB6  2BB9               	goto	L4
  4992  1BB7                     l3515:	
  4993                           ;LCD.c: 29:     } else {
  4994                           
  4995                           
  4996                           ;LCD.c: 30:         temp = 0xC0 + b - 1;
  4997  1BB7  0874               	movf	Lcd_Set_Cursor@b,w
  4998  1BB8  3EBF               	addlw	191
  4999  1BB9                     L4:
  5000  1BB9  00F5               	movwf	??_Lcd_Set_Cursor
  5001  1BBA  0875               	movf	??_Lcd_Set_Cursor,w
  5002  1BBB  00FA               	movwf	Lcd_Set_Cursor@temp
  5003                           
  5004                           ;LCD.c: 32:     z = temp >> 4;
  5005                           
  5006                           ;LCD.c: 31:     }
  5007  1BBC  087A               	movf	Lcd_Set_Cursor@temp,w
  5008  1BBD  00F5               	movwf	??_Lcd_Set_Cursor
  5009  1BBE  3004               	movlw	4
  5010  1BBF                     u4555:
  5011  1BBF  1003               	clrc
  5012  1BC0  0CF5               	rrf	??_Lcd_Set_Cursor,f
  5013  1BC1  3EFF               	addlw	-1
  5014  1BC2  1D03               	skipz
  5015  1BC3  2BBF               	goto	u4555
  5016  1BC4  0875               	movf	??_Lcd_Set_Cursor,w
  5017  1BC5  00F6               	movwf	??_Lcd_Set_Cursor+1
  5018  1BC6  0876               	movf	??_Lcd_Set_Cursor+1,w
  5019  1BC7  00F8               	movwf	Lcd_Set_Cursor@z
  5020                           
  5021                           ;LCD.c: 33:     y = temp & 0x0F;
  5022  1BC8  087A               	movf	Lcd_Set_Cursor@temp,w
  5023  1BC9  390F               	andlw	15
  5024  1BCA  00F5               	movwf	??_Lcd_Set_Cursor
  5025  1BCB  0875               	movf	??_Lcd_Set_Cursor,w
  5026  1BCC  00F9               	movwf	Lcd_Set_Cursor@y
  5027                           
  5028                           ;LCD.c: 34:     Lcd_Cmd(z);
  5029  1BCD  0878               	movf	Lcd_Set_Cursor@z,w
  5030  1BCE  160A  158A  229F  160A  158A  	fcall	_Lcd_Cmd
  5031                           
  5032                           ;LCD.c: 35:     Lcd_Cmd(y);
  5033  1BD3  0879               	movf	Lcd_Set_Cursor@y,w
  5034  1BD4  160A  158A  229F   	fcall	_Lcd_Cmd
  5035  1BD7  0008               	return
  5036  1BD8                     __end_of_Lcd_Set_Cursor:
  5037                           
  5038                           	psect	text15
  5039  08BE                     __ptext15:	
  5040 ;; *************** function _calculate_temp_stats *****************
  5041 ;; Defined at:
  5042 ;;		line 100 in file "main.c"
  5043 ;; Parameters:    Size  Location     Type
  5044 ;;		None
  5045 ;; Auto vars:     Size  Location     Type
  5046 ;;  sorted         24    0[BANK1 ] float [6]
  5047 ;;  sum             4   26[BANK1 ] float 
  5048 ;;  i               1   31[BANK1 ] unsigned char 
  5049 ;;  n               1   30[BANK1 ] unsigned char 
  5050 ;; Return value:  Size  Location     Type
  5051 ;;                  1    wreg      void 
  5052 ;; Registers used:
  5053 ;;		wreg, fsr0l, fsr0h, status,2, status,0, btemp+1, pclath, cstack
  5054 ;; Tracked objects:
  5055 ;;		On entry : 300/100
  5056 ;;		On exit  : 100/100
  5057 ;;		Unchanged: 0/0
  5058 ;; Data sizes:     COMMON   BANK0   BANK1   BANK3   BANK2
  5059 ;;      Params:         0       0       0       0       0
  5060 ;;      Locals:         0       0      32       0       0
  5061 ;;      Temps:          0       6       0       0       0
  5062 ;;      Totals:         0       6      32       0       0
  5063 ;;Total ram usage:       38 bytes
  5064 ;; Hardware stack levels used: 1
  5065 ;; Hardware stack levels required when called: 2
  5066 ;; This function calls:
  5067 ;;		___awdiv
  5068 ;;		___fladd
  5069 ;;		___fldiv
  5070 ;;		___flge
  5071 ;;		___wmul
  5072 ;;		___xxtofl
  5073 ;;		_sort_temps
  5074 ;; This function is called by:
  5075 ;;		_main
  5076 ;; This function uses a non-reentrant model
  5077 ;;
  5078                           
  5079                           
  5080                           ;psect for function _calculate_temp_stats
  5081  08BE                     _calculate_temp_stats:
  5082                           
  5083                           ;main.c: 101:     uint8_t n = temp_buffer_full ? 6 : temp_buffer_idx;
  5084                           
  5085                           ;incstack = 0
  5086                           ; Regs used in _calculate_temp_stats: [wreg-fsr0h+status,2+status,0+btemp+1+pclath+cstac
      +                          k]
  5087  08BE  0867               	movf	_temp_buffer_full^(0+128),w
  5088  08BF  1D03               	btfss	3,2
  5089  08C0  28CD               	goto	l4033
  5090  08C1  1283               	bcf	3,5	;RP0=0, select bank0
  5091  08C2  086F               	movf	_temp_buffer_idx,w
  5092  08C3  00E8               	movwf	??_calculate_temp_stats
  5093  08C4  01E9               	clrf	??_calculate_temp_stats+1
  5094  08C5  0868               	movf	??_calculate_temp_stats,w
  5095  08C6  1683               	bsf	3,5	;RP0=1, select bank1
  5096  08C7  00B8               	movwf	_calculate_temp_stats$237^(0+128)
  5097  08C8  1283               	bcf	3,5	;RP0=0, select bank0
  5098  08C9  0869               	movf	??_calculate_temp_stats+1,w
  5099  08CA  1683               	bsf	3,5	;RP0=1, select bank1
  5100  08CB  00B9               	movwf	(_calculate_temp_stats$237+1)^(0+128)
  5101  08CC  28D1               	goto	l103
  5102  08CD                     l4033:
  5103  08CD  3006               	movlw	6
  5104  08CE  00B8               	movwf	_calculate_temp_stats$237^(0+128)
  5105  08CF  3000               	movlw	0
  5106  08D0  00B9               	movwf	(_calculate_temp_stats$237^(0+128)+1)
  5107  08D1                     l103:
  5108  08D1  0838               	movf	_calculate_temp_stats$237^(0+128),w
  5109  08D2  1283               	bcf	3,5	;RP0=0, select bank0
  5110  08D3  00E8               	movwf	??_calculate_temp_stats
  5111  08D4  0868               	movf	??_calculate_temp_stats,w
  5112  08D5  1683               	bsf	3,5	;RP0=1, select bank1
  5113  08D6  00BE               	movwf	calculate_temp_stats@n^(0+128)
  5114                           
  5115                           ;main.c: 102:     uint8_t i;;main.c: 103:     float sum = 0;
  5116  08D7  3000               	movlw	0
  5117  08D8  00BD               	movwf	(calculate_temp_stats@sum+3)^(0+128)
  5118  08D9  3000               	movlw	0
  5119  08DA  00BC               	movwf	(calculate_temp_stats@sum+2)^(0+128)
  5120  08DB  3000               	movlw	0
  5121  08DC  00BB               	movwf	(calculate_temp_stats@sum+1)^(0+128)
  5122  08DD  3000               	movlw	0
  5123  08DE  00BA               	movwf	calculate_temp_stats@sum^(0+128)
  5124                           
  5125                           ;main.c: 104:     float sorted[6];;main.c: 106:     if(n == 0) return;
  5126  08DF  083E               	movf	calculate_temp_stats@n^(0+128),w
  5127  08E0  1903               	btfsc	3,2
  5128  08E1  0008               	return
  5129                           
  5130                           ;main.c: 108:     temp_stats.count = n;
  5131  08E2  083E               	movf	calculate_temp_stats@n^(0+128),w
  5132  08E3  1283               	bcf	3,5	;RP0=0, select bank0
  5133  08E4  00E8               	movwf	??_calculate_temp_stats
  5134  08E5  0868               	movf	??_calculate_temp_stats,w
  5135  08E6  1683               	bsf	3,5	;RP0=1, select bank3
  5136  08E7  1703               	bsf	3,6	;RP1=1, select bank3
  5137  08E8  0090               	movwf	_temp_stats^(0+384)
  5138                           
  5139                           ;main.c: 109:     temp_stats.min = temp_buffer[0];
  5140  08E9  0830               	movf	(_temp_buffer+3)^(0+384),w
  5141  08EA  009C               	movwf	((_temp_stats+3)^(0+384)+9)
  5142  08EB  082F               	movf	(_temp_buffer+2)^(0+384),w
  5143  08EC  009B               	movwf	((_temp_stats+2)^(0+384)+9)
  5144  08ED  082E               	movf	(_temp_buffer+1)^(0+384),w
  5145  08EE  009A               	movwf	((_temp_stats+1)^(0+384)+9)
  5146  08EF  082D               	movf	_temp_buffer^(0+384),w
  5147  08F0  0099               	movwf	(_temp_stats^(0+384)+9)
  5148                           
  5149                           ;main.c: 110:     temp_stats.max = temp_buffer[0];
  5150  08F1  0830               	movf	(_temp_buffer+3)^(0+384),w
  5151  08F2  00AC               	movwf	((_temp_stats+3)^(0+384)+25)
  5152  08F3  082F               	movf	(_temp_buffer+2)^(0+384),w
  5153  08F4  00AB               	movwf	((_temp_stats+2)^(0+384)+25)
  5154  08F5  082E               	movf	(_temp_buffer+1)^(0+384),w
  5155  08F6  00AA               	movwf	((_temp_stats+1)^(0+384)+25)
  5156  08F7  082D               	movf	_temp_buffer^(0+384),w
  5157  08F8  00A9               	movwf	(_temp_stats^(0+384)+25)
  5158                           
  5159                           ;main.c: 113:     for(i = 0; i < n; i++) {
  5160  08F9  1303               	bcf	3,6	;RP1=0, select bank1
  5161  08FA  01BF               	clrf	calculate_temp_stats@i^(0+128)
  5162  08FB                     l4057:
  5163  08FB  083E               	movf	calculate_temp_stats@n^(0+128),w
  5164  08FC  023F               	subwf	calculate_temp_stats@i^(0+128),w
  5165  08FD  1803               	btfsc	3,0
  5166  08FE  2A0E               	goto	l4059
  5167                           
  5168                           ;main.c: 114:         sorted[i] = temp_buffer[i];
  5169  08FF  083F               	movf	calculate_temp_stats@i^(0+128),w
  5170  0900  1283               	bcf	3,5	;RP0=0, select bank0
  5171  0901  00E8               	movwf	??_calculate_temp_stats
  5172  0902  3001               	movlw	1
  5173  0903                     u5485:
  5174  0903  1003               	clrc
  5175  0904  0DE8               	rlf	??_calculate_temp_stats,f
  5176  0905  3EFF               	addlw	-1
  5177  0906  1D03               	skipz
  5178  0907  2903               	goto	u5485
  5179  0908  1003               	clrc
  5180  0909  0D68               	rlf	??_calculate_temp_stats,w
  5181  090A  3EAD               	addlw	(low (_temp_buffer| (0+256)))& (0+255)
  5182  090B  0084               	movwf	4
  5183  090C  1783               	bsf	3,7	;select IRP bank3
  5184  090D  0800               	movf	0,w
  5185  090E  00E9               	movwf	??_calculate_temp_stats+1
  5186  090F  0A84               	incf	4,f
  5187  0910  0800               	movf	0,w
  5188  0911  00EA               	movwf	??_calculate_temp_stats+2
  5189  0912  0A84               	incf	4,f
  5190  0913  0800               	movf	0,w
  5191  0914  00EB               	movwf	??_calculate_temp_stats+3
  5192  0915  0A84               	incf	4,f
  5193  0916  0800               	movf	0,w
  5194  0917  00EC               	movwf	??_calculate_temp_stats+4
  5195  0918  1683               	bsf	3,5	;RP0=1, select bank1
  5196  0919  083F               	movf	calculate_temp_stats@i^(0+128),w
  5197  091A  1283               	bcf	3,5	;RP0=0, select bank0
  5198  091B  00ED               	movwf	??_calculate_temp_stats+5
  5199  091C  3001               	movlw	1
  5200  091D                     u5495:
  5201  091D  1003               	clrc
  5202  091E  0DED               	rlf	??_calculate_temp_stats+5,f
  5203  091F  3EFF               	addlw	-1
  5204  0920  1D03               	skipz
  5205  0921  291D               	goto	u5495
  5206  0922  1003               	clrc
  5207  0923  0D6D               	rlf	??_calculate_temp_stats+5,w
  5208  0924  3EA0               	addlw	(low (calculate_temp_stats@sorted| 0))& (0+255)
  5209  0925  0084               	movwf	4
  5210  0926  0869               	movf	??_calculate_temp_stats+1,w
  5211  0927  1383               	bcf	3,7	;select IRP bank1
  5212  0928  0080               	movwf	0
  5213  0929  0A84               	incf	4,f
  5214  092A  086A               	movf	??_calculate_temp_stats+2,w
  5215  092B  0080               	movwf	0
  5216  092C  0A84               	incf	4,f
  5217  092D  086B               	movf	??_calculate_temp_stats+3,w
  5218  092E  0080               	movwf	0
  5219  092F  0A84               	incf	4,f
  5220  0930  086C               	movf	??_calculate_temp_stats+4,w
  5221  0931  0080               	movwf	0
  5222                           
  5223                           ;main.c: 115:         sum += temp_buffer[i];
  5224  0932  1683               	bsf	3,5	;RP0=1, select bank1
  5225  0933  083F               	movf	calculate_temp_stats@i^(0+128),w
  5226  0934  1283               	bcf	3,5	;RP0=0, select bank0
  5227  0935  00E8               	movwf	??_calculate_temp_stats
  5228  0936  3001               	movlw	1
  5229  0937                     u5505:
  5230  0937  1003               	clrc
  5231  0938  0DE8               	rlf	??_calculate_temp_stats,f
  5232  0939  3EFF               	addlw	-1
  5233  093A  1D03               	skipz
  5234  093B  2937               	goto	u5505
  5235  093C  1003               	clrc
  5236  093D  0D68               	rlf	??_calculate_temp_stats,w
  5237  093E  3EAD               	addlw	(low (_temp_buffer| (0+256)))& (0+255)
  5238  093F  0084               	movwf	4
  5239  0940  1783               	bsf	3,7	;select IRP bank3
  5240  0941  0800               	movf	0,w
  5241  0942  00D4               	movwf	___fladd@b
  5242  0943  0A84               	incf	4,f
  5243  0944  0800               	movf	0,w
  5244  0945  00D5               	movwf	___fladd@b+1
  5245  0946  0A84               	incf	4,f
  5246  0947  0800               	movf	0,w
  5247  0948  00D6               	movwf	___fladd@b+2
  5248  0949  0A84               	incf	4,f
  5249  094A  0800               	movf	0,w
  5250  094B  00D7               	movwf	___fladd@b+3
  5251  094C  1683               	bsf	3,5	;RP0=1, select bank1
  5252  094D  083D               	movf	(calculate_temp_stats@sum+3)^(0+128),w
  5253  094E  1283               	bcf	3,5	;RP0=0, select bank0
  5254  094F  00DB               	movwf	___fladd@a+3
  5255  0950  1683               	bsf	3,5	;RP0=1, select bank1
  5256  0951  083C               	movf	(calculate_temp_stats@sum+2)^(0+128),w
  5257  0952  1283               	bcf	3,5	;RP0=0, select bank0
  5258  0953  00DA               	movwf	___fladd@a+2
  5259  0954  1683               	bsf	3,5	;RP0=1, select bank1
  5260  0955  083B               	movf	(calculate_temp_stats@sum+1)^(0+128),w
  5261  0956  1283               	bcf	3,5	;RP0=0, select bank0
  5262  0957  00D9               	movwf	___fladd@a+1
  5263  0958  1683               	bsf	3,5	;RP0=1, select bank1
  5264  0959  083A               	movf	calculate_temp_stats@sum^(0+128),w
  5265  095A  1283               	bcf	3,5	;RP0=0, select bank0
  5266  095B  00D8               	movwf	___fladd@a
  5267  095C  120A  158A  22DE  120A  158A  	fcall	___fladd
  5268  0961  0857               	movf	?___fladd+3,w
  5269  0962  1683               	bsf	3,5	;RP0=1, select bank1
  5270  0963  00BD               	movwf	(calculate_temp_stats@sum+3)^(0+128)
  5271  0964  1283               	bcf	3,5	;RP0=0, select bank0
  5272  0965  0856               	movf	?___fladd+2,w
  5273  0966  1683               	bsf	3,5	;RP0=1, select bank1
  5274  0967  00BC               	movwf	(calculate_temp_stats@sum+2)^(0+128)
  5275  0968  1283               	bcf	3,5	;RP0=0, select bank0
  5276  0969  0855               	movf	?___fladd+1,w
  5277  096A  1683               	bsf	3,5	;RP0=1, select bank1
  5278  096B  00BB               	movwf	(calculate_temp_stats@sum+1)^(0+128)
  5279  096C  1283               	bcf	3,5	;RP0=0, select bank0
  5280  096D  0854               	movf	?___fladd,w
  5281  096E  1683               	bsf	3,5	;RP0=1, select bank1
  5282  096F  00BA               	movwf	calculate_temp_stats@sum^(0+128)
  5283                           
  5284                           ;main.c: 116:         if(temp_buffer[i] < temp_stats.min) temp_stats.min = temp_buffer[i
      +                          ];
  5285  0970  083F               	movf	calculate_temp_stats@i^(0+128),w
  5286  0971  1283               	bcf	3,5	;RP0=0, select bank0
  5287  0972  00E8               	movwf	??_calculate_temp_stats
  5288  0973  3001               	movlw	1
  5289  0974                     u5515:
  5290  0974  1003               	clrc
  5291  0975  0DE8               	rlf	??_calculate_temp_stats,f
  5292  0976  3EFF               	addlw	-1
  5293  0977  1D03               	skipz
  5294  0978  2974               	goto	u5515
  5295  0979  1003               	clrc
  5296  097A  0D68               	rlf	??_calculate_temp_stats,w
  5297  097B  3EAD               	addlw	(low (_temp_buffer| (0+256)))& (0+255)
  5298  097C  0084               	movwf	4
  5299  097D  1783               	bsf	3,7	;select IRP bank3
  5300  097E  0800               	movf	0,w
  5301  097F  00F0               	movwf	___flge@ff1
  5302  0980  0A84               	incf	4,f
  5303  0981  0800               	movf	0,w
  5304  0982  00F1               	movwf	___flge@ff1+1
  5305  0983  0A84               	incf	4,f
  5306  0984  0800               	movf	0,w
  5307  0985  00F2               	movwf	___flge@ff1+2
  5308  0986  0A84               	incf	4,f
  5309  0987  0800               	movf	0,w
  5310  0988  00F3               	movwf	___flge@ff1+3
  5311  0989  3009               	movlw	9
  5312  098A  3E90               	addlw	(low (_temp_stats| (0+256)))& (0+255)
  5313  098B  0084               	movwf	4
  5314  098C  0800               	movf	0,w
  5315  098D  00F4               	movwf	___flge@ff2
  5316  098E  0A84               	incf	4,f
  5317  098F  0800               	movf	0,w
  5318  0990  00F5               	movwf	___flge@ff2+1
  5319  0991  0A84               	incf	4,f
  5320  0992  0800               	movf	0,w
  5321  0993  00F6               	movwf	___flge@ff2+2
  5322  0994  0A84               	incf	4,f
  5323  0995  0800               	movf	0,w
  5324  0996  00F7               	movwf	___flge@ff2+3
  5325  0997  160A  118A  2045  120A  158A  	fcall	___flge
  5326  099C  1803               	btfsc	3,0
  5327  099D  29BA               	goto	l4051
  5328  099E  1683               	bsf	3,5	;RP0=1, select bank1
  5329  099F  083F               	movf	calculate_temp_stats@i^(0+128),w
  5330  09A0  1283               	bcf	3,5	;RP0=0, select bank0
  5331  09A1  00E8               	movwf	??_calculate_temp_stats
  5332  09A2  3001               	movlw	1
  5333  09A3                     u5535:
  5334  09A3  1003               	clrc
  5335  09A4  0DE8               	rlf	??_calculate_temp_stats,f
  5336  09A5  3EFF               	addlw	-1
  5337  09A6  1D03               	skipz
  5338  09A7  29A3               	goto	u5535
  5339  09A8  1003               	clrc
  5340  09A9  0D68               	rlf	??_calculate_temp_stats,w
  5341  09AA  3EAD               	addlw	(low (_temp_buffer| (0+256)))& (0+255)
  5342  09AB  0084               	movwf	4
  5343  09AC  1783               	bsf	3,7	;select IRP bank3
  5344  09AD  0800               	movf	0,w
  5345  09AE  1683               	bsf	3,5	;RP0=1, select bank3
  5346  09AF  1703               	bsf	3,6	;RP1=1, select bank3
  5347  09B0  0099               	movwf	(_temp_stats^(0+384)+9)
  5348  09B1  0A84               	incf	4,f
  5349  09B2  0800               	movf	0,w
  5350  09B3  009A               	movwf	((_temp_stats+1)^(0+384)+9)
  5351  09B4  0A84               	incf	4,f
  5352  09B5  0800               	movf	0,w
  5353  09B6  009B               	movwf	((_temp_stats+2)^(0+384)+9)
  5354  09B7  0A84               	incf	4,f
  5355  09B8  0800               	movf	0,w
  5356  09B9  009C               	movwf	((_temp_stats+3)^(0+384)+9)
  5357  09BA                     l4051:
  5358                           
  5359                           ;main.c: 117:         if(temp_buffer[i] > temp_stats.max) temp_stats.max = temp_buffer[i
      +                          ];
  5360  09BA  3019               	movlw	25
  5361  09BB  3E90               	addlw	(low (_temp_stats| (0+256)))& (0+255)
  5362  09BC  0084               	movwf	4
  5363  09BD  1783               	bsf	3,7	;select IRP bank3
  5364  09BE  0800               	movf	0,w
  5365  09BF  00F0               	movwf	___flge@ff1
  5366  09C0  0A84               	incf	4,f
  5367  09C1  0800               	movf	0,w
  5368  09C2  00F1               	movwf	___flge@ff1+1
  5369  09C3  0A84               	incf	4,f
  5370  09C4  0800               	movf	0,w
  5371  09C5  00F2               	movwf	___flge@ff1+2
  5372  09C6  0A84               	incf	4,f
  5373  09C7  0800               	movf	0,w
  5374  09C8  00F3               	movwf	___flge@ff1+3
  5375  09C9  1683               	bsf	3,5	;RP0=1, select bank1
  5376  09CA  1303               	bcf	3,6	;RP1=0, select bank1
  5377  09CB  083F               	movf	calculate_temp_stats@i^(0+128),w
  5378  09CC  1283               	bcf	3,5	;RP0=0, select bank0
  5379  09CD  00E8               	movwf	??_calculate_temp_stats
  5380  09CE  3001               	movlw	1
  5381  09CF                     u5545:
  5382  09CF  1003               	clrc
  5383  09D0  0DE8               	rlf	??_calculate_temp_stats,f
  5384  09D1  3EFF               	addlw	-1
  5385  09D2  1D03               	skipz
  5386  09D3  29CF               	goto	u5545
  5387  09D4  1003               	clrc
  5388  09D5  0D68               	rlf	??_calculate_temp_stats,w
  5389  09D6  3EAD               	addlw	(low (_temp_buffer| (0+256)))& (0+255)
  5390  09D7  0084               	movwf	4
  5391  09D8  0800               	movf	0,w
  5392  09D9  00F4               	movwf	___flge@ff2
  5393  09DA  0A84               	incf	4,f
  5394  09DB  0800               	movf	0,w
  5395  09DC  00F5               	movwf	___flge@ff2+1
  5396  09DD  0A84               	incf	4,f
  5397  09DE  0800               	movf	0,w
  5398  09DF  00F6               	movwf	___flge@ff2+2
  5399  09E0  0A84               	incf	4,f
  5400  09E1  0800               	movf	0,w
  5401  09E2  00F7               	movwf	___flge@ff2+3
  5402  09E3  160A  118A  2045  120A  158A  	fcall	___flge
  5403  09E8  1803               	btfsc	3,0
  5404  09E9  2A06               	goto	l4055
  5405  09EA  1683               	bsf	3,5	;RP0=1, select bank1
  5406  09EB  083F               	movf	calculate_temp_stats@i^(0+128),w
  5407  09EC  1283               	bcf	3,5	;RP0=0, select bank0
  5408  09ED  00E8               	movwf	??_calculate_temp_stats
  5409  09EE  3001               	movlw	1
  5410  09EF                     u5565:
  5411  09EF  1003               	clrc
  5412  09F0  0DE8               	rlf	??_calculate_temp_stats,f
  5413  09F1  3EFF               	addlw	-1
  5414  09F2  1D03               	skipz
  5415  09F3  29EF               	goto	u5565
  5416  09F4  1003               	clrc
  5417  09F5  0D68               	rlf	??_calculate_temp_stats,w
  5418  09F6  3EAD               	addlw	(low (_temp_buffer| (0+256)))& (0+255)
  5419  09F7  0084               	movwf	4
  5420  09F8  1783               	bsf	3,7	;select IRP bank3
  5421  09F9  0800               	movf	0,w
  5422  09FA  1683               	bsf	3,5	;RP0=1, select bank3
  5423  09FB  1703               	bsf	3,6	;RP1=1, select bank3
  5424  09FC  00A9               	movwf	(_temp_stats^(0+384)+25)
  5425  09FD  0A84               	incf	4,f
  5426  09FE  0800               	movf	0,w
  5427  09FF  00AA               	movwf	((_temp_stats+1)^(0+384)+25)
  5428  0A00  0A84               	incf	4,f
  5429  0A01  0800               	movf	0,w
  5430  0A02  00AB               	movwf	((_temp_stats+2)^(0+384)+25)
  5431  0A03  0A84               	incf	4,f
  5432  0A04  0800               	movf	0,w
  5433  0A05  00AC               	movwf	((_temp_stats+3)^(0+384)+25)
  5434  0A06                     l4055:
  5435                           
  5436                           ;main.c: 118:     }
  5437  0A06  3001               	movlw	1
  5438  0A07  1283               	bcf	3,5	;RP0=0, select bank0
  5439  0A08  1303               	bcf	3,6	;RP1=0, select bank0
  5440  0A09  00E8               	movwf	??_calculate_temp_stats
  5441  0A0A  0868               	movf	??_calculate_temp_stats,w
  5442  0A0B  1683               	bsf	3,5	;RP0=1, select bank1
  5443  0A0C  07BF               	addwf	calculate_temp_stats@i^(0+128),f
  5444  0A0D  28FB               	goto	l4057
  5445  0A0E                     l4059:
  5446                           
  5447                           ;main.c: 121:     temp_stats.mean = sum / n;
  5448  0A0E  083E               	movf	calculate_temp_stats@n^(0+128),w
  5449  0A0F  1283               	bcf	3,5	;RP0=0, select bank0
  5450  0A10  00E8               	movwf	??_calculate_temp_stats
  5451  0A11  01E9               	clrf	??_calculate_temp_stats+1
  5452  0A12  01EA               	clrf	??_calculate_temp_stats+2
  5453  0A13  01EB               	clrf	??_calculate_temp_stats+3
  5454  0A14  086B               	movf	??_calculate_temp_stats+3,w
  5455  0A15  00F3               	movwf	___xxtofl@val+3
  5456  0A16  086A               	movf	??_calculate_temp_stats+2,w
  5457  0A17  00F2               	movwf	___xxtofl@val+2
  5458  0A18  0869               	movf	??_calculate_temp_stats+1,w
  5459  0A19  00F1               	movwf	___xxtofl@val+1
  5460  0A1A  0868               	movf	??_calculate_temp_stats,w
  5461  0A1B  00F0               	movwf	___xxtofl@val
  5462  0A1C  3001               	movlw	1
  5463  0A1D  160A  118A  216C  120A  158A  	fcall	___xxtofl
  5464  0A22  0873               	movf	?___xxtofl+3,w
  5465  0A23  00A3               	movwf	___fldiv@a+3
  5466  0A24  0872               	movf	?___xxtofl+2,w
  5467  0A25  00A2               	movwf	___fldiv@a+2
  5468  0A26  0871               	movf	?___xxtofl+1,w
  5469  0A27  00A1               	movwf	___fldiv@a+1
  5470  0A28  0870               	movf	?___xxtofl,w
  5471  0A29  00A0               	movwf	___fldiv@a
  5472  0A2A  1683               	bsf	3,5	;RP0=1, select bank1
  5473  0A2B  083D               	movf	(calculate_temp_stats@sum+3)^(0+128),w
  5474  0A2C  1283               	bcf	3,5	;RP0=0, select bank0
  5475  0A2D  00A7               	movwf	___fldiv@b+3
  5476  0A2E  1683               	bsf	3,5	;RP0=1, select bank1
  5477  0A2F  083C               	movf	(calculate_temp_stats@sum+2)^(0+128),w
  5478  0A30  1283               	bcf	3,5	;RP0=0, select bank0
  5479  0A31  00A6               	movwf	___fldiv@b+2
  5480  0A32  1683               	bsf	3,5	;RP0=1, select bank1
  5481  0A33  083B               	movf	(calculate_temp_stats@sum+1)^(0+128),w
  5482  0A34  1283               	bcf	3,5	;RP0=0, select bank0
  5483  0A35  00A5               	movwf	___fldiv@b+1
  5484  0A36  1683               	bsf	3,5	;RP0=1, select bank1
  5485  0A37  083A               	movf	calculate_temp_stats@sum^(0+128),w
  5486  0A38  1283               	bcf	3,5	;RP0=0, select bank0
  5487  0A39  00A4               	movwf	___fldiv@b
  5488  0A3A  120A  118A  205F  120A  158A  	fcall	___fldiv
  5489  0A3F  0823               	movf	?___fldiv+3,w
  5490  0A40  1683               	bsf	3,5	;RP0=1, select bank3
  5491  0A41  1703               	bsf	3,6	;RP1=1, select bank3
  5492  0A42  0094               	movwf	((_temp_stats+3)^(0+384)+1)
  5493  0A43  1283               	bcf	3,5	;RP0=0, select bank0
  5494  0A44  1303               	bcf	3,6	;RP1=0, select bank0
  5495  0A45  0822               	movf	?___fldiv+2,w
  5496  0A46  1683               	bsf	3,5	;RP0=1, select bank3
  5497  0A47  1703               	bsf	3,6	;RP1=1, select bank3
  5498  0A48  0093               	movwf	((_temp_stats+2)^(0+384)+1)
  5499  0A49  1283               	bcf	3,5	;RP0=0, select bank0
  5500  0A4A  1303               	bcf	3,6	;RP1=0, select bank0
  5501  0A4B  0821               	movf	?___fldiv+1,w
  5502  0A4C  1683               	bsf	3,5	;RP0=1, select bank3
  5503  0A4D  1703               	bsf	3,6	;RP1=1, select bank3
  5504  0A4E  0092               	movwf	((_temp_stats+1)^(0+384)+1)
  5505  0A4F  1283               	bcf	3,5	;RP0=0, select bank0
  5506  0A50  1303               	bcf	3,6	;RP1=0, select bank0
  5507  0A51  0820               	movf	?___fldiv,w
  5508  0A52  1683               	bsf	3,5	;RP0=1, select bank3
  5509  0A53  1703               	bsf	3,6	;RP1=1, select bank3
  5510  0A54  0091               	movwf	(_temp_stats^(0+384)+1)
  5511                           
  5512                           ;main.c: 124:     sort_temps(sorted, n);
  5513  0A55  1303               	bcf	3,6	;RP1=0, select bank1
  5514  0A56  083E               	movf	calculate_temp_stats@n^(0+128),w
  5515  0A57  1283               	bcf	3,5	;RP0=0, select bank0
  5516  0A58  00E8               	movwf	??_calculate_temp_stats
  5517  0A59  0868               	movf	??_calculate_temp_stats,w
  5518  0A5A  00FC               	movwf	sort_temps@n
  5519  0A5B  30A0               	movlw	(low (calculate_temp_stats@sorted| 0))& (0+255)
  5520  0A5C  160A  118A  22D8  120A  158A  	fcall	_sort_temps
  5521                           
  5522                           ;main.c: 127:     temp_stats.q25 = sorted[n / 4];
  5523  0A61  1683               	bsf	3,5	;RP0=1, select bank1
  5524  0A62  1303               	bcf	3,6	;RP1=0, select bank1
  5525  0A63  083E               	movf	calculate_temp_stats@n^(0+128),w
  5526  0A64  1283               	bcf	3,5	;RP0=0, select bank0
  5527  0A65  00E8               	movwf	??_calculate_temp_stats
  5528  0A66  3002               	movlw	2
  5529  0A67                     u5585:
  5530  0A67  1003               	clrc
  5531  0A68  0CE8               	rrf	??_calculate_temp_stats,f
  5532  0A69  3EFF               	addlw	-1
  5533  0A6A  1D03               	skipz
  5534  0A6B  2A67               	goto	u5585
  5535  0A6C  0868               	movf	??_calculate_temp_stats,w
  5536  0A6D  00E9               	movwf	??_calculate_temp_stats+1
  5537  0A6E  3001               	movlw	1
  5538  0A6F                     u5595:
  5539  0A6F  1003               	clrc
  5540  0A70  0DE9               	rlf	??_calculate_temp_stats+1,f
  5541  0A71  3EFF               	addlw	-1
  5542  0A72  1D03               	skipz
  5543  0A73  2A6F               	goto	u5595
  5544  0A74  1003               	clrc
  5545  0A75  0D69               	rlf	??_calculate_temp_stats+1,w
  5546  0A76  3EA0               	addlw	(low (calculate_temp_stats@sorted| 0))& (0+255)
  5547  0A77  0084               	movwf	4
  5548  0A78  1383               	bcf	3,7	;select IRP bank1
  5549  0A79  0800               	movf	0,w
  5550  0A7A  1683               	bsf	3,5	;RP0=1, select bank3
  5551  0A7B  1703               	bsf	3,6	;RP1=1, select bank3
  5552  0A7C  009D               	movwf	(_temp_stats^(0+384)+13)
  5553  0A7D  0A84               	incf	4,f
  5554  0A7E  0800               	movf	0,w
  5555  0A7F  009E               	movwf	((_temp_stats+1)^(0+384)+13)
  5556  0A80  0A84               	incf	4,f
  5557  0A81  0800               	movf	0,w
  5558  0A82  009F               	movwf	((_temp_stats+2)^(0+384)+13)
  5559  0A83  0A84               	incf	4,f
  5560  0A84  0800               	movf	0,w
  5561  0A85  00A0               	movwf	((_temp_stats+3)^(0+384)+13)
  5562                           
  5563                           ;main.c: 128:     temp_stats.median = sorted[n / 2];
  5564  0A86  1303               	bcf	3,6	;RP1=0, select bank1
  5565  0A87  083E               	movf	calculate_temp_stats@n^(0+128),w
  5566  0A88  1283               	bcf	3,5	;RP0=0, select bank0
  5567  0A89  00E8               	movwf	??_calculate_temp_stats
  5568  0A8A  1003               	clrc
  5569  0A8B  0C68               	rrf	??_calculate_temp_stats,w
  5570  0A8C  00E9               	movwf	??_calculate_temp_stats+1
  5571  0A8D  3001               	movlw	1
  5572  0A8E                     u5605:
  5573  0A8E  1003               	clrc
  5574  0A8F  0DE9               	rlf	??_calculate_temp_stats+1,f
  5575  0A90  3EFF               	addlw	-1
  5576  0A91  1D03               	skipz
  5577  0A92  2A8E               	goto	u5605
  5578  0A93  1003               	clrc
  5579  0A94  0D69               	rlf	??_calculate_temp_stats+1,w
  5580  0A95  3EA0               	addlw	(low (calculate_temp_stats@sorted| 0))& (0+255)
  5581  0A96  0084               	movwf	4
  5582  0A97  0800               	movf	0,w
  5583  0A98  1683               	bsf	3,5	;RP0=1, select bank3
  5584  0A99  1703               	bsf	3,6	;RP1=1, select bank3
  5585  0A9A  00A1               	movwf	(_temp_stats^(0+384)+17)
  5586  0A9B  0A84               	incf	4,f
  5587  0A9C  0800               	movf	0,w
  5588  0A9D  00A2               	movwf	((_temp_stats+1)^(0+384)+17)
  5589  0A9E  0A84               	incf	4,f
  5590  0A9F  0800               	movf	0,w
  5591  0AA0  00A3               	movwf	((_temp_stats+2)^(0+384)+17)
  5592  0AA1  0A84               	incf	4,f
  5593  0AA2  0800               	movf	0,w
  5594  0AA3  00A4               	movwf	((_temp_stats+3)^(0+384)+17)
  5595                           
  5596                           ;main.c: 129:     temp_stats.q75 = sorted[(3 * n) / 4];
  5597  0AA4  3004               	movlw	4
  5598  0AA5  00F6               	movwf	___awdiv@divisor
  5599  0AA6  3000               	movlw	0
  5600  0AA7  00F7               	movwf	___awdiv@divisor+1
  5601  0AA8  1303               	bcf	3,6	;RP1=0, select bank1
  5602  0AA9  083E               	movf	calculate_temp_stats@n^(0+128),w
  5603  0AAA  1283               	bcf	3,5	;RP0=0, select bank0
  5604  0AAB  00E8               	movwf	??_calculate_temp_stats
  5605  0AAC  01E9               	clrf	??_calculate_temp_stats+1
  5606  0AAD  0868               	movf	??_calculate_temp_stats,w
  5607  0AAE  00F0               	movwf	___wmul@multiplier
  5608  0AAF  0869               	movf	??_calculate_temp_stats+1,w
  5609  0AB0  00F1               	movwf	___wmul@multiplier+1
  5610  0AB1  3003               	movlw	3
  5611  0AB2  00F2               	movwf	___wmul@multiplicand
  5612  0AB3  3000               	movlw	0
  5613  0AB4  00F3               	movwf	___wmul@multiplicand+1
  5614  0AB5  160A  158A  22C0  120A  158A  	fcall	___wmul
  5615  0ABA  0871               	movf	?___wmul+1,w
  5616  0ABB  00F9               	movwf	___awdiv@dividend+1
  5617  0ABC  0870               	movf	?___wmul,w
  5618  0ABD  00F8               	movwf	___awdiv@dividend
  5619  0ABE  120A  118A  2005  120A  158A  	fcall	___awdiv
  5620  0AC3  0876               	movf	?___awdiv,w
  5621  0AC4  00EA               	movwf	??_calculate_temp_stats+2
  5622  0AC5  3001               	movlw	1
  5623  0AC6                     u5615:
  5624  0AC6  1003               	clrc
  5625  0AC7  0DEA               	rlf	??_calculate_temp_stats+2,f
  5626  0AC8  3EFF               	addlw	-1
  5627  0AC9  1D03               	skipz
  5628  0ACA  2AC6               	goto	u5615
  5629  0ACB  1003               	clrc
  5630  0ACC  0D6A               	rlf	??_calculate_temp_stats+2,w
  5631  0ACD  3EA0               	addlw	(low (calculate_temp_stats@sorted| 0))& (0+255)
  5632  0ACE  0084               	movwf	4
  5633  0ACF  1383               	bcf	3,7	;select IRP bank1
  5634  0AD0  0800               	movf	0,w
  5635  0AD1  1683               	bsf	3,5	;RP0=1, select bank3
  5636  0AD2  1703               	bsf	3,6	;RP1=1, select bank3
  5637  0AD3  00A5               	movwf	(_temp_stats^(0+384)+21)
  5638  0AD4  0A84               	incf	4,f
  5639  0AD5  0800               	movf	0,w
  5640  0AD6  00A6               	movwf	((_temp_stats+1)^(0+384)+21)
  5641  0AD7  0A84               	incf	4,f
  5642  0AD8  0800               	movf	0,w
  5643  0AD9  00A7               	movwf	((_temp_stats+2)^(0+384)+21)
  5644  0ADA  0A84               	incf	4,f
  5645  0ADB  0800               	movf	0,w
  5646  0ADC  00A8               	movwf	((_temp_stats+3)^(0+384)+21)
  5647  0ADD  0008               	return
  5648  0ADE                     __end_of_calculate_temp_stats:
  5649                           
  5650                           	psect	text16
  5651  12D8                     __ptext16:	
  5652 ;; *************** function _sort_temps *****************
  5653 ;; Defined at:
  5654 ;;		line 85 in file "main.c"
  5655 ;; Parameters:    Size  Location     Type
  5656 ;;  arr             1    wreg     PTR float 
  5657 ;;		 -> calculate_temp_stats@sorted(24), 
  5658 ;;  n               1   12[COMMON] unsigned char 
  5659 ;; Auto vars:     Size  Location     Type
  5660 ;;  arr             1   13[BANK0 ] PTR float 
  5661 ;;		 -> calculate_temp_stats@sorted(24), 
  5662 ;;  temp            4    8[BANK0 ] float 
  5663 ;;  j               1   14[BANK0 ] unsigned char 
  5664 ;;  i               1   12[BANK0 ] unsigned char 
  5665 ;; Return value:  Size  Location     Type
  5666 ;;                  1    wreg      void 
  5667 ;; Registers used:
  5668 ;;		wreg, fsr0l, fsr0h, status,2, status,0, pclath, cstack
  5669 ;; Tracked objects:
  5670 ;;		On entry : 300/0
  5671 ;;		On exit  : 0/0
  5672 ;;		Unchanged: 0/0
  5673 ;; Data sizes:     COMMON   BANK0   BANK1   BANK3   BANK2
  5674 ;;      Params:         1       0       0       0       0
  5675 ;;      Locals:         0       7       0       0       0
  5676 ;;      Temps:          0       8       0       0       0
  5677 ;;      Totals:         1      15       0       0       0
  5678 ;;Total ram usage:       16 bytes
  5679 ;; Hardware stack levels used: 1
  5680 ;; Hardware stack levels required when called: 1
  5681 ;; This function calls:
  5682 ;;		___flge
  5683 ;; This function is called by:
  5684 ;;		_calculate_temp_stats
  5685 ;; This function uses a non-reentrant model
  5686 ;;
  5687                           
  5688                           
  5689                           ;psect for function _sort_temps
  5690  12D8                     _sort_temps:
  5691                           
  5692                           ;incstack = 0
  5693                           ; Regs used in _sort_temps: [wreg-fsr0h+status,2+status,0+pclath+cstack]
  5694                           ;sort_temps@arr stored from wreg
  5695  12D8  00AD               	movwf	sort_temps@arr
  5696                           
  5697                           ;main.c: 86:     uint8_t i, j;;main.c: 87:     float temp;;main.c: 88:     for(i = 0; i 
      +                          < n - 1; i++) {
  5698  12D9  01AC               	clrf	sort_temps@i
  5699  12DA                     l3509:
  5700  12DA  087C               	movf	sort_temps@n,w
  5701  12DB  3EFF               	addlw	255
  5702  12DC  00A0               	movwf	??_sort_temps
  5703  12DD  30FF               	movlw	255
  5704  12DE  1803               	skipnc
  5705  12DF  3000               	movlw	0
  5706  12E0  00A1               	movwf	??_sort_temps+1
  5707  12E1  0821               	movf	??_sort_temps+1,w
  5708  12E2  3A80               	xorlw	128
  5709  12E3  3C80               	sublw	128
  5710  12E4  1D03               	skipz
  5711  12E5  2AE8               	goto	u4535
  5712  12E6  0820               	movf	??_sort_temps,w
  5713  12E7  022C               	subwf	sort_temps@i,w
  5714  12E8                     u4535:
  5715  12E8  1803               	btfsc	3,0
  5716  12E9  0008               	return
  5717                           
  5718                           ;main.c: 89:         for(j = 0; j < n - i - 1; j++) {
  5719  12EA  1283               	bcf	3,5	;RP0=0, select bank0
  5720  12EB  1303               	bcf	3,6	;RP1=0, select bank0
  5721  12EC  01AE               	clrf	sort_temps@j
  5722  12ED                     l3505:
  5723  12ED  087C               	movf	sort_temps@n,w
  5724  12EE  00A0               	movwf	??_sort_temps
  5725  12EF  01A1               	clrf	??_sort_temps+1
  5726  12F0  0821               	movf	??_sort_temps+1,w
  5727  12F1  00A3               	movwf	??_sort_temps+3
  5728  12F2  082C               	movf	sort_temps@i,w
  5729  12F3  0220               	subwf	??_sort_temps,w
  5730  12F4  00A2               	movwf	??_sort_temps+2
  5731  12F5  1C03               	skipc
  5732  12F6  03A3               	decf	??_sort_temps+3,f
  5733  12F7  0822               	movf	??_sort_temps+2,w
  5734  12F8  3EFF               	addlw	255
  5735  12F9  00A4               	movwf	??_sort_temps+4
  5736  12FA  0823               	movf	??_sort_temps+3,w
  5737  12FB  1803               	skipnc
  5738  12FC  3E01               	addlw	1
  5739  12FD  3EFF               	addlw	255
  5740  12FE  00A5               	movwf	??_sort_temps+5
  5741  12FF  0825               	movf	??_sort_temps+5,w
  5742  1300  3A80               	xorlw	128
  5743  1301  3C80               	sublw	128
  5744  1302  1D03               	skipz
  5745  1303  2B06               	goto	u4525
  5746  1304  0824               	movf	??_sort_temps+4,w
  5747  1305  022E               	subwf	sort_temps@j,w
  5748  1306                     u4525:
  5749  1306  1803               	btfsc	3,0
  5750  1307  2BB3               	goto	l3507
  5751                           
  5752                           ;main.c: 90:             if(arr[j] > arr[j+1]) {
  5753  1308  1283               	bcf	3,5	;RP0=0, select bank0
  5754  1309  1303               	bcf	3,6	;RP1=0, select bank0
  5755  130A  082E               	movf	sort_temps@j,w
  5756  130B  00A0               	movwf	??_sort_temps
  5757  130C  3001               	movlw	1
  5758  130D                     u4455:
  5759  130D  1003               	clrc
  5760  130E  0DA0               	rlf	??_sort_temps,f
  5761  130F  3EFF               	addlw	-1
  5762  1310  1D03               	skipz
  5763  1311  2B0D               	goto	u4455
  5764  1312  1003               	clrc
  5765  1313  0D20               	rlf	??_sort_temps,w
  5766  1314  072D               	addwf	sort_temps@arr,w
  5767  1315  00A1               	movwf	??_sort_temps+1
  5768  1316  0821               	movf	??_sort_temps+1,w
  5769  1317  3E04               	addlw	4
  5770  1318  0084               	movwf	4
  5771  1319  1383               	bcf	3,7	;select IRP bank0
  5772  131A  0800               	movf	0,w
  5773  131B  00F0               	movwf	___flge@ff1
  5774  131C  0A84               	incf	4,f
  5775  131D  0800               	movf	0,w
  5776  131E  00F1               	movwf	___flge@ff1+1
  5777  131F  0A84               	incf	4,f
  5778  1320  0800               	movf	0,w
  5779  1321  00F2               	movwf	___flge@ff1+2
  5780  1322  0A84               	incf	4,f
  5781  1323  0800               	movf	0,w
  5782  1324  00F3               	movwf	___flge@ff1+3
  5783  1325  082E               	movf	sort_temps@j,w
  5784  1326  00A2               	movwf	??_sort_temps+2
  5785  1327  3001               	movlw	1
  5786  1328                     u4465:
  5787  1328  1003               	clrc
  5788  1329  0DA2               	rlf	??_sort_temps+2,f
  5789  132A  3EFF               	addlw	-1
  5790  132B  1D03               	skipz
  5791  132C  2B28               	goto	u4465
  5792  132D  1003               	clrc
  5793  132E  0D22               	rlf	??_sort_temps+2,w
  5794  132F  072D               	addwf	sort_temps@arr,w
  5795  1330  00A3               	movwf	??_sort_temps+3
  5796  1331  0823               	movf	??_sort_temps+3,w
  5797  1332  0084               	movwf	4
  5798  1333  0800               	movf	0,w
  5799  1334  00F4               	movwf	___flge@ff2
  5800  1335  0A84               	incf	4,f
  5801  1336  0800               	movf	0,w
  5802  1337  00F5               	movwf	___flge@ff2+1
  5803  1338  0A84               	incf	4,f
  5804  1339  0800               	movf	0,w
  5805  133A  00F6               	movwf	___flge@ff2+2
  5806  133B  0A84               	incf	4,f
  5807  133C  0800               	movf	0,w
  5808  133D  00F7               	movwf	___flge@ff2+3
  5809  133E  160A  118A  2045  160A  118A  	fcall	___flge
  5810  1343  1803               	btfsc	3,0
  5811  1344  2BAD               	goto	l3503
  5812                           
  5813                           ;main.c: 91:                 temp = arr[j];
  5814  1345  1283               	bcf	3,5	;RP0=0, select bank0
  5815  1346  082E               	movf	sort_temps@j,w
  5816  1347  00A0               	movwf	??_sort_temps
  5817  1348  3001               	movlw	1
  5818  1349                     u4485:
  5819  1349  1003               	clrc
  5820  134A  0DA0               	rlf	??_sort_temps,f
  5821  134B  3EFF               	addlw	-1
  5822  134C  1D03               	skipz
  5823  134D  2B49               	goto	u4485
  5824  134E  1003               	clrc
  5825  134F  0D20               	rlf	??_sort_temps,w
  5826  1350  072D               	addwf	sort_temps@arr,w
  5827  1351  00A1               	movwf	??_sort_temps+1
  5828  1352  0821               	movf	??_sort_temps+1,w
  5829  1353  0084               	movwf	4
  5830  1354  1383               	bcf	3,7	;select IRP bank0
  5831  1355  0800               	movf	0,w
  5832  1356  00A8               	movwf	sort_temps@temp
  5833  1357  0A84               	incf	4,f
  5834  1358  0800               	movf	0,w
  5835  1359  00A9               	movwf	sort_temps@temp+1
  5836  135A  0A84               	incf	4,f
  5837  135B  0800               	movf	0,w
  5838  135C  00AA               	movwf	sort_temps@temp+2
  5839  135D  0A84               	incf	4,f
  5840  135E  0800               	movf	0,w
  5841  135F  00AB               	movwf	sort_temps@temp+3
  5842                           
  5843                           ;main.c: 92:                 arr[j] = arr[j+1];
  5844  1360  082E               	movf	sort_temps@j,w
  5845  1361  00A0               	movwf	??_sort_temps
  5846  1362  3001               	movlw	1
  5847  1363                     u4495:
  5848  1363  1003               	clrc
  5849  1364  0DA0               	rlf	??_sort_temps,f
  5850  1365  3EFF               	addlw	-1
  5851  1366  1D03               	skipz
  5852  1367  2B63               	goto	u4495
  5853  1368  1003               	clrc
  5854  1369  0D20               	rlf	??_sort_temps,w
  5855  136A  072D               	addwf	sort_temps@arr,w
  5856  136B  00A1               	movwf	??_sort_temps+1
  5857  136C  0821               	movf	??_sort_temps+1,w
  5858  136D  3E04               	addlw	4
  5859  136E  0084               	movwf	4
  5860  136F  0800               	movf	0,w
  5861  1370  00A2               	movwf	??_sort_temps+2
  5862  1371  0A84               	incf	4,f
  5863  1372  0800               	movf	0,w
  5864  1373  00A3               	movwf	??_sort_temps+3
  5865  1374  0A84               	incf	4,f
  5866  1375  0800               	movf	0,w
  5867  1376  00A4               	movwf	??_sort_temps+4
  5868  1377  0A84               	incf	4,f
  5869  1378  0800               	movf	0,w
  5870  1379  00A5               	movwf	??_sort_temps+5
  5871  137A  082E               	movf	sort_temps@j,w
  5872  137B  00A6               	movwf	??_sort_temps+6
  5873  137C  3001               	movlw	1
  5874  137D                     u4505:
  5875  137D  1003               	clrc
  5876  137E  0DA6               	rlf	??_sort_temps+6,f
  5877  137F  3EFF               	addlw	-1
  5878  1380  1D03               	skipz
  5879  1381  2B7D               	goto	u4505
  5880  1382  1003               	clrc
  5881  1383  0D26               	rlf	??_sort_temps+6,w
  5882  1384  072D               	addwf	sort_temps@arr,w
  5883  1385  00A7               	movwf	??_sort_temps+7
  5884  1386  0827               	movf	??_sort_temps+7,w
  5885  1387  0084               	movwf	4
  5886  1388  0822               	movf	??_sort_temps+2,w
  5887  1389  0080               	movwf	0
  5888  138A  0A84               	incf	4,f
  5889  138B  0823               	movf	??_sort_temps+3,w
  5890  138C  0080               	movwf	0
  5891  138D  0A84               	incf	4,f
  5892  138E  0824               	movf	??_sort_temps+4,w
  5893  138F  0080               	movwf	0
  5894  1390  0A84               	incf	4,f
  5895  1391  0825               	movf	??_sort_temps+5,w
  5896  1392  0080               	movwf	0
  5897                           
  5898                           ;main.c: 93:                 arr[j+1] = temp;
  5899  1393  082E               	movf	sort_temps@j,w
  5900  1394  00A0               	movwf	??_sort_temps
  5901  1395  3001               	movlw	1
  5902  1396                     u4515:
  5903  1396  1003               	clrc
  5904  1397  0DA0               	rlf	??_sort_temps,f
  5905  1398  3EFF               	addlw	-1
  5906  1399  1D03               	skipz
  5907  139A  2B96               	goto	u4515
  5908  139B  1003               	clrc
  5909  139C  0D20               	rlf	??_sort_temps,w
  5910  139D  072D               	addwf	sort_temps@arr,w
  5911  139E  00A1               	movwf	??_sort_temps+1
  5912  139F  0821               	movf	??_sort_temps+1,w
  5913  13A0  3E04               	addlw	4
  5914  13A1  0084               	movwf	4
  5915  13A2  0828               	movf	sort_temps@temp,w
  5916  13A3  0080               	movwf	0
  5917  13A4  0A84               	incf	4,f
  5918  13A5  0829               	movf	sort_temps@temp+1,w
  5919  13A6  0080               	movwf	0
  5920  13A7  0A84               	incf	4,f
  5921  13A8  082A               	movf	sort_temps@temp+2,w
  5922  13A9  0080               	movwf	0
  5923  13AA  0A84               	incf	4,f
  5924  13AB  082B               	movf	sort_temps@temp+3,w
  5925  13AC  0080               	movwf	0
  5926  13AD                     l3503:
  5927                           
  5928                           ;main.c: 95:         }
  5929  13AD  3001               	movlw	1
  5930  13AE  1283               	bcf	3,5	;RP0=0, select bank0
  5931  13AF  00A0               	movwf	??_sort_temps
  5932  13B0  0820               	movf	??_sort_temps,w
  5933  13B1  07AE               	addwf	sort_temps@j,f
  5934  13B2  2AED               	goto	l3505
  5935  13B3                     l3507:
  5936                           
  5937                           ;main.c: 96:     }
  5938  13B3  3001               	movlw	1
  5939  13B4  1283               	bcf	3,5	;RP0=0, select bank0
  5940  13B5  1303               	bcf	3,6	;RP1=0, select bank0
  5941  13B6  00A0               	movwf	??_sort_temps
  5942  13B7  0820               	movf	??_sort_temps,w
  5943  13B8  07AC               	addwf	sort_temps@i,f
  5944  13B9  2ADA               	goto	l3509
  5945  13BA                     __end_of_sort_temps:
  5946                           
  5947                           	psect	text17
  5948  1045                     __ptext17:	
  5949 ;; *************** function ___flge *****************
  5950 ;; Defined at:
  5951 ;;		line 4 in file "C:\Program Files\Microchip\xc8\v2.32\pic\sources\c90\common\flge.c"
  5952 ;; Parameters:    Size  Location     Type
  5953 ;;  ff1             4    0[COMMON] void 
  5954 ;;  ff2             4    4[COMMON] void 
  5955 ;; Auto vars:     Size  Location     Type
  5956 ;;		None
  5957 ;; Return value:  Size  Location     Type
  5958 ;;		None               void
  5959 ;; Registers used:
  5960 ;;		wreg, status,2, status,0
  5961 ;; Tracked objects:
  5962 ;;		On entry : 200/100
  5963 ;;		On exit  : 200/0
  5964 ;;		Unchanged: 200/0
  5965 ;; Data sizes:     COMMON   BANK0   BANK1   BANK3   BANK2
  5966 ;;      Params:         8       0       0       0       0
  5967 ;;      Locals:         0       0       0       0       0
  5968 ;;      Temps:          4       0       0       0       0
  5969 ;;      Totals:        12       0       0       0       0
  5970 ;;Total ram usage:       12 bytes
  5971 ;; Hardware stack levels used: 1
  5972 ;; This function calls:
  5973 ;;		Nothing
  5974 ;; This function is called by:
  5975 ;;		_pf
  5976 ;;		_sort_temps
  5977 ;;		_calculate_temp_stats
  5978 ;;		_main
  5979 ;; This function uses a non-reentrant model
  5980 ;;
  5981                           
  5982                           
  5983                           ;psect for function ___flge
  5984  1045                     ___flge:
  5985                           
  5986                           ;incstack = 0
  5987                           ; Regs used in ___flge: [wreg+status,2+status,0]
  5988  1045  3000               	movlw	0
  5989  1046  0570               	andwf	___flge@ff1,w
  5990  1047  00F8               	movwf	??___flge
  5991  1048  3000               	movlw	0
  5992  1049  0571               	andwf	___flge@ff1+1,w
  5993  104A  00F9               	movwf	??___flge+1
  5994  104B  3080               	movlw	128
  5995  104C  0572               	andwf	___flge@ff1+2,w
  5996  104D  00FA               	movwf	??___flge+2
  5997  104E  307F               	movlw	127
  5998  104F  0573               	andwf	___flge@ff1+3,w
  5999  1050  00FB               	movwf	??___flge+3
  6000  1051  087B               	movf	??___flge+3,w
  6001  1052  047A               	iorwf	??___flge+2,w
  6002  1053  0479               	iorwf	??___flge+1,w
  6003  1054  0478               	iorwf	??___flge,w
  6004  1055  1D03               	skipz
  6005  1056  285F               	goto	l605
  6006  1057  3000               	movlw	0
  6007  1058  00F3               	movwf	___flge@ff1+3
  6008  1059  3000               	movlw	0
  6009  105A  00F2               	movwf	___flge@ff1+2
  6010  105B  3000               	movlw	0
  6011  105C  00F1               	movwf	___flge@ff1+1
  6012  105D  3000               	movlw	0
  6013  105E  00F0               	movwf	___flge@ff1
  6014  105F                     l605:
  6015  105F  3000               	movlw	0
  6016  1060  0574               	andwf	___flge@ff2,w
  6017  1061  00F8               	movwf	??___flge
  6018  1062  3000               	movlw	0
  6019  1063  0575               	andwf	___flge@ff2+1,w
  6020  1064  00F9               	movwf	??___flge+1
  6021  1065  3080               	movlw	128
  6022  1066  0576               	andwf	___flge@ff2+2,w
  6023  1067  00FA               	movwf	??___flge+2
  6024  1068  307F               	movlw	127
  6025  1069  0577               	andwf	___flge@ff2+3,w
  6026  106A  00FB               	movwf	??___flge+3
  6027  106B  087B               	movf	??___flge+3,w
  6028  106C  047A               	iorwf	??___flge+2,w
  6029  106D  0479               	iorwf	??___flge+1,w
  6030  106E  0478               	iorwf	??___flge,w
  6031  106F  1D03               	skipz
  6032  1070  2879               	goto	l2997
  6033  1071  3000               	movlw	0
  6034  1072  00F7               	movwf	___flge@ff2+3
  6035  1073  3000               	movlw	0
  6036  1074  00F6               	movwf	___flge@ff2+2
  6037  1075  3000               	movlw	0
  6038  1076  00F5               	movwf	___flge@ff2+1
  6039  1077  3000               	movlw	0
  6040  1078  00F4               	movwf	___flge@ff2
  6041  1079                     l2997:
  6042  1079  1FF3               	btfss	___flge@ff1+3,7
  6043  107A  289F               	goto	l3001
  6044  107B  3000               	movlw	0
  6045  107C  00F8               	movwf	??___flge
  6046  107D  3000               	movlw	0
  6047  107E  00F9               	movwf	??___flge+1
  6048  107F  3000               	movlw	0
  6049  1080  00FA               	movwf	??___flge+2
  6050  1081  3080               	movlw	128
  6051  1082  00FB               	movwf	??___flge+3
  6052  1083  0870               	movf	___flge@ff1,w
  6053  1084  02F8               	subwf	??___flge,f
  6054  1085  0871               	movf	___flge@ff1+1,w
  6055  1086  1C03               	skipc
  6056  1087  0F71               	incfsz	___flge@ff1+1,w
  6057  1088  288A               	goto	u3271
  6058  1089  288B               	goto	u3272
  6059  108A                     u3271:
  6060  108A  02F9               	subwf	??___flge+1,f
  6061  108B                     u3272:
  6062  108B  0872               	movf	___flge@ff1+2,w
  6063  108C  1C03               	skipc
  6064  108D  0F72               	incfsz	___flge@ff1+2,w
  6065  108E  2890               	goto	u3273
  6066  108F  2891               	goto	u3274
  6067  1090                     u3273:
  6068  1090  02FA               	subwf	??___flge+2,f
  6069  1091                     u3274:
  6070  1091  0873               	movf	___flge@ff1+3,w
  6071  1092  1C03               	skipc
  6072  1093  0F73               	incfsz	___flge@ff1+3,w
  6073  1094  2896               	goto	u3275
  6074  1095  2897               	goto	u3276
  6075  1096                     u3275:
  6076  1096  02FB               	subwf	??___flge+3,f
  6077  1097                     u3276:
  6078  1097  087B               	movf	??___flge+3,w
  6079  1098  00F3               	movwf	___flge@ff1+3
  6080  1099  087A               	movf	??___flge+2,w
  6081  109A  00F2               	movwf	___flge@ff1+2
  6082  109B  0879               	movf	??___flge+1,w
  6083  109C  00F1               	movwf	___flge@ff1+1
  6084  109D  0878               	movf	??___flge,w
  6085  109E  00F0               	movwf	___flge@ff1
  6086  109F                     l3001:
  6087  109F  1FF7               	btfss	___flge@ff2+3,7
  6088  10A0  28C5               	goto	l608
  6089  10A1  3000               	movlw	0
  6090  10A2  00F8               	movwf	??___flge
  6091  10A3  3000               	movlw	0
  6092  10A4  00F9               	movwf	??___flge+1
  6093  10A5  3000               	movlw	0
  6094  10A6  00FA               	movwf	??___flge+2
  6095  10A7  3080               	movlw	128
  6096  10A8  00FB               	movwf	??___flge+3
  6097  10A9  0874               	movf	___flge@ff2,w
  6098  10AA  02F8               	subwf	??___flge,f
  6099  10AB  0875               	movf	___flge@ff2+1,w
  6100  10AC  1C03               	skipc
  6101  10AD  0F75               	incfsz	___flge@ff2+1,w
  6102  10AE  28B0               	goto	u3291
  6103  10AF  28B1               	goto	u3292
  6104  10B0                     u3291:
  6105  10B0  02F9               	subwf	??___flge+1,f
  6106  10B1                     u3292:
  6107  10B1  0876               	movf	___flge@ff2+2,w
  6108  10B2  1C03               	skipc
  6109  10B3  0F76               	incfsz	___flge@ff2+2,w
  6110  10B4  28B6               	goto	u3293
  6111  10B5  28B7               	goto	u3294
  6112  10B6                     u3293:
  6113  10B6  02FA               	subwf	??___flge+2,f
  6114  10B7                     u3294:
  6115  10B7  0877               	movf	___flge@ff2+3,w
  6116  10B8  1C03               	skipc
  6117  10B9  0F77               	incfsz	___flge@ff2+3,w
  6118  10BA  28BC               	goto	u3295
  6119  10BB  28BD               	goto	u3296
  6120  10BC                     u3295:
  6121  10BC  02FB               	subwf	??___flge+3,f
  6122  10BD                     u3296:
  6123  10BD  087B               	movf	??___flge+3,w
  6124  10BE  00F7               	movwf	___flge@ff2+3
  6125  10BF  087A               	movf	??___flge+2,w
  6126  10C0  00F6               	movwf	___flge@ff2+2
  6127  10C1  0879               	movf	??___flge+1,w
  6128  10C2  00F5               	movwf	___flge@ff2+1
  6129  10C3  0878               	movf	??___flge,w
  6130  10C4  00F4               	movwf	___flge@ff2
  6131  10C5                     l608:
  6132  10C5  3080               	movlw	128
  6133  10C6  06F3               	xorwf	___flge@ff1+3,f
  6134  10C7  3080               	movlw	128
  6135  10C8  06F7               	xorwf	___flge@ff2+3,f
  6136  10C9  0877               	movf	___flge@ff2+3,w
  6137  10CA  0273               	subwf	___flge@ff1+3,w
  6138  10CB  1D03               	skipz
  6139  10CC  0008               	return
  6140  10CD  0876               	movf	___flge@ff2+2,w
  6141  10CE  0272               	subwf	___flge@ff1+2,w
  6142  10CF  1D03               	skipz
  6143  10D0  0008               	return
  6144  10D1  0875               	movf	___flge@ff2+1,w
  6145  10D2  0271               	subwf	___flge@ff1+1,w
  6146  10D3  1D03               	skipz
  6147  10D4  0008               	return
  6148  10D5  0874               	movf	___flge@ff2,w
  6149  10D6  0270               	subwf	___flge@ff1,w
  6150  10D7  0008               	return
  6151  10D8                     __end_of___flge:
  6152                           
  6153                           	psect	text18
  6154  1AC0                     __ptext18:	
  6155 ;; *************** function ___wmul *****************
  6156 ;; Defined at:
  6157 ;;		line 15 in file "C:\Program Files\Microchip\xc8\v2.32\pic\sources\c90\common\Umul16.c"
  6158 ;; Parameters:    Size  Location     Type
  6159 ;;  multiplier      2    0[COMMON] unsigned int 
  6160 ;;  multiplicand    2    2[COMMON] unsigned int 
  6161 ;; Auto vars:     Size  Location     Type
  6162 ;;  product         2    4[COMMON] unsigned int 
  6163 ;; Return value:  Size  Location     Type
  6164 ;;                  2    0[COMMON] unsigned int 
  6165 ;; Registers used:
  6166 ;;		wreg, status,2, status,0
  6167 ;; Tracked objects:
  6168 ;;		On entry : B00/0
  6169 ;;		On exit  : B00/0
  6170 ;;		Unchanged: B00/0
  6171 ;; Data sizes:     COMMON   BANK0   BANK1   BANK3   BANK2
  6172 ;;      Params:         4       0       0       0       0
  6173 ;;      Locals:         2       0       0       0       0
  6174 ;;      Temps:          0       0       0       0       0
  6175 ;;      Totals:         6       0       0       0       0
  6176 ;;Total ram usage:        6 bytes
  6177 ;; Hardware stack levels used: 1
  6178 ;; This function calls:
  6179 ;;		Nothing
  6180 ;; This function is called by:
  6181 ;;		_calculate_temp_stats
  6182 ;; This function uses a non-reentrant model
  6183 ;;
  6184                           
  6185                           
  6186                           ;psect for function ___wmul
  6187  1AC0                     ___wmul:
  6188                           
  6189                           ;incstack = 0
  6190                           ; Regs used in ___wmul: [wreg+status,2+status,0]
  6191  1AC0  01F4               	clrf	___wmul@product
  6192  1AC1  01F5               	clrf	___wmul@product+1
  6193  1AC2                     l3659:
  6194  1AC2  1C70               	btfss	___wmul@multiplier,0
  6195  1AC3  2ACA               	goto	l431
  6196  1AC4  0872               	movf	___wmul@multiplicand,w
  6197  1AC5  07F4               	addwf	___wmul@product,f
  6198  1AC6  1803               	skipnc
  6199  1AC7  0AF5               	incf	___wmul@product+1,f
  6200  1AC8  0873               	movf	___wmul@multiplicand+1,w
  6201  1AC9  07F5               	addwf	___wmul@product+1,f
  6202  1ACA                     l431:
  6203  1ACA  3001               	movlw	1
  6204  1ACB                     u4695:
  6205  1ACB  1003               	clrc
  6206  1ACC  0DF2               	rlf	___wmul@multiplicand,f
  6207  1ACD  0DF3               	rlf	___wmul@multiplicand+1,f
  6208  1ACE  3EFF               	addlw	-1
  6209  1ACF  1D03               	skipz
  6210  1AD0  2ACB               	goto	u4695
  6211  1AD1  3001               	movlw	1
  6212  1AD2                     u4705:
  6213  1AD2  1003               	clrc
  6214  1AD3  0CF1               	rrf	___wmul@multiplier+1,f
  6215  1AD4  0CF0               	rrf	___wmul@multiplier,f
  6216  1AD5  3EFF               	addlw	-1
  6217  1AD6  1D03               	skipz
  6218  1AD7  2AD2               	goto	u4705
  6219  1AD8  0870               	movf	___wmul@multiplier,w
  6220  1AD9  0471               	iorwf	___wmul@multiplier+1,w
  6221  1ADA  1D03               	btfss	3,2
  6222  1ADB  2AC2               	goto	l3659
  6223  1ADC  0875               	movf	___wmul@product+1,w
  6224  1ADD  00F1               	movwf	?___wmul+1
  6225  1ADE  0874               	movf	___wmul@product,w
  6226  1ADF  00F0               	movwf	?___wmul
  6227  1AE0  0008               	return
  6228  1AE1                     __end_of___wmul:
  6229                           
  6230                           	psect	text19
  6231  0ADE                     __ptext19:	
  6232 ;; *************** function ___fladd *****************
  6233 ;; Defined at:
  6234 ;;		line 10 in file "C:\Program Files\Microchip\xc8\v2.32\pic\sources\c90\common\sprcadd.c"
  6235 ;; Parameters:    Size  Location     Type
  6236 ;;  b               4   52[BANK0 ] unsigned int 
  6237 ;;  a               4   56[BANK0 ] unsigned int 
  6238 ;; Auto vars:     Size  Location     Type
  6239 ;;  grs             1   71[BANK0 ] unsigned char 
  6240 ;;  bexp            1   70[BANK0 ] unsigned char 
  6241 ;;  aexp            1   69[BANK0 ] unsigned char 
  6242 ;;  signs           1   68[BANK0 ] unsigned char 
  6243 ;; Return value:  Size  Location     Type
  6244 ;;                  4   52[BANK0 ] unsigned char 
  6245 ;; Registers used:
  6246 ;;		wreg, status,2, status,0, btemp+1
  6247 ;; Tracked objects:
  6248 ;;		On entry : 300/800
  6249 ;;		On exit  : 300/0
  6250 ;;		Unchanged: 0/0
  6251 ;; Data sizes:     COMMON   BANK0   BANK1   BANK3   BANK2
  6252 ;;      Params:         0       8       0       0       0
  6253 ;;      Locals:         0       4       0       0       0
  6254 ;;      Temps:          0       8       0       0       0
  6255 ;;      Totals:         0      20       0       0       0
  6256 ;;Total ram usage:       20 bytes
  6257 ;; Hardware stack levels used: 1
  6258 ;; This function calls:
  6259 ;;		Nothing
  6260 ;; This function is called by:
  6261 ;;		_pf
  6262 ;;		_calculate_temp_stats
  6263 ;;		_main
  6264 ;; This function uses a non-reentrant model
  6265 ;;
  6266                           
  6267                           
  6268                           ;psect for function ___fladd
  6269  0ADE                     ___fladd:
  6270                           
  6271                           ;incstack = 0
  6272                           ; Regs used in ___fladd: [wreg+status,2+status,0+btemp+1]
  6273  0ADE  0857               	movf	___fladd@b+3,w
  6274  0ADF  3980               	andlw	128
  6275  0AE0  00DC               	movwf	??___fladd
  6276  0AE1  085C               	movf	??___fladd,w
  6277  0AE2  00E4               	movwf	___fladd@signs
  6278  0AE3  0857               	movf	___fladd@b+3,w
  6279  0AE4  00DC               	movwf	??___fladd
  6280  0AE5  075C               	addwf	??___fladd,w
  6281  0AE6  00DD               	movwf	??___fladd+1
  6282  0AE7  085D               	movf	??___fladd+1,w
  6283  0AE8  00E6               	movwf	___fladd@bexp
  6284  0AE9  1BD6               	btfsc	___fladd@b+2,7
  6285  0AEA  1466               	bsf	___fladd@bexp,0
  6286  0AEB  0866               	movf	___fladd@bexp,w
  6287  0AEC  1903               	btfsc	3,2
  6288  0AED  2AFC               	goto	l3155
  6289  0AEE  0A66               	incf	___fladd@bexp,w
  6290  0AEF  1D03               	btfss	3,2
  6291  0AF0  2AF9               	goto	l3151
  6292  0AF1  3000               	movlw	0
  6293  0AF2  00D7               	movwf	___fladd@b+3
  6294  0AF3  3000               	movlw	0
  6295  0AF4  00D6               	movwf	___fladd@b+2
  6296  0AF5  3000               	movlw	0
  6297  0AF6  00D5               	movwf	___fladd@b+1
  6298  0AF7  3000               	movlw	0
  6299  0AF8  00D4               	movwf	___fladd@b
  6300  0AF9                     l3151:
  6301  0AF9  17D6               	bsf	___fladd@b+2,7
  6302  0AFA  01D7               	clrf	___fladd@b+3
  6303  0AFB  2B04               	goto	l3157
  6304  0AFC                     l3155:
  6305  0AFC  3000               	movlw	0
  6306  0AFD  00D7               	movwf	___fladd@b+3
  6307  0AFE  3000               	movlw	0
  6308  0AFF  00D6               	movwf	___fladd@b+2
  6309  0B00  3000               	movlw	0
  6310  0B01  00D5               	movwf	___fladd@b+1
  6311  0B02  3000               	movlw	0
  6312  0B03  00D4               	movwf	___fladd@b
  6313  0B04                     l3157:
  6314  0B04  085B               	movf	___fladd@a+3,w
  6315  0B05  3980               	andlw	128
  6316  0B06  00DC               	movwf	??___fladd
  6317  0B07  085C               	movf	??___fladd,w
  6318  0B08  00E5               	movwf	___fladd@aexp
  6319  0B09  0865               	movf	___fladd@aexp,w
  6320  0B0A  0664               	xorwf	___fladd@signs,w
  6321  0B0B  1D03               	btfss	3,2
  6322  0B0C  1764               	bsf	___fladd@signs,6
  6323  0B0D  085B               	movf	___fladd@a+3,w
  6324  0B0E  00DC               	movwf	??___fladd
  6325  0B0F  075C               	addwf	??___fladd,w
  6326  0B10  00DD               	movwf	??___fladd+1
  6327  0B11  085D               	movf	??___fladd+1,w
  6328  0B12  00E5               	movwf	___fladd@aexp
  6329  0B13  1BDA               	btfsc	___fladd@a+2,7
  6330  0B14  1465               	bsf	___fladd@aexp,0
  6331  0B15  0865               	movf	___fladd@aexp,w
  6332  0B16  1903               	btfsc	3,2
  6333  0B17  2B26               	goto	l3179
  6334  0B18  0A65               	incf	___fladd@aexp,w
  6335  0B19  1D03               	btfss	3,2
  6336  0B1A  2B23               	goto	l3175
  6337  0B1B  3000               	movlw	0
  6338  0B1C  00DB               	movwf	___fladd@a+3
  6339  0B1D  3000               	movlw	0
  6340  0B1E  00DA               	movwf	___fladd@a+2
  6341  0B1F  3000               	movlw	0
  6342  0B20  00D9               	movwf	___fladd@a+1
  6343  0B21  3000               	movlw	0
  6344  0B22  00D8               	movwf	___fladd@a
  6345  0B23                     l3175:
  6346  0B23  17DA               	bsf	___fladd@a+2,7
  6347  0B24  01DB               	clrf	___fladd@a+3
  6348  0B25  2B2E               	goto	l724
  6349  0B26                     l3179:
  6350  0B26  3000               	movlw	0
  6351  0B27  00DB               	movwf	___fladd@a+3
  6352  0B28  3000               	movlw	0
  6353  0B29  00DA               	movwf	___fladd@a+2
  6354  0B2A  3000               	movlw	0
  6355  0B2B  00D9               	movwf	___fladd@a+1
  6356  0B2C  3000               	movlw	0
  6357  0B2D  00D8               	movwf	___fladd@a
  6358  0B2E                     l724:
  6359  0B2E  0866               	movf	___fladd@bexp,w
  6360  0B2F  0265               	subwf	___fladd@aexp,w
  6361  0B30  1803               	skipnc
  6362  0B31  2B74               	goto	l3215
  6363  0B32  1F64               	btfss	___fladd@signs,6
  6364  0B33  2B38               	goto	l3185
  6365  0B34  3080               	movlw	128
  6366  0B35  00DC               	movwf	??___fladd
  6367  0B36  085C               	movf	??___fladd,w
  6368  0B37  06E4               	xorwf	___fladd@signs,f
  6369  0B38                     l3185:
  6370  0B38  0866               	movf	___fladd@bexp,w
  6371  0B39  00DC               	movwf	??___fladd
  6372  0B3A  085C               	movf	??___fladd,w
  6373  0B3B  00E7               	movwf	___fladd@grs
  6374  0B3C  0865               	movf	___fladd@aexp,w
  6375  0B3D  00DC               	movwf	??___fladd
  6376  0B3E  085C               	movf	??___fladd,w
  6377  0B3F  00E6               	movwf	___fladd@bexp
  6378  0B40  0867               	movf	___fladd@grs,w
  6379  0B41  00DC               	movwf	??___fladd
  6380  0B42  085C               	movf	??___fladd,w
  6381  0B43  00E5               	movwf	___fladd@aexp
  6382  0B44  0854               	movf	___fladd@b,w
  6383  0B45  00DC               	movwf	??___fladd
  6384  0B46  085C               	movf	??___fladd,w
  6385  0B47  00E7               	movwf	___fladd@grs
  6386  0B48  0858               	movf	___fladd@a,w
  6387  0B49  00DC               	movwf	??___fladd
  6388  0B4A  085C               	movf	??___fladd,w
  6389  0B4B  00D4               	movwf	___fladd@b
  6390  0B4C  0867               	movf	___fladd@grs,w
  6391  0B4D  00DC               	movwf	??___fladd
  6392  0B4E  085C               	movf	??___fladd,w
  6393  0B4F  00D8               	movwf	___fladd@a
  6394  0B50  0855               	movf	___fladd@b+1,w
  6395  0B51  00DC               	movwf	??___fladd
  6396  0B52  085C               	movf	??___fladd,w
  6397  0B53  00E7               	movwf	___fladd@grs
  6398  0B54  0859               	movf	___fladd@a+1,w
  6399  0B55  00DC               	movwf	??___fladd
  6400  0B56  085C               	movf	??___fladd,w
  6401  0B57  00D5               	movwf	___fladd@b+1
  6402  0B58  0867               	movf	___fladd@grs,w
  6403  0B59  00DC               	movwf	??___fladd
  6404  0B5A  085C               	movf	??___fladd,w
  6405  0B5B  00D9               	movwf	___fladd@a+1
  6406  0B5C  0856               	movf	___fladd@b+2,w
  6407  0B5D  00DC               	movwf	??___fladd
  6408  0B5E  085C               	movf	??___fladd,w
  6409  0B5F  00E7               	movwf	___fladd@grs
  6410  0B60  085A               	movf	___fladd@a+2,w
  6411  0B61  00DC               	movwf	??___fladd
  6412  0B62  085C               	movf	??___fladd,w
  6413  0B63  00D6               	movwf	___fladd@b+2
  6414  0B64  0867               	movf	___fladd@grs,w
  6415  0B65  00DC               	movwf	??___fladd
  6416  0B66  085C               	movf	??___fladd,w
  6417  0B67  00DA               	movwf	___fladd@a+2
  6418  0B68  0857               	movf	___fladd@b+3,w
  6419  0B69  00DC               	movwf	??___fladd
  6420  0B6A  085C               	movf	??___fladd,w
  6421  0B6B  00E7               	movwf	___fladd@grs
  6422  0B6C  085B               	movf	___fladd@a+3,w
  6423  0B6D  00DC               	movwf	??___fladd
  6424  0B6E  085C               	movf	??___fladd,w
  6425  0B6F  00D7               	movwf	___fladd@b+3
  6426  0B70  0867               	movf	___fladd@grs,w
  6427  0B71  00DC               	movwf	??___fladd
  6428  0B72  085C               	movf	??___fladd,w
  6429  0B73  00DB               	movwf	___fladd@a+3
  6430  0B74                     l3215:
  6431  0B74  01E7               	clrf	___fladd@grs
  6432  0B75  0865               	movf	___fladd@aexp,w
  6433  0B76  00DC               	movwf	??___fladd
  6434  0B77  01DD               	clrf	??___fladd+1
  6435  0B78  085D               	movf	??___fladd+1,w
  6436  0B79  00DF               	movwf	??___fladd+3
  6437  0B7A  0866               	movf	___fladd@bexp,w
  6438  0B7B  025C               	subwf	??___fladd,w
  6439  0B7C  00DE               	movwf	??___fladd+2
  6440  0B7D  1C03               	skipc
  6441  0B7E  03DF               	decf	??___fladd+3,f
  6442  0B7F  085F               	movf	??___fladd+3,w
  6443  0B80  3A80               	xorlw	128
  6444  0B81  00FF               	movwf	127
  6445  0B82  3080               	movlw	128
  6446  0B83  027F               	subwf	127,w
  6447  0B84  1D03               	skipz
  6448  0B85  2B88               	goto	u3705
  6449  0B86  301A               	movlw	26
  6450  0B87  025E               	subwf	??___fladd+2,w
  6451  0B88                     u3705:
  6452  0B88  1C03               	skipc
  6453  0B89  2BC1               	goto	l3233
  6454  0B8A  1283               	bcf	3,5	;RP0=0, select bank0
  6455  0B8B  1303               	bcf	3,6	;RP1=0, select bank0
  6456  0B8C  0857               	movf	___fladd@b+3,w
  6457  0B8D  0456               	iorwf	___fladd@b+2,w
  6458  0B8E  0455               	iorwf	___fladd@b+1,w
  6459  0B8F  0454               	iorwf	___fladd@b,w
  6460  0B90  1903               	btfsc	3,2
  6461  0B91  2B94               	goto	u3710
  6462  0B92  3001               	movlw	1
  6463  0B93  2B95               	goto	u3720
  6464  0B94                     u3710:
  6465  0B94  3000               	movlw	0
  6466  0B95                     u3720:
  6467  0B95  00DC               	movwf	??___fladd
  6468  0B96  085C               	movf	??___fladd,w
  6469  0B97  00E7               	movwf	___fladd@grs
  6470  0B98  3000               	movlw	0
  6471  0B99  00D7               	movwf	___fladd@b+3
  6472  0B9A  3000               	movlw	0
  6473  0B9B  00D6               	movwf	___fladd@b+2
  6474  0B9C  3000               	movlw	0
  6475  0B9D  00D5               	movwf	___fladd@b+1
  6476  0B9E  3000               	movlw	0
  6477  0B9F  00D4               	movwf	___fladd@b
  6478  0BA0  0865               	movf	___fladd@aexp,w
  6479  0BA1  00DC               	movwf	??___fladd
  6480  0BA2  085C               	movf	??___fladd,w
  6481  0BA3  00E6               	movwf	___fladd@bexp
  6482  0BA4  2BC7               	goto	l728
  6483  0BA5                     l730:
  6484  0BA5  1C67               	btfss	___fladd@grs,0
  6485  0BA6  2BB0               	goto	l3223
  6486  0BA7  0867               	movf	___fladd@grs,w
  6487  0BA8  00DC               	movwf	??___fladd
  6488  0BA9  1003               	clrc
  6489  0BAA  0C5C               	rrf	??___fladd,w
  6490  0BAB  3801               	iorlw	1
  6491  0BAC  00DD               	movwf	??___fladd+1
  6492  0BAD  085D               	movf	??___fladd+1,w
  6493  0BAE  00E7               	movwf	___fladd@grs
  6494  0BAF  2BB2               	goto	l3225
  6495  0BB0                     l3223:
  6496  0BB0  1003               	clrc
  6497  0BB1  0CE7               	rrf	___fladd@grs,f
  6498  0BB2                     l3225:
  6499  0BB2  1854               	btfsc	___fladd@b,0
  6500  0BB3  17E7               	bsf	___fladd@grs,7
  6501  0BB4  3001               	movlw	1
  6502  0BB5  00DC               	movwf	??___fladd
  6503  0BB6                     u3755:
  6504  0BB6  0D57               	rlf	___fladd@b+3,w
  6505  0BB7  0CD7               	rrf	___fladd@b+3,f
  6506  0BB8  0CD6               	rrf	___fladd@b+2,f
  6507  0BB9  0CD5               	rrf	___fladd@b+1,f
  6508  0BBA  0CD4               	rrf	___fladd@b,f
  6509  0BBB  0BDC               	decfsz	??___fladd& (0+127),f
  6510  0BBC  2BB6               	goto	u3755
  6511  0BBD  3001               	movlw	1
  6512  0BBE  00DC               	movwf	??___fladd
  6513  0BBF  085C               	movf	??___fladd,w
  6514  0BC0  07E6               	addwf	___fladd@bexp,f
  6515  0BC1                     l3233:
  6516  0BC1  1283               	bcf	3,5	;RP0=0, select bank0
  6517  0BC2  1303               	bcf	3,6	;RP1=0, select bank0
  6518  0BC3  0865               	movf	___fladd@aexp,w
  6519  0BC4  0266               	subwf	___fladd@bexp,w
  6520  0BC5  1C03               	skipc
  6521  0BC6  2BA5               	goto	l730
  6522  0BC7                     l728:
  6523  0BC7  1B64               	btfsc	___fladd@signs,6
  6524  0BC8  2C08               	goto	l3259
  6525  0BC9  0866               	movf	___fladd@bexp,w
  6526  0BCA  1D03               	btfss	3,2
  6527  0BCB  2BD5               	goto	l3241
  6528  0BCC  3000               	movlw	0
  6529  0BCD  00D7               	movwf	?___fladd+3
  6530  0BCE  3000               	movlw	0
  6531  0BCF  00D6               	movwf	?___fladd+2
  6532  0BD0  3000               	movlw	0
  6533  0BD1  00D5               	movwf	?___fladd+1
  6534  0BD2  3000               	movlw	0
  6535  0BD3  00D4               	movwf	?___fladd
  6536  0BD4  0008               	return
  6537  0BD5                     l3241:
  6538  0BD5  0858               	movf	___fladd@a,w
  6539  0BD6  07D4               	addwf	___fladd@b,f
  6540  0BD7  0859               	movf	___fladd@a+1,w
  6541  0BD8  1103               	clrz
  6542  0BD9  1803               	skipnc
  6543  0BDA  3E01               	addlw	1
  6544  0BDB  1D03               	btfss	3,2
  6545  0BDC  07D5               	addwf	___fladd@b+1,f
  6546  0BDD  085A               	movf	___fladd@a+2,w
  6547  0BDE  1103               	clrz
  6548  0BDF  1803               	skipnc
  6549  0BE0  3E01               	addlw	1
  6550  0BE1  1D03               	btfss	3,2
  6551  0BE2  07D6               	addwf	___fladd@b+2,f
  6552  0BE3  085B               	movf	___fladd@a+3,w
  6553  0BE4  1103               	clrz
  6554  0BE5  1803               	skipnc
  6555  0BE6  3E01               	addlw	1
  6556  0BE7  1D03               	btfss	3,2
  6557  0BE8  07D7               	addwf	___fladd@b+3,f
  6558  0BE9  1C57               	btfss	___fladd@b+3,0
  6559  0BEA  2CAA               	goto	l3293
  6560  0BEB  1C67               	btfss	___fladd@grs,0
  6561  0BEC  2BF6               	goto	l3249
  6562  0BED  0867               	movf	___fladd@grs,w
  6563  0BEE  00DC               	movwf	??___fladd
  6564  0BEF  1003               	clrc
  6565  0BF0  0C5C               	rrf	??___fladd,w
  6566  0BF1  3801               	iorlw	1
  6567  0BF2  00DD               	movwf	??___fladd+1
  6568  0BF3  085D               	movf	??___fladd+1,w
  6569  0BF4  00E7               	movwf	___fladd@grs
  6570  0BF5  2BF8               	goto	l3251
  6571  0BF6                     l3249:
  6572  0BF6  1003               	clrc
  6573  0BF7  0CE7               	rrf	___fladd@grs,f
  6574  0BF8                     l3251:
  6575  0BF8  1854               	btfsc	___fladd@b,0
  6576  0BF9  17E7               	bsf	___fladd@grs,7
  6577  0BFA  3001               	movlw	1
  6578  0BFB  00DC               	movwf	??___fladd
  6579  0BFC                     u3835:
  6580  0BFC  0D57               	rlf	___fladd@b+3,w
  6581  0BFD  0CD7               	rrf	___fladd@b+3,f
  6582  0BFE  0CD6               	rrf	___fladd@b+2,f
  6583  0BFF  0CD5               	rrf	___fladd@b+1,f
  6584  0C00  0CD4               	rrf	___fladd@b,f
  6585  0C01  0BDC               	decfsz	??___fladd& (0+127),f
  6586  0C02  2BFC               	goto	u3835
  6587  0C03  3001               	movlw	1
  6588  0C04  00DC               	movwf	??___fladd
  6589  0C05  085C               	movf	??___fladd,w
  6590  0C06  07E6               	addwf	___fladd@bexp,f
  6591  0C07  2CAA               	goto	l3293
  6592  0C08                     l3259:
  6593  0C08  0857               	movf	___fladd@b+3,w
  6594  0C09  3A80               	xorlw	128
  6595  0C0A  00FF               	movwf	127
  6596  0C0B  085B               	movf	___fladd@a+3,w
  6597  0C0C  3A80               	xorlw	128
  6598  0C0D  027F               	subwf	127,w
  6599  0C0E  1D03               	skipz
  6600  0C0F  2C1A               	goto	u3843
  6601  0C10  085A               	movf	___fladd@a+2,w
  6602  0C11  0256               	subwf	___fladd@b+2,w
  6603  0C12  1D03               	skipz
  6604  0C13  2C1A               	goto	u3843
  6605  0C14  0859               	movf	___fladd@a+1,w
  6606  0C15  0255               	subwf	___fladd@b+1,w
  6607  0C16  1D03               	skipz
  6608  0C17  2C1A               	goto	u3843
  6609  0C18  0858               	movf	___fladd@a,w
  6610  0C19  0254               	subwf	___fladd@b,w
  6611  0C1A                     u3843:
  6612  0C1A  1803               	skipnc
  6613  0C1B  2C72               	goto	l3269
  6614  0C1C  30FF               	movlw	255
  6615  0C1D  00DC               	movwf	??___fladd
  6616  0C1E  30FF               	movlw	255
  6617  0C1F  00DD               	movwf	??___fladd+1
  6618  0C20  30FF               	movlw	255
  6619  0C21  00DE               	movwf	??___fladd+2
  6620  0C22  30FF               	movlw	255
  6621  0C23  00DF               	movwf	??___fladd+3
  6622  0C24  0858               	movf	___fladd@a,w
  6623  0C25  00E0               	movwf	??___fladd+4
  6624  0C26  0859               	movf	___fladd@a+1,w
  6625  0C27  00E1               	movwf	??___fladd+5
  6626  0C28  085A               	movf	___fladd@a+2,w
  6627  0C29  00E2               	movwf	??___fladd+6
  6628  0C2A  085B               	movf	___fladd@a+3,w
  6629  0C2B  00E3               	movwf	??___fladd+7
  6630  0C2C  0854               	movf	___fladd@b,w
  6631  0C2D  02E0               	subwf	??___fladd+4,f
  6632  0C2E  0855               	movf	___fladd@b+1,w
  6633  0C2F  1C03               	skipc
  6634  0C30  0F55               	incfsz	___fladd@b+1,w
  6635  0C31  2C33               	goto	u3851
  6636  0C32  2C34               	goto	u3852
  6637  0C33                     u3851:
  6638  0C33  02E1               	subwf	??___fladd+5,f
  6639  0C34                     u3852:
  6640  0C34  0856               	movf	___fladd@b+2,w
  6641  0C35  1C03               	skipc
  6642  0C36  0F56               	incfsz	___fladd@b+2,w
  6643  0C37  2C39               	goto	u3853
  6644  0C38  2C3A               	goto	u3854
  6645  0C39                     u3853:
  6646  0C39  02E2               	subwf	??___fladd+6,f
  6647  0C3A                     u3854:
  6648  0C3A  0857               	movf	___fladd@b+3,w
  6649  0C3B  1C03               	skipc
  6650  0C3C  0F57               	incfsz	___fladd@b+3,w
  6651  0C3D  2C3F               	goto	u3855
  6652  0C3E  2C40               	goto	u3856
  6653  0C3F                     u3855:
  6654  0C3F  02E3               	subwf	??___fladd+7,f
  6655  0C40                     u3856:
  6656  0C40  0860               	movf	??___fladd+4,w
  6657  0C41  07DC               	addwf	??___fladd,f
  6658  0C42  0861               	movf	??___fladd+5,w
  6659  0C43  1803               	skipnc
  6660  0C44  0F61               	incfsz	??___fladd+5,w
  6661  0C45  2C47               	goto	u3860
  6662  0C46  2C48               	goto	u3861
  6663  0C47                     u3860:
  6664  0C47  07DD               	addwf	??___fladd+1,f
  6665  0C48                     u3861:
  6666  0C48  0862               	movf	??___fladd+6,w
  6667  0C49  1803               	skipnc
  6668  0C4A  0F62               	incfsz	??___fladd+6,w
  6669  0C4B  2C4D               	goto	u3862
  6670  0C4C  2C4E               	goto	u3863
  6671  0C4D                     u3862:
  6672  0C4D  07DE               	addwf	??___fladd+2,f
  6673  0C4E                     u3863:
  6674  0C4E  0863               	movf	??___fladd+7,w
  6675  0C4F  1803               	skipnc
  6676  0C50  0A63               	incf	??___fladd+7,w
  6677  0C51  07DF               	addwf	??___fladd+3,f
  6678  0C52  085F               	movf	??___fladd+3,w
  6679  0C53  00D7               	movwf	___fladd@b+3
  6680  0C54  085E               	movf	??___fladd+2,w
  6681  0C55  00D6               	movwf	___fladd@b+2
  6682  0C56  085D               	movf	??___fladd+1,w
  6683  0C57  00D5               	movwf	___fladd@b+1
  6684  0C58  085C               	movf	??___fladd,w
  6685  0C59  00D4               	movwf	___fladd@b
  6686  0C5A  3080               	movlw	128
  6687  0C5B  00DC               	movwf	??___fladd
  6688  0C5C  085C               	movf	??___fladd,w
  6689  0C5D  06E4               	xorwf	___fladd@signs,f
  6690  0C5E  09E7               	comf	___fladd@grs,f
  6691  0C5F  0AE7               	incf	___fladd@grs,f
  6692  0C60  0867               	movf	___fladd@grs,w
  6693  0C61  1D03               	btfss	3,2
  6694  0C62  2C80               	goto	l745
  6695  0C63  3001               	movlw	1
  6696  0C64  07D4               	addwf	___fladd@b,f
  6697  0C65  3000               	movlw	0
  6698  0C66  1803               	skipnc
  6699  0C67  3001               	movlw	1
  6700  0C68  07D5               	addwf	___fladd@b+1,f
  6701  0C69  3000               	movlw	0
  6702  0C6A  1803               	skipnc
  6703  0C6B  3001               	movlw	1
  6704  0C6C  07D6               	addwf	___fladd@b+2,f
  6705  0C6D  3000               	movlw	0
  6706  0C6E  1803               	skipnc
  6707  0C6F  3001               	movlw	1
  6708  0C70  07D7               	addwf	___fladd@b+3,f
  6709  0C71  2C80               	goto	l745
  6710  0C72                     l3269:
  6711  0C72  0858               	movf	___fladd@a,w
  6712  0C73  02D4               	subwf	___fladd@b,f
  6713  0C74  0859               	movf	___fladd@a+1,w
  6714  0C75  1C03               	skipc
  6715  0C76  0F59               	incfsz	___fladd@a+1,w
  6716  0C77  02D5               	subwf	___fladd@b+1,f
  6717  0C78  085A               	movf	___fladd@a+2,w
  6718  0C79  1C03               	skipc
  6719  0C7A  0F5A               	incfsz	___fladd@a+2,w
  6720  0C7B  02D6               	subwf	___fladd@b+2,f
  6721  0C7C  085B               	movf	___fladd@a+3,w
  6722  0C7D  1C03               	skipc
  6723  0C7E  0F5B               	incfsz	___fladd@a+3,w
  6724  0C7F  02D7               	subwf	___fladd@b+3,f
  6725  0C80                     l745:
  6726  0C80  0857               	movf	___fladd@b+3,w
  6727  0C81  0456               	iorwf	___fladd@b+2,w
  6728  0C82  0455               	iorwf	___fladd@b+1,w
  6729  0C83  0454               	iorwf	___fladd@b,w
  6730  0C84  1D03               	skipz
  6731  0C85  2CA8               	goto	l3291
  6732  0C86  0867               	movf	___fladd@grs,w
  6733  0C87  1D03               	btfss	3,2
  6734  0C88  2CA8               	goto	l3291
  6735  0C89  3000               	movlw	0
  6736  0C8A  00D7               	movwf	?___fladd+3
  6737  0C8B  3000               	movlw	0
  6738  0C8C  00D6               	movwf	?___fladd+2
  6739  0C8D  3000               	movlw	0
  6740  0C8E  00D5               	movwf	?___fladd+1
  6741  0C8F  3000               	movlw	0
  6742  0C90  00D4               	movwf	?___fladd
  6743  0C91  0008               	return
  6744  0C92                     l3277:
  6745  0C92  3001               	movlw	1
  6746  0C93  00DC               	movwf	??___fladd
  6747  0C94                     u3905:
  6748  0C94  1003               	clrc
  6749  0C95  0DD4               	rlf	___fladd@b,f
  6750  0C96  0DD5               	rlf	___fladd@b+1,f
  6751  0C97  0DD6               	rlf	___fladd@b+2,f
  6752  0C98  0DD7               	rlf	___fladd@b+3,f
  6753  0C99  0BDC               	decfsz	??___fladd,f
  6754  0C9A  2C94               	goto	u3905
  6755  0C9B  1BE7               	btfsc	___fladd@grs,7
  6756  0C9C  1454               	bsf	___fladd@b,0
  6757  0C9D  1C67               	btfss	___fladd@grs,0
  6758  0C9E  2CA1               	goto	l3285
  6759  0C9F  1403               	setc
  6760  0CA0  2CA2               	goto	L6
  6761  0CA1                     l3285:
  6762  0CA1  1003               	clrc
  6763  0CA2                     L6:
  6764  0CA2  0DE7               	rlf	___fladd@grs,f
  6765  0CA3  0866               	movf	___fladd@bexp,w
  6766  0CA4  1903               	btfsc	3,2
  6767  0CA5  2CA8               	goto	l3291
  6768  0CA6  3001               	movlw	1
  6769  0CA7  02E6               	subwf	___fladd@bexp,f
  6770  0CA8                     l3291:
  6771  0CA8  1FD6               	btfss	___fladd@b+2,7
  6772  0CA9  2C92               	goto	l3277
  6773  0CAA                     l3293:
  6774  0CAA  01E5               	clrf	___fladd@aexp
  6775  0CAB  1FE7               	btfss	___fladd@grs,7
  6776  0CAC  2CB5               	goto	l3303
  6777  0CAD  0867               	movf	___fladd@grs,w
  6778  0CAE  397F               	andlw	127
  6779  0CAF  1903               	btfsc	3,2
  6780  0CB0  1854               	btfsc	___fladd@b,0
  6781  0CB1  2CB3               	goto	l3299
  6782  0CB2  2CB5               	goto	l3303
  6783  0CB3                     l3299:
  6784  0CB3  01E5               	clrf	___fladd@aexp
  6785  0CB4  0AE5               	incf	___fladd@aexp,f
  6786  0CB5                     l3303:
  6787  0CB5  0865               	movf	___fladd@aexp,w
  6788  0CB6  1903               	btfsc	3,2
  6789  0CB7  2CE8               	goto	l758
  6790  0CB8  3001               	movlw	1
  6791  0CB9  07D4               	addwf	___fladd@b,f
  6792  0CBA  3000               	movlw	0
  6793  0CBB  1803               	skipnc
  6794  0CBC  3001               	movlw	1
  6795  0CBD  07D5               	addwf	___fladd@b+1,f
  6796  0CBE  3000               	movlw	0
  6797  0CBF  1803               	skipnc
  6798  0CC0  3001               	movlw	1
  6799  0CC1  07D6               	addwf	___fladd@b+2,f
  6800  0CC2  3000               	movlw	0
  6801  0CC3  1803               	skipnc
  6802  0CC4  3001               	movlw	1
  6803  0CC5  07D7               	addwf	___fladd@b+3,f
  6804  0CC6  1C57               	btfss	___fladd@b+3,0
  6805  0CC7  2CE8               	goto	l758
  6806  0CC8  0854               	movf	___fladd@b,w
  6807  0CC9  00DC               	movwf	??___fladd
  6808  0CCA  0855               	movf	___fladd@b+1,w
  6809  0CCB  00DD               	movwf	??___fladd+1
  6810  0CCC  0856               	movf	___fladd@b+2,w
  6811  0CCD  00DE               	movwf	??___fladd+2
  6812  0CCE  0857               	movf	___fladd@b+3,w
  6813  0CCF  00DF               	movwf	??___fladd+3
  6814  0CD0  3001               	movlw	1
  6815  0CD1  00E0               	movwf	??___fladd+4
  6816  0CD2                     u4005:
  6817  0CD2  0D5F               	rlf	??___fladd+3,w
  6818  0CD3  0CDF               	rrf	??___fladd+3,f
  6819  0CD4  0CDE               	rrf	??___fladd+2,f
  6820  0CD5  0CDD               	rrf	??___fladd+1,f
  6821  0CD6  0CDC               	rrf	??___fladd,f
  6822  0CD7  0BE0               	decfsz	??___fladd+4,f
  6823  0CD8  2CD2               	goto	u4005
  6824  0CD9  085F               	movf	??___fladd+3,w
  6825  0CDA  00D7               	movwf	___fladd@b+3
  6826  0CDB  085E               	movf	??___fladd+2,w
  6827  0CDC  00D6               	movwf	___fladd@b+2
  6828  0CDD  085D               	movf	??___fladd+1,w
  6829  0CDE  00D5               	movwf	___fladd@b+1
  6830  0CDF  085C               	movf	??___fladd,w
  6831  0CE0  00D4               	movwf	___fladd@b
  6832  0CE1  0A66               	incf	___fladd@bexp,w
  6833  0CE2  1903               	btfsc	3,2
  6834  0CE3  2CE8               	goto	l758
  6835  0CE4  3001               	movlw	1
  6836  0CE5  00DC               	movwf	??___fladd
  6837  0CE6  085C               	movf	??___fladd,w
  6838  0CE7  07E6               	addwf	___fladd@bexp,f
  6839  0CE8                     l758:
  6840  0CE8  0A66               	incf	___fladd@bexp,w
  6841  0CE9  1D03               	btfss	3,2
  6842  0CEA  0866               	movf	___fladd@bexp,w
  6843  0CEB  1D03               	btfss	3,2
  6844  0CEC  2CF8               	goto	l3321
  6845  0CED  3000               	movlw	0
  6846  0CEE  00D7               	movwf	___fladd@b+3
  6847  0CEF  3000               	movlw	0
  6848  0CF0  00D6               	movwf	___fladd@b+2
  6849  0CF1  3000               	movlw	0
  6850  0CF2  00D5               	movwf	___fladd@b+1
  6851  0CF3  3000               	movlw	0
  6852  0CF4  00D4               	movwf	___fladd@b
  6853  0CF5  0866               	movf	___fladd@bexp,w
  6854  0CF6  1903               	btfsc	3,2
  6855  0CF7  01E4               	clrf	___fladd@signs
  6856  0CF8                     l3321:
  6857  0CF8  1C66               	btfss	___fladd@bexp,0
  6858  0CF9  2CFC               	goto	l3325
  6859  0CFA  17D6               	bsf	___fladd@b+2,7
  6860  0CFB  2D00               	goto	l766
  6861  0CFC                     l3325:
  6862  0CFC  307F               	movlw	127
  6863  0CFD  00DC               	movwf	??___fladd
  6864  0CFE  085C               	movf	??___fladd,w
  6865  0CFF  05D6               	andwf	___fladd@b+2,f
  6866  0D00                     l766:
  6867  0D00  0866               	movf	___fladd@bexp,w
  6868  0D01  00DC               	movwf	??___fladd
  6869  0D02  1003               	clrc
  6870  0D03  0C5C               	rrf	??___fladd,w
  6871  0D04  00DD               	movwf	??___fladd+1
  6872  0D05  085D               	movf	??___fladd+1,w
  6873  0D06  00D7               	movwf	___fladd@b+3
  6874  0D07  1FE4               	btfss	___fladd@signs,7
  6875  0D08  0008               	return
  6876  0D09  17D7               	bsf	___fladd@b+3,7
  6877  0D0A  0008               	return
  6878  0D0B                     __end_of___fladd:
  6879                           
  6880                           	psect	text20
  6881  0005                     __ptext20:	
  6882 ;; *************** function ___awdiv *****************
  6883 ;; Defined at:
  6884 ;;		line 5 in file "C:\Program Files\Microchip\xc8\v2.32\pic\sources\c90\common\awdiv.c"
  6885 ;; Parameters:    Size  Location     Type
  6886 ;;  divisor         2    6[COMMON] int 
  6887 ;;  dividend        2    8[COMMON] int 
  6888 ;; Auto vars:     Size  Location     Type
  6889 ;;  quotient        2    2[BANK0 ] int 
  6890 ;;  sign            1    1[BANK0 ] unsigned char 
  6891 ;;  counter         1    0[BANK0 ] unsigned char 
  6892 ;; Return value:  Size  Location     Type
  6893 ;;                  2    6[COMMON] int 
  6894 ;; Registers used:
  6895 ;;		wreg, status,2, status,0
  6896 ;; Tracked objects:
  6897 ;;		On entry : 200/900
  6898 ;;		On exit  : 300/0
  6899 ;;		Unchanged: 0/0
  6900 ;; Data sizes:     COMMON   BANK0   BANK1   BANK3   BANK2
  6901 ;;      Params:         4       0       0       0       0
  6902 ;;      Locals:         0       4       0       0       0
  6903 ;;      Temps:          1       0       0       0       0
  6904 ;;      Totals:         5       4       0       0       0
  6905 ;;Total ram usage:        9 bytes
  6906 ;; Hardware stack levels used: 1
  6907 ;; This function calls:
  6908 ;;		Nothing
  6909 ;; This function is called by:
  6910 ;;		_calculate_temp_stats
  6911 ;;		_main
  6912 ;; This function uses a non-reentrant model
  6913 ;;
  6914                           
  6915                           
  6916                           ;psect for function ___awdiv
  6917  0005                     ___awdiv:
  6918                           
  6919                           ;incstack = 0
  6920                           ; Regs used in ___awdiv: [wreg+status,2+status,0]
  6921  0005  1283               	bcf	3,5	;RP0=0, select bank0
  6922  0006  01A1               	clrf	___awdiv@sign
  6923  0007  1FF7               	btfss	___awdiv@divisor+1,7
  6924  0008  2810               	goto	l3679
  6925  0009  09F6               	comf	___awdiv@divisor,f
  6926  000A  09F7               	comf	___awdiv@divisor+1,f
  6927  000B  0AF6               	incf	___awdiv@divisor,f
  6928  000C  1903               	skipnz
  6929  000D  0AF7               	incf	___awdiv@divisor+1,f
  6930  000E  01A1               	clrf	___awdiv@sign
  6931  000F  0AA1               	incf	___awdiv@sign,f
  6932  0010                     l3679:
  6933  0010  1FF9               	btfss	___awdiv@dividend+1,7
  6934  0011  281B               	goto	l3685
  6935  0012  09F8               	comf	___awdiv@dividend,f
  6936  0013  09F9               	comf	___awdiv@dividend+1,f
  6937  0014  0AF8               	incf	___awdiv@dividend,f
  6938  0015  1903               	skipnz
  6939  0016  0AF9               	incf	___awdiv@dividend+1,f
  6940  0017  3001               	movlw	1
  6941  0018  00FA               	movwf	??___awdiv
  6942  0019  087A               	movf	??___awdiv,w
  6943  001A  06A1               	xorwf	___awdiv@sign,f
  6944  001B                     l3685:
  6945  001B  01A2               	clrf	___awdiv@quotient
  6946  001C  01A3               	clrf	___awdiv@quotient+1
  6947  001D  0876               	movf	___awdiv@divisor,w
  6948  001E  0477               	iorwf	___awdiv@divisor+1,w
  6949  001F  1903               	btfsc	3,2
  6950  0020  2852               	goto	l3707
  6951  0021  01A0               	clrf	___awdiv@counter
  6952  0022  0AA0               	incf	___awdiv@counter,f
  6953  0023                     l3695:
  6954  0023  1BF7               	btfsc	___awdiv@divisor+1,7
  6955  0024  2831               	goto	l3697
  6956  0025  3001               	movlw	1
  6957  0026                     u4755:
  6958  0026  1003               	clrc
  6959  0027  0DF6               	rlf	___awdiv@divisor,f
  6960  0028  0DF7               	rlf	___awdiv@divisor+1,f
  6961  0029  3EFF               	addlw	-1
  6962  002A  1D03               	skipz
  6963  002B  2826               	goto	u4755
  6964  002C  3001               	movlw	1
  6965  002D  00FA               	movwf	??___awdiv
  6966  002E  087A               	movf	??___awdiv,w
  6967  002F  07A0               	addwf	___awdiv@counter,f
  6968  0030  2823               	goto	l3695
  6969  0031                     l3697:
  6970  0031  3001               	movlw	1
  6971  0032                     u4775:
  6972  0032  1003               	clrc
  6973  0033  0DA2               	rlf	___awdiv@quotient,f
  6974  0034  0DA3               	rlf	___awdiv@quotient+1,f
  6975  0035  3EFF               	addlw	-1
  6976  0036  1D03               	skipz
  6977  0037  2832               	goto	u4775
  6978  0038  0877               	movf	___awdiv@divisor+1,w
  6979  0039  0279               	subwf	___awdiv@dividend+1,w
  6980  003A  1D03               	skipz
  6981  003B  283E               	goto	u4785
  6982  003C  0876               	movf	___awdiv@divisor,w
  6983  003D  0278               	subwf	___awdiv@dividend,w
  6984  003E                     u4785:
  6985  003E  1C03               	skipc
  6986  003F  2847               	goto	l3703
  6987  0040  0876               	movf	___awdiv@divisor,w
  6988  0041  02F8               	subwf	___awdiv@dividend,f
  6989  0042  0877               	movf	___awdiv@divisor+1,w
  6990  0043  1C03               	skipc
  6991  0044  03F9               	decf	___awdiv@dividend+1,f
  6992  0045  02F9               	subwf	___awdiv@dividend+1,f
  6993  0046  1422               	bsf	___awdiv@quotient,0
  6994  0047                     l3703:
  6995  0047  3001               	movlw	1
  6996  0048                     u4795:
  6997  0048  1003               	clrc
  6998  0049  0CF7               	rrf	___awdiv@divisor+1,f
  6999  004A  0CF6               	rrf	___awdiv@divisor,f
  7000  004B  3EFF               	addlw	-1
  7001  004C  1D03               	skipz
  7002  004D  2848               	goto	u4795
  7003  004E  3001               	movlw	1
  7004  004F  02A0               	subwf	___awdiv@counter,f
  7005  0050  1D03               	btfss	3,2
  7006  0051  2831               	goto	l3697
  7007  0052                     l3707:
  7008  0052  0821               	movf	___awdiv@sign,w
  7009  0053  1903               	btfsc	3,2
  7010  0054  285A               	goto	l3711
  7011  0055  09A2               	comf	___awdiv@quotient,f
  7012  0056  09A3               	comf	___awdiv@quotient+1,f
  7013  0057  0AA2               	incf	___awdiv@quotient,f
  7014  0058  1903               	skipnz
  7015  0059  0AA3               	incf	___awdiv@quotient+1,f
  7016  005A                     l3711:
  7017  005A  0823               	movf	___awdiv@quotient+1,w
  7018  005B  00F7               	movwf	?___awdiv+1
  7019  005C  0822               	movf	___awdiv@quotient,w
  7020  005D  00F6               	movwf	?___awdiv
  7021  005E  0008               	return
  7022  005F                     __end_of___awdiv:
  7023                           
  7024                           	psect	text21
  7025  1C38                     __ptext21:	
  7026 ;; *************** function _add_temp_to_buffer *****************
  7027 ;; Defined at:
  7028 ;;		line 76 in file "main.c"
  7029 ;; Parameters:    Size  Location     Type
  7030 ;;  temp            4    8[BANK0 ] float 
  7031 ;; Auto vars:     Size  Location     Type
  7032 ;;		None
  7033 ;; Return value:  Size  Location     Type
  7034 ;;                  1    wreg      void 
  7035 ;; Registers used:
  7036 ;;		wreg, fsr0l, fsr0h, status,2, status,0, pclath, cstack
  7037 ;; Tracked objects:
  7038 ;;		On entry : 300/0
  7039 ;;		On exit  : 200/0
  7040 ;;		Unchanged: 0/0
  7041 ;; Data sizes:     COMMON   BANK0   BANK1   BANK3   BANK2
  7042 ;;      Params:         0       4       0       0       0
  7043 ;;      Locals:         0       0       0       0       0
  7044 ;;      Temps:          0       1       0       0       0
  7045 ;;      Totals:         0       5       0       0       0
  7046 ;;Total ram usage:        5 bytes
  7047 ;; Hardware stack levels used: 1
  7048 ;; Hardware stack levels required when called: 1
  7049 ;; This function calls:
  7050 ;;		___awmod
  7051 ;; This function is called by:
  7052 ;;		_main
  7053 ;; This function uses a non-reentrant model
  7054 ;;
  7055                           
  7056                           
  7057                           ;psect for function _add_temp_to_buffer
  7058  1C38                     _add_temp_to_buffer:
  7059                           
  7060                           ;main.c: 77:     temp_buffer[temp_buffer_idx] = temp;
  7061                           
  7062                           ;incstack = 0
  7063                           ; Regs used in _add_temp_to_buffer: [wreg-fsr0h+status,2+status,0+pclath+cstack]
  7064  1C38  086F               	movf	_temp_buffer_idx,w
  7065  1C39  00AC               	movwf	??_add_temp_to_buffer
  7066  1C3A  3001               	movlw	1
  7067  1C3B                     u5445:
  7068  1C3B  1003               	clrc
  7069  1C3C  0DAC               	rlf	??_add_temp_to_buffer,f
  7070  1C3D  3EFF               	addlw	-1
  7071  1C3E  1D03               	skipz
  7072  1C3F  2C3B               	goto	u5445
  7073  1C40  1003               	clrc
  7074  1C41  0D2C               	rlf	??_add_temp_to_buffer,w
  7075  1C42  3EAD               	addlw	(low (_temp_buffer| (0+256)))& (0+255)
  7076  1C43  0084               	movwf	4
  7077  1C44  0828               	movf	add_temp_to_buffer@temp,w
  7078  1C45  1783               	bsf	3,7	;select IRP bank3
  7079  1C46  0080               	movwf	0
  7080  1C47  0A84               	incf	4,f
  7081  1C48  0829               	movf	add_temp_to_buffer@temp+1,w
  7082  1C49  0080               	movwf	0
  7083  1C4A  0A84               	incf	4,f
  7084  1C4B  082A               	movf	add_temp_to_buffer@temp+2,w
  7085  1C4C  0080               	movwf	0
  7086  1C4D  0A84               	incf	4,f
  7087  1C4E  082B               	movf	add_temp_to_buffer@temp+3,w
  7088  1C4F  0080               	movwf	0
  7089                           
  7090                           ;main.c: 78:     temp_buffer_idx = (temp_buffer_idx + 1) % 6;
  7091  1C50  3006               	movlw	6
  7092  1C51  00A4               	movwf	___awmod@divisor
  7093  1C52  3000               	movlw	0
  7094  1C53  00A5               	movwf	___awmod@divisor+1
  7095  1C54  086F               	movf	_temp_buffer_idx,w
  7096  1C55  3E01               	addlw	1
  7097  1C56  00A6               	movwf	___awmod@dividend
  7098  1C57  3000               	movlw	0
  7099  1C58  1803               	skipnc
  7100  1C59  3001               	movlw	1
  7101  1C5A  00A7               	movwf	___awmod@dividend+1
  7102  1C5B  160A  158A  2573  160A  158A  	fcall	___awmod
  7103  1C60  0824               	movf	?___awmod,w
  7104  1C61  00AC               	movwf	??_add_temp_to_buffer
  7105  1C62  082C               	movf	??_add_temp_to_buffer,w
  7106  1C63  00EF               	movwf	_temp_buffer_idx
  7107                           
  7108                           ;main.c: 79:     if(temp_buffer_idx == 0) {
  7109  1C64  086F               	movf	_temp_buffer_idx,w
  7110  1C65  1D03               	btfss	3,2
  7111  1C66  0008               	return
  7112                           
  7113                           ;main.c: 80:         temp_buffer_full = 1;
  7114  1C67  1683               	bsf	3,5	;RP0=1, select bank1
  7115  1C68  01E7               	clrf	_temp_buffer_full^(0+128)
  7116  1C69  0AE7               	incf	_temp_buffer_full^(0+128),f
  7117  1C6A  0008               	return
  7118  1C6B                     __end_of_add_temp_to_buffer:
  7119                           
  7120                           	psect	text22
  7121  1D73                     __ptext22:	
  7122 ;; *************** function ___awmod *****************
  7123 ;; Defined at:
  7124 ;;		line 5 in file "C:\Program Files\Microchip\xc8\v2.32\pic\sources\c90\common\awmod.c"
  7125 ;; Parameters:    Size  Location     Type
  7126 ;;  divisor         2    4[BANK0 ] int 
  7127 ;;  dividend        2    6[BANK0 ] int 
  7128 ;; Auto vars:     Size  Location     Type
  7129 ;;  sign            1   13[COMMON] unsigned char 
  7130 ;;  counter         1   12[COMMON] unsigned char 
  7131 ;; Return value:  Size  Location     Type
  7132 ;;                  2    4[BANK0 ] int 
  7133 ;; Registers used:
  7134 ;;		wreg, status,2, status,0
  7135 ;; Tracked objects:
  7136 ;;		On entry : 300/0
  7137 ;;		On exit  : 300/0
  7138 ;;		Unchanged: 0/0
  7139 ;; Data sizes:     COMMON   BANK0   BANK1   BANK3   BANK2
  7140 ;;      Params:         0       4       0       0       0
  7141 ;;      Locals:         2       0       0       0       0
  7142 ;;      Temps:          1       0       0       0       0
  7143 ;;      Totals:         3       4       0       0       0
  7144 ;;Total ram usage:        7 bytes
  7145 ;; Hardware stack levels used: 1
  7146 ;; This function calls:
  7147 ;;		Nothing
  7148 ;; This function is called by:
  7149 ;;		_add_temp_to_buffer
  7150 ;;		_main
  7151 ;; This function uses a non-reentrant model
  7152 ;;
  7153                           
  7154                           
  7155                           ;psect for function ___awmod
  7156  1D73                     ___awmod:
  7157                           
  7158                           ;incstack = 0
  7159                           ; Regs used in ___awmod: [wreg+status,2+status,0]
  7160  1D73  01FD               	clrf	___awmod@sign
  7161  1D74  1FA7               	btfss	___awmod@dividend+1,7
  7162  1D75  2D7D               	goto	l3723
  7163  1D76  09A6               	comf	___awmod@dividend,f
  7164  1D77  09A7               	comf	___awmod@dividend+1,f
  7165  1D78  0AA6               	incf	___awmod@dividend,f
  7166  1D79  1903               	skipnz
  7167  1D7A  0AA7               	incf	___awmod@dividend+1,f
  7168  1D7B  01FD               	clrf	___awmod@sign
  7169  1D7C  0AFD               	incf	___awmod@sign,f
  7170  1D7D                     l3723:
  7171  1D7D  1FA5               	btfss	___awmod@divisor+1,7
  7172  1D7E  2D84               	goto	l3727
  7173  1D7F  09A4               	comf	___awmod@divisor,f
  7174  1D80  09A5               	comf	___awmod@divisor+1,f
  7175  1D81  0AA4               	incf	___awmod@divisor,f
  7176  1D82  1903               	skipnz
  7177  1D83  0AA5               	incf	___awmod@divisor+1,f
  7178  1D84                     l3727:
  7179  1D84  0824               	movf	___awmod@divisor,w
  7180  1D85  0425               	iorwf	___awmod@divisor+1,w
  7181  1D86  1903               	btfsc	3,2
  7182  1D87  2DB1               	goto	l3745
  7183  1D88  01FC               	clrf	___awmod@counter
  7184  1D89  0AFC               	incf	___awmod@counter,f
  7185  1D8A                     l3735:
  7186  1D8A  1BA5               	btfsc	___awmod@divisor+1,7
  7187  1D8B  2D98               	goto	l3737
  7188  1D8C  3001               	movlw	1
  7189  1D8D                     u4855:
  7190  1D8D  1003               	clrc
  7191  1D8E  0DA4               	rlf	___awmod@divisor,f
  7192  1D8F  0DA5               	rlf	___awmod@divisor+1,f
  7193  1D90  3EFF               	addlw	-1
  7194  1D91  1D03               	skipz
  7195  1D92  2D8D               	goto	u4855
  7196  1D93  3001               	movlw	1
  7197  1D94  00FB               	movwf	??___awmod
  7198  1D95  087B               	movf	??___awmod,w
  7199  1D96  07FC               	addwf	___awmod@counter,f
  7200  1D97  2D8A               	goto	l3735
  7201  1D98                     l3737:
  7202  1D98  0825               	movf	___awmod@divisor+1,w
  7203  1D99  0227               	subwf	___awmod@dividend+1,w
  7204  1D9A  1D03               	skipz
  7205  1D9B  2D9E               	goto	u4875
  7206  1D9C  0824               	movf	___awmod@divisor,w
  7207  1D9D  0226               	subwf	___awmod@dividend,w
  7208  1D9E                     u4875:
  7209  1D9E  1C03               	skipc
  7210  1D9F  2DA6               	goto	l3741
  7211  1DA0  0824               	movf	___awmod@divisor,w
  7212  1DA1  02A6               	subwf	___awmod@dividend,f
  7213  1DA2  0825               	movf	___awmod@divisor+1,w
  7214  1DA3  1C03               	skipc
  7215  1DA4  03A7               	decf	___awmod@dividend+1,f
  7216  1DA5  02A7               	subwf	___awmod@dividend+1,f
  7217  1DA6                     l3741:
  7218  1DA6  3001               	movlw	1
  7219  1DA7                     u4885:
  7220  1DA7  1003               	clrc
  7221  1DA8  0CA5               	rrf	___awmod@divisor+1,f
  7222  1DA9  0CA4               	rrf	___awmod@divisor,f
  7223  1DAA  3EFF               	addlw	-1
  7224  1DAB  1D03               	skipz
  7225  1DAC  2DA7               	goto	u4885
  7226  1DAD  3001               	movlw	1
  7227  1DAE  02FC               	subwf	___awmod@counter,f
  7228  1DAF  1D03               	btfss	3,2
  7229  1DB0  2D98               	goto	l3737
  7230  1DB1                     l3745:
  7231  1DB1  087D               	movf	___awmod@sign,w
  7232  1DB2  1903               	btfsc	3,2
  7233  1DB3  2DB9               	goto	l3749
  7234  1DB4  09A6               	comf	___awmod@dividend,f
  7235  1DB5  09A7               	comf	___awmod@dividend+1,f
  7236  1DB6  0AA6               	incf	___awmod@dividend,f
  7237  1DB7  1903               	skipnz
  7238  1DB8  0AA7               	incf	___awmod@dividend+1,f
  7239  1DB9                     l3749:
  7240  1DB9  0827               	movf	___awmod@dividend+1,w
  7241  1DBA  00A5               	movwf	?___awmod+1
  7242  1DBB  0826               	movf	___awmod@dividend,w
  7243  1DBC  00A4               	movwf	?___awmod
  7244  1DBD  0008               	return
  7245  1DBE                     __end_of___awmod:
  7246                           
  7247                           	psect	text23
  7248  120F                     __ptext23:	
  7249 ;; *************** function _SD_Init *****************
  7250 ;; Defined at:
  7251 ;;		line 55 in file "SD_SPI.c"
  7252 ;; Parameters:    Size  Location     Type
  7253 ;;		None
  7254 ;; Auto vars:     Size  Location     Type
  7255 ;;  retry           2    6[BANK0 ] unsigned int 
  7256 ;;  i               1    5[BANK0 ] unsigned char 
  7257 ;;  r               1    4[BANK0 ] unsigned char 
  7258 ;; Return value:  Size  Location     Type
  7259 ;;                  1    wreg      unsigned char 
  7260 ;; Registers used:
  7261 ;;		wreg, status,2, status,0, pclath, cstack
  7262 ;; Tracked objects:
  7263 ;;		On entry : 0/100
  7264 ;;		On exit  : 0/0
  7265 ;;		Unchanged: 0/0
  7266 ;; Data sizes:     COMMON   BANK0   BANK1   BANK3   BANK2
  7267 ;;      Params:         0       0       0       0       0
  7268 ;;      Locals:         0       4       0       0       0
  7269 ;;      Temps:          2       0       0       0       0
  7270 ;;      Totals:         2       4       0       0       0
  7271 ;;Total ram usage:        6 bytes
  7272 ;; Hardware stack levels used: 1
  7273 ;; Hardware stack levels required when called: 2
  7274 ;; This function calls:
  7275 ;;		_SD_Cmd
  7276 ;;		_SD_SPI_Init
  7277 ;;		_SD_SPI_Transfer
  7278 ;; This function is called by:
  7279 ;;		_main
  7280 ;; This function uses a non-reentrant model
  7281 ;;
  7282                           
  7283                           
  7284                           ;psect for function _SD_Init
  7285  120F                     _SD_Init:
  7286                           
  7287                           ;SD_SPI.c: 56:     uint8_t i, r;;SD_SPI.c: 57:     uint16_t retry;;SD_SPI.c: 59:     SD_
      +                          SPI_Init();
  7288                           
  7289                           ;incstack = 0
  7290                           ; Regs used in _SD_Init: [wreg+status,2+status,0+pclath+cstack]
  7291  120F  160A  158A  21B1  160A  118A  	fcall	_SD_SPI_Init
  7292                           
  7293                           ;SD_SPI.c: 60:     PORTBbits.RB0 = 1;
  7294  1214  1406               	bsf	6,0	;volatile
  7295                           
  7296                           ;SD_SPI.c: 61:     for(i = 0; i < 10; i++) SD_SPI_Transfer(0xFF);
  7297  1215  01A5               	clrf	SD_Init@i
  7298  1216                     l4195:
  7299  1216  30FF               	movlw	255
  7300  1217  160A  158A  23D8  160A  118A  	fcall	_SD_SPI_Transfer
  7301  121C  3001               	movlw	1
  7302  121D  00FC               	movwf	??_SD_Init
  7303  121E  087C               	movf	??_SD_Init,w
  7304  121F  1283               	bcf	3,5	;RP0=0, select bank0
  7305  1220  1303               	bcf	3,6	;RP1=0, select bank0
  7306  1221  07A5               	addwf	SD_Init@i,f
  7307  1222  300A               	movlw	10
  7308  1223  0225               	subwf	SD_Init@i,w
  7309  1224  1C03               	skipc
  7310  1225  2A16               	goto	l4195
  7311                           
  7312                           ;SD_SPI.c: 63:     PORTBbits.RB0 = 0;
  7313  1226  1006               	bcf	6,0	;volatile
  7314                           
  7315                           ;SD_SPI.c: 64:     _delay((unsigned long)((1)*(20000000/4000.0)));
  7316  1227  3007               	movlw	7
  7317  1228  00FD               	movwf	??_SD_Init+1
  7318  1229  307D               	movlw	125
  7319  122A  00FC               	movwf	??_SD_Init
  7320  122B                     u6247:
  7321  122B  0BFC               	decfsz	??_SD_Init,f
  7322  122C  2A2B               	goto	u6247
  7323  122D  0BFD               	decfsz	??_SD_Init+1,f
  7324  122E  2A2B               	goto	u6247
  7325                           
  7326                           ;SD_SPI.c: 66:     for(retry = 0; retry < 200; retry++){
  7327  122F  1283               	bcf	3,5	;RP0=0, select bank0
  7328  1230  1303               	bcf	3,6	;RP1=0, select bank0
  7329  1231  01A6               	clrf	SD_Init@retry
  7330  1232  01A7               	clrf	SD_Init@retry+1
  7331  1233                     l4209:
  7332                           
  7333                           ;SD_SPI.c: 67:         if(SD_Cmd(0x00, 0) == 0x01) break;
  7334  1233  3000               	movlw	0
  7335  1234  00FA               	movwf	SD_Cmd@arg+3
  7336  1235  3000               	movlw	0
  7337  1236  00F9               	movwf	SD_Cmd@arg+2
  7338  1237  3000               	movlw	0
  7339  1238  00F8               	movwf	SD_Cmd@arg+1
  7340  1239  3000               	movlw	0
  7341  123A  00F7               	movwf	SD_Cmd@arg
  7342  123B  3000               	movlw	0
  7343  123C  160A  158A  25BE  160A  118A  	fcall	_SD_Cmd
  7344  1241  3A01               	xorlw	1
  7345  1242  1903               	btfsc	3,2
  7346  1243  2A51               	goto	l4215
  7347                           
  7348                           ;SD_SPI.c: 68:     }
  7349  1244  3001               	movlw	1
  7350  1245  07A6               	addwf	SD_Init@retry,f
  7351  1246  1803               	skipnc
  7352  1247  0AA7               	incf	SD_Init@retry+1,f
  7353  1248  3000               	movlw	0
  7354  1249  07A7               	addwf	SD_Init@retry+1,f
  7355  124A  3000               	movlw	0
  7356  124B  0227               	subwf	SD_Init@retry+1,w
  7357  124C  30C8               	movlw	200
  7358  124D  1903               	skipnz
  7359  124E  0226               	subwf	SD_Init@retry,w
  7360  124F  1C03               	skipc
  7361  1250  2A33               	goto	l4209
  7362  1251                     l4215:
  7363                           
  7364                           ;SD_SPI.c: 69:     if(retry >= 200){ PORTBbits.RB0 = 1; return 0; }
  7365  1251  3000               	movlw	0
  7366  1252  0227               	subwf	SD_Init@retry+1,w
  7367  1253  30C8               	movlw	200
  7368  1254  1903               	skipnz
  7369  1255  0226               	subwf	SD_Init@retry,w
  7370  1256  1C03               	skipc
  7371  1257  2A5B               	goto	l4223
  7372  1258                     l4217:
  7373  1258  1406               	bsf	6,0	;volatile
  7374  1259  3000               	movlw	0
  7375  125A  0008               	return
  7376  125B                     l4223:
  7377                           
  7378                           ;SD_SPI.c: 71:     r = SD_Cmd(0x08, 0x000001AA);
  7379  125B  3000               	movlw	0
  7380  125C  00FA               	movwf	SD_Cmd@arg+3
  7381  125D  3000               	movlw	0
  7382  125E  00F9               	movwf	SD_Cmd@arg+2
  7383  125F  3001               	movlw	1
  7384  1260  00F8               	movwf	SD_Cmd@arg+1
  7385  1261  30AA               	movlw	170
  7386  1262  00F7               	movwf	SD_Cmd@arg
  7387  1263  3008               	movlw	8
  7388  1264  160A  158A  25BE  160A  118A  	fcall	_SD_Cmd
  7389  1269  00FC               	movwf	??_SD_Init
  7390  126A  087C               	movf	??_SD_Init,w
  7391  126B  00A4               	movwf	SD_Init@r
  7392                           
  7393                           ;SD_SPI.c: 72:     if(r == 0x01){
  7394  126C  0324               	decf	SD_Init@r,w
  7395  126D  1D03               	btfss	3,2
  7396  126E  2A80               	goto	l4239
  7397                           
  7398                           ;SD_SPI.c: 73:         for(i = 0; i < 4; i++) SD_SPI_Transfer(0xFF);
  7399  126F  01A5               	clrf	SD_Init@i
  7400  1270                     l4233:
  7401  1270  30FF               	movlw	255
  7402  1271  160A  158A  23D8  160A  118A  	fcall	_SD_SPI_Transfer
  7403  1276  3001               	movlw	1
  7404  1277  00FC               	movwf	??_SD_Init
  7405  1278  087C               	movf	??_SD_Init,w
  7406  1279  1283               	bcf	3,5	;RP0=0, select bank0
  7407  127A  1303               	bcf	3,6	;RP1=0, select bank0
  7408  127B  07A5               	addwf	SD_Init@i,f
  7409  127C  3004               	movlw	4
  7410  127D  0225               	subwf	SD_Init@i,w
  7411  127E  1C03               	skipc
  7412  127F  2A70               	goto	l4233
  7413  1280                     l4239:
  7414                           
  7415                           ;SD_SPI.c: 76:     for(retry = 0; retry < 500; retry++){
  7416  1280  01A6               	clrf	SD_Init@retry
  7417  1281  01A7               	clrf	SD_Init@retry+1
  7418  1282                     l4245:
  7419                           
  7420                           ;SD_SPI.c: 77:         SD_Cmd(0x37, 0);
  7421  1282  3000               	movlw	0
  7422  1283  00FA               	movwf	SD_Cmd@arg+3
  7423  1284  3000               	movlw	0
  7424  1285  00F9               	movwf	SD_Cmd@arg+2
  7425  1286  3000               	movlw	0
  7426  1287  00F8               	movwf	SD_Cmd@arg+1
  7427  1288  3000               	movlw	0
  7428  1289  00F7               	movwf	SD_Cmd@arg
  7429  128A  3037               	movlw	55
  7430  128B  160A  158A  25BE  160A  118A  	fcall	_SD_Cmd
  7431                           
  7432                           ;SD_SPI.c: 78:         if(SD_Cmd(0x29, 0x40000000) == 0x00) break;
  7433  1290  3040               	movlw	64
  7434  1291  00FA               	movwf	SD_Cmd@arg+3
  7435  1292  3000               	movlw	0
  7436  1293  00F9               	movwf	SD_Cmd@arg+2
  7437  1294  3000               	movlw	0
  7438  1295  00F8               	movwf	SD_Cmd@arg+1
  7439  1296  3000               	movlw	0
  7440  1297  00F7               	movwf	SD_Cmd@arg
  7441  1298  3029               	movlw	41
  7442  1299  160A  158A  25BE  160A  118A  	fcall	_SD_Cmd
  7443  129E  3A00               	xorlw	0
  7444  129F  1903               	btfsc	3,2
  7445  12A0  2AB9               	goto	l4251
  7446                           
  7447                           ;SD_SPI.c: 79:         _delay((unsigned long)((10)*(20000000/4000.0)));
  7448  12A1  3041               	movlw	65
  7449  12A2  00FD               	movwf	??_SD_Init+1
  7450  12A3  30EE               	movlw	238
  7451  12A4  00FC               	movwf	??_SD_Init
  7452  12A5                     u6257:
  7453  12A5  0BFC               	decfsz	??_SD_Init,f
  7454  12A6  2AA5               	goto	u6257
  7455  12A7  0BFD               	decfsz	??_SD_Init+1,f
  7456  12A8  2AA5               	goto	u6257
  7457  12A9  0000               	nop
  7458                           
  7459                           ;SD_SPI.c: 80:     }
  7460  12AA  3001               	movlw	1
  7461  12AB  1283               	bcf	3,5	;RP0=0, select bank0
  7462  12AC  1303               	bcf	3,6	;RP1=0, select bank0
  7463  12AD  07A6               	addwf	SD_Init@retry,f
  7464  12AE  1803               	skipnc
  7465  12AF  0AA7               	incf	SD_Init@retry+1,f
  7466  12B0  3000               	movlw	0
  7467  12B1  07A7               	addwf	SD_Init@retry+1,f
  7468  12B2  3001               	movlw	1
  7469  12B3  0227               	subwf	SD_Init@retry+1,w
  7470  12B4  30F4               	movlw	244
  7471  12B5  1903               	skipnz
  7472  12B6  0226               	subwf	SD_Init@retry,w
  7473  12B7  1C03               	skipc
  7474  12B8  2A82               	goto	l4245
  7475  12B9                     l4251:
  7476                           
  7477                           ;SD_SPI.c: 81:     if(retry >= 500){ PORTBbits.RB0 = 1; return 0; }
  7478  12B9  3001               	movlw	1
  7479  12BA  0227               	subwf	SD_Init@retry+1,w
  7480  12BB  30F4               	movlw	244
  7481  12BC  1903               	skipnz
  7482  12BD  0226               	subwf	SD_Init@retry,w
  7483  12BE  1803               	btfsc	3,0
  7484  12BF  2A58               	goto	l4217
  7485                           
  7486                           ;SD_SPI.c: 83:     if(SD_Cmd(0x10, 512) != 0x00){ PORTBbits.RB0 = 1; return 0; }
  7487  12C0  3000               	movlw	0
  7488  12C1  00FA               	movwf	SD_Cmd@arg+3
  7489  12C2  3000               	movlw	0
  7490  12C3  00F9               	movwf	SD_Cmd@arg+2
  7491  12C4  3002               	movlw	2
  7492  12C5  00F8               	movwf	SD_Cmd@arg+1
  7493  12C6  3000               	movlw	0
  7494  12C7  00F7               	movwf	SD_Cmd@arg
  7495  12C8  3010               	movlw	16
  7496  12C9  160A  158A  25BE  160A  118A  	fcall	_SD_Cmd
  7497  12CE  3A00               	xorlw	0
  7498  12CF  1D03               	btfss	3,2
  7499  12D0  2A58               	goto	l4217
  7500                           
  7501                           ;SD_SPI.c: 85:     PORTBbits.RB0 = 1;
  7502  12D1  1406               	bsf	6,0	;volatile
  7503                           
  7504                           ;SD_SPI.c: 86:     SD_SPI_Transfer(0xFF);
  7505  12D2  30FF               	movlw	255
  7506  12D3  160A  158A  23D8   	fcall	_SD_SPI_Transfer
  7507                           
  7508                           ;SD_SPI.c: 87:     return 1;
  7509  12D6  3001               	movlw	1
  7510  12D7  0008               	return
  7511  12D8                     __end_of_SD_Init:
  7512                           
  7513                           	psect	text24
  7514  19B1                     __ptext24:	
  7515 ;; *************** function _SD_SPI_Init *****************
  7516 ;; Defined at:
  7517 ;;		line 6 in file "SD_SPI.c"
  7518 ;; Parameters:    Size  Location     Type
  7519 ;;		None
  7520 ;; Auto vars:     Size  Location     Type
  7521 ;;		None
  7522 ;; Return value:  Size  Location     Type
  7523 ;;                  1    wreg      void 
  7524 ;; Registers used:
  7525 ;;		None
  7526 ;; Tracked objects:
  7527 ;;		On entry : 0/100
  7528 ;;		On exit  : 300/0
  7529 ;;		Unchanged: 0/0
  7530 ;; Data sizes:     COMMON   BANK0   BANK1   BANK3   BANK2
  7531 ;;      Params:         0       0       0       0       0
  7532 ;;      Locals:         0       0       0       0       0
  7533 ;;      Temps:          0       0       0       0       0
  7534 ;;      Totals:         0       0       0       0       0
  7535 ;;Total ram usage:        0 bytes
  7536 ;; Hardware stack levels used: 1
  7537 ;; This function calls:
  7538 ;;		Nothing
  7539 ;; This function is called by:
  7540 ;;		_SD_Init
  7541 ;; This function uses a non-reentrant model
  7542 ;;
  7543                           
  7544                           
  7545                           ;psect for function _SD_SPI_Init
  7546  19B1                     _SD_SPI_Init:
  7547                           
  7548                           ;SD_SPI.c: 7:     TRISBbits.TRISB0 = 0;
  7549                           
  7550                           ;incstack = 0
  7551                           ; Regs used in _SD_SPI_Init: []
  7552  19B1  1683               	bsf	3,5	;RP0=1, select bank1
  7553  19B2  1303               	bcf	3,6	;RP1=0, select bank1
  7554  19B3  1006               	bcf	6,0	;volatile
  7555                           
  7556                           ;SD_SPI.c: 8:     TRISBbits.TRISB1 = 0;
  7557  19B4  1086               	bcf	6,1	;volatile
  7558                           
  7559                           ;SD_SPI.c: 9:     TRISBbits.TRISB2 = 1;
  7560  19B5  1506               	bsf	6,2	;volatile
  7561                           
  7562                           ;SD_SPI.c: 10:     TRISBbits.TRISB3 = 0;
  7563  19B6  1186               	bcf	6,3	;volatile
  7564                           
  7565                           ;SD_SPI.c: 11:     PORTBbits.RB0 = 1;
  7566  19B7  1283               	bcf	3,5	;RP0=0, select bank0
  7567  19B8  1406               	bsf	6,0	;volatile
  7568                           
  7569                           ;SD_SPI.c: 12:     PORTBbits.RB3 = 0;
  7570  19B9  1186               	bcf	6,3	;volatile
  7571                           
  7572                           ;SD_SPI.c: 13:     PORTBbits.RB1 = 1;
  7573  19BA  1486               	bsf	6,1	;volatile
  7574  19BB  0008               	return
  7575  19BC                     __end_of_SD_SPI_Init:
  7576                           
  7577                           	psect	text25
  7578  1F75                     __ptext25:	
  7579 ;; *************** function _Lcd_Init *****************
  7580 ;; Defined at:
  7581 ;;		line 38 in file "LCD.c"
  7582 ;; Parameters:    Size  Location     Type
  7583 ;;		None
  7584 ;; Auto vars:     Size  Location     Type
  7585 ;;		None
  7586 ;; Return value:  Size  Location     Type
  7587 ;;                  1    wreg      void 
  7588 ;; Registers used:
  7589 ;;		wreg, status,2, status,0, pclath, cstack
  7590 ;; Tracked objects:
  7591 ;;		On entry : B00/100
  7592 ;;		On exit  : 0/0
  7593 ;;		Unchanged: 0/0
  7594 ;; Data sizes:     COMMON   BANK0   BANK1   BANK3   BANK2
  7595 ;;      Params:         0       0       0       0       0
  7596 ;;      Locals:         0       0       0       0       0
  7597 ;;      Temps:          2       0       0       0       0
  7598 ;;      Totals:         2       0       0       0       0
  7599 ;;Total ram usage:        2 bytes
  7600 ;; Hardware stack levels used: 1
  7601 ;; Hardware stack levels required when called: 2
  7602 ;; This function calls:
  7603 ;;		_Lcd_Cmd
  7604 ;; This function is called by:
  7605 ;;		_main
  7606 ;; This function uses a non-reentrant model
  7607 ;;
  7608                           
  7609                           
  7610                           ;psect for function _Lcd_Init
  7611  1F75                     _Lcd_Init:
  7612                           
  7613                           ;LCD.c: 39:     TRISDbits.TRISD2 = 0;
  7614                           
  7615                           ;incstack = 0
  7616                           ; Regs used in _Lcd_Init: [wreg+status,2+status,0+pclath+cstack]
  7617  1F75  1108               	bcf	8,2	;volatile
  7618                           
  7619                           ;LCD.c: 40:     TRISDbits.TRISD3 = 0;
  7620  1F76  1188               	bcf	8,3	;volatile
  7621                           
  7622                           ;LCD.c: 41:     TRISDbits.TRISD4 = 0;
  7623  1F77  1208               	bcf	8,4	;volatile
  7624                           
  7625                           ;LCD.c: 42:     TRISDbits.TRISD5 = 0;
  7626  1F78  1288               	bcf	8,5	;volatile
  7627                           
  7628                           ;LCD.c: 43:     TRISDbits.TRISD6 = 0;
  7629  1F79  1308               	bcf	8,6	;volatile
  7630                           
  7631                           ;LCD.c: 44:     TRISDbits.TRISD7 = 0;
  7632  1F7A  1388               	bcf	8,7	;volatile
  7633                           
  7634                           ;LCD.c: 46:     _delay((unsigned long)((20)*(20000000/4000.0)));
  7635  1F7B  3082               	movlw	130
  7636  1F7C  00F5               	movwf	??_Lcd_Init+1
  7637  1F7D  30DD               	movlw	221
  7638  1F7E  00F4               	movwf	??_Lcd_Init
  7639  1F7F                     u6267:
  7640  1F7F  0BF4               	decfsz	??_Lcd_Init,f
  7641  1F80  2F7F               	goto	u6267
  7642  1F81  0BF5               	decfsz	??_Lcd_Init+1,f
  7643  1F82  2F7F               	goto	u6267
  7644  1F83  2F84               	nop2
  7645                           
  7646                           ;LCD.c: 47:     Lcd_Cmd(0x03);
  7647  1F84  3003               	movlw	3
  7648  1F85  160A  158A  229F  160A  158A  	fcall	_Lcd_Cmd
  7649                           
  7650                           ;LCD.c: 48:     _delay((unsigned long)((5)*(20000000/4000.0)));
  7651  1F8A  3021               	movlw	33
  7652  1F8B  00F5               	movwf	??_Lcd_Init+1
  7653  1F8C  3076               	movlw	118
  7654  1F8D  00F4               	movwf	??_Lcd_Init
  7655  1F8E                     u6277:
  7656  1F8E  0BF4               	decfsz	??_Lcd_Init,f
  7657  1F8F  2F8E               	goto	u6277
  7658  1F90  0BF5               	decfsz	??_Lcd_Init+1,f
  7659  1F91  2F8E               	goto	u6277
  7660  1F92  0000               	nop
  7661                           
  7662                           ;LCD.c: 49:     Lcd_Cmd(0x03);
  7663  1F93  3003               	movlw	3
  7664  1F94  160A  158A  229F  160A  158A  	fcall	_Lcd_Cmd
  7665                           
  7666                           ;LCD.c: 50:     _delay((unsigned long)((11)*(20000000/4000.0)));
  7667  1F99  3048               	movlw	72
  7668  1F9A  00F5               	movwf	??_Lcd_Init+1
  7669  1F9B  306C               	movlw	108
  7670  1F9C  00F4               	movwf	??_Lcd_Init
  7671  1F9D                     u6287:
  7672  1F9D  0BF4               	decfsz	??_Lcd_Init,f
  7673  1F9E  2F9D               	goto	u6287
  7674  1F9F  0BF5               	decfsz	??_Lcd_Init+1,f
  7675  1FA0  2F9D               	goto	u6287
  7676  1FA1  0000               	nop
  7677                           
  7678                           ;LCD.c: 51:     Lcd_Cmd(0x03);
  7679  1FA2  3003               	movlw	3
  7680  1FA3  160A  158A  229F  160A  158A  	fcall	_Lcd_Cmd
  7681                           
  7682                           ;LCD.c: 52:     _delay((unsigned long)((5)*(20000000/4000.0)));
  7683  1FA8  3021               	movlw	33
  7684  1FA9  00F5               	movwf	??_Lcd_Init+1
  7685  1FAA  3076               	movlw	118
  7686  1FAB  00F4               	movwf	??_Lcd_Init
  7687  1FAC                     u6297:
  7688  1FAC  0BF4               	decfsz	??_Lcd_Init,f
  7689  1FAD  2FAC               	goto	u6297
  7690  1FAE  0BF5               	decfsz	??_Lcd_Init+1,f
  7691  1FAF  2FAC               	goto	u6297
  7692  1FB0  0000               	nop
  7693                           
  7694                           ;LCD.c: 53:     Lcd_Cmd(0x02);
  7695  1FB1  3002               	movlw	2
  7696  1FB2  160A  158A  229F  160A  158A  	fcall	_Lcd_Cmd
  7697                           
  7698                           ;LCD.c: 54:     _delay((unsigned long)((5)*(20000000/4000.0)));
  7699  1FB7  3021               	movlw	33
  7700  1FB8  00F5               	movwf	??_Lcd_Init+1
  7701  1FB9  3076               	movlw	118
  7702  1FBA  00F4               	movwf	??_Lcd_Init
  7703  1FBB                     u6307:
  7704  1FBB  0BF4               	decfsz	??_Lcd_Init,f
  7705  1FBC  2FBB               	goto	u6307
  7706  1FBD  0BF5               	decfsz	??_Lcd_Init+1,f
  7707  1FBE  2FBB               	goto	u6307
  7708  1FBF  0000               	nop
  7709                           
  7710                           ;LCD.c: 55:     Lcd_Cmd(0x02);
  7711  1FC0  3002               	movlw	2
  7712  1FC1  160A  158A  229F  160A  158A  	fcall	_Lcd_Cmd
  7713                           
  7714                           ;LCD.c: 56:     Lcd_Cmd(0x08);
  7715  1FC6  3008               	movlw	8
  7716  1FC7  160A  158A  229F  160A  158A  	fcall	_Lcd_Cmd
  7717                           
  7718                           ;LCD.c: 57:     _delay((unsigned long)((5)*(20000000/4000.0)));
  7719  1FCC  3021               	movlw	33
  7720  1FCD  00F5               	movwf	??_Lcd_Init+1
  7721  1FCE  3076               	movlw	118
  7722  1FCF  00F4               	movwf	??_Lcd_Init
  7723  1FD0                     u6317:
  7724  1FD0  0BF4               	decfsz	??_Lcd_Init,f
  7725  1FD1  2FD0               	goto	u6317
  7726  1FD2  0BF5               	decfsz	??_Lcd_Init+1,f
  7727  1FD3  2FD0               	goto	u6317
  7728  1FD4  0000               	nop
  7729                           
  7730                           ;LCD.c: 58:     Lcd_Cmd(0x00);
  7731  1FD5  3000               	movlw	0
  7732  1FD6  160A  158A  229F  160A  158A  	fcall	_Lcd_Cmd
  7733                           
  7734                           ;LCD.c: 59:     Lcd_Cmd(0x0C);
  7735  1FDB  300C               	movlw	12
  7736  1FDC  160A  158A  229F  160A  158A  	fcall	_Lcd_Cmd
  7737                           
  7738                           ;LCD.c: 60:     _delay((unsigned long)((5)*(20000000/4000.0)));
  7739  1FE1  3021               	movlw	33
  7740  1FE2  00F5               	movwf	??_Lcd_Init+1
  7741  1FE3  3076               	movlw	118
  7742  1FE4  00F4               	movwf	??_Lcd_Init
  7743  1FE5                     u6327:
  7744  1FE5  0BF4               	decfsz	??_Lcd_Init,f
  7745  1FE6  2FE5               	goto	u6327
  7746  1FE7  0BF5               	decfsz	??_Lcd_Init+1,f
  7747  1FE8  2FE5               	goto	u6327
  7748  1FE9  0000               	nop
  7749                           
  7750                           ;LCD.c: 61:     Lcd_Cmd(0x00);
  7751  1FEA  3000               	movlw	0
  7752  1FEB  160A  158A  229F  160A  158A  	fcall	_Lcd_Cmd
  7753                           
  7754                           ;LCD.c: 62:     Lcd_Cmd(0x01);
  7755  1FF0  3001               	movlw	1
  7756  1FF1  160A  158A  229F  160A  158A  	fcall	_Lcd_Cmd
  7757                           
  7758                           ;LCD.c: 63:     _delay((unsigned long)((20)*(20000000/4000.0)));
  7759  1FF6  3082               	movlw	130
  7760  1FF7  00F5               	movwf	??_Lcd_Init+1
  7761  1FF8  30DD               	movlw	221
  7762  1FF9  00F4               	movwf	??_Lcd_Init
  7763  1FFA                     u6337:
  7764  1FFA  0BF4               	decfsz	??_Lcd_Init,f
  7765  1FFB  2FFA               	goto	u6337
  7766  1FFC  0BF5               	decfsz	??_Lcd_Init+1,f
  7767  1FFD  2FFA               	goto	u6337
  7768  1FFE  2FFF               	nop2
  7769  1FFF  0008               	return
  7770  2000                     __end_of_Lcd_Init:
  7771                           
  7772                           	psect	text26
  7773  1A35                     __ptext26:	
  7774 ;; *************** function _Lcd_Clear *****************
  7775 ;; Defined at:
  7776 ;;		line 19 in file "LCD.c"
  7777 ;; Parameters:    Size  Location     Type
  7778 ;;		None
  7779 ;; Auto vars:     Size  Location     Type
  7780 ;;		None
  7781 ;; Return value:  Size  Location     Type
  7782 ;;                  1    wreg      void 
  7783 ;; Registers used:
  7784 ;;		wreg, status,2, status,0, pclath, cstack
  7785 ;; Tracked objects:
  7786 ;;		On entry : 0/100
  7787 ;;		On exit  : 0/0
  7788 ;;		Unchanged: 0/0
  7789 ;; Data sizes:     COMMON   BANK0   BANK1   BANK3   BANK2
  7790 ;;      Params:         0       0       0       0       0
  7791 ;;      Locals:         0       0       0       0       0
  7792 ;;      Temps:          2       0       0       0       0
  7793 ;;      Totals:         2       0       0       0       0
  7794 ;;Total ram usage:        2 bytes
  7795 ;; Hardware stack levels used: 1
  7796 ;; Hardware stack levels required when called: 2
  7797 ;; This function calls:
  7798 ;;		_Lcd_Cmd
  7799 ;; This function is called by:
  7800 ;;		_main
  7801 ;; This function uses a non-reentrant model
  7802 ;;
  7803                           
  7804                           
  7805                           ;psect for function _Lcd_Clear
  7806  1A35                     _Lcd_Clear:
  7807                           
  7808                           ;LCD.c: 20:     Lcd_Cmd(0);
  7809                           
  7810                           ;incstack = 0
  7811                           ; Regs used in _Lcd_Clear: [wreg+status,2+status,0+pclath+cstack]
  7812  1A35  3000               	movlw	0
  7813  1A36  160A  158A  229F  160A  158A  	fcall	_Lcd_Cmd
  7814                           
  7815                           ;LCD.c: 21:     Lcd_Cmd(1);
  7816  1A3B  3001               	movlw	1
  7817  1A3C  160A  158A  229F  160A  158A  	fcall	_Lcd_Cmd
  7818                           
  7819                           ;LCD.c: 22:     _delay((unsigned long)((20)*(20000000/4000.0)));
  7820  1A41  3082               	movlw	130
  7821  1A42  00F5               	movwf	??_Lcd_Clear+1
  7822  1A43  30DD               	movlw	221
  7823  1A44  00F4               	movwf	??_Lcd_Clear
  7824  1A45                     u6347:
  7825  1A45  0BF4               	decfsz	??_Lcd_Clear,f
  7826  1A46  2A45               	goto	u6347
  7827  1A47  0BF5               	decfsz	??_Lcd_Clear+1,f
  7828  1A48  2A45               	goto	u6347
  7829  1A49  2A4A               	nop2
  7830  1A4A  0008               	return
  7831  1A4B                     __end_of_Lcd_Clear:
  7832                           
  7833                           	psect	text27
  7834  1A9F                     __ptext27:	
  7835 ;; *************** function _Lcd_Cmd *****************
  7836 ;; Defined at:
  7837 ;;		line 10 in file "LCD.c"
  7838 ;; Parameters:    Size  Location     Type
  7839 ;;  a               1    wreg     unsigned char 
  7840 ;; Auto vars:     Size  Location     Type
  7841 ;;  a               1    3[COMMON] unsigned char 
  7842 ;; Return value:  Size  Location     Type
  7843 ;;                  1    wreg      void 
  7844 ;; Registers used:
  7845 ;;		wreg, status,2, status,0, pclath, cstack
  7846 ;; Tracked objects:
  7847 ;;		On entry : 0/100
  7848 ;;		On exit  : 0/0
  7849 ;;		Unchanged: 0/0
  7850 ;; Data sizes:     COMMON   BANK0   BANK1   BANK3   BANK2
  7851 ;;      Params:         0       0       0       0       0
  7852 ;;      Locals:         1       0       0       0       0
  7853 ;;      Temps:          2       0       0       0       0
  7854 ;;      Totals:         3       0       0       0       0
  7855 ;;Total ram usage:        3 bytes
  7856 ;; Hardware stack levels used: 1
  7857 ;; Hardware stack levels required when called: 1
  7858 ;; This function calls:
  7859 ;;		_Lcd_Port
  7860 ;; This function is called by:
  7861 ;;		_Lcd_Clear
  7862 ;;		_Lcd_Set_Cursor
  7863 ;;		_Lcd_Init
  7864 ;; This function uses a non-reentrant model
  7865 ;;
  7866                           
  7867                           
  7868                           ;psect for function _Lcd_Cmd
  7869  1A9F                     _Lcd_Cmd:
  7870                           
  7871                           ;incstack = 0
  7872                           ; Regs used in _Lcd_Cmd: [wreg+status,2+status,0+pclath+cstack]
  7873                           ;Lcd_Cmd@a stored from wreg
  7874  1A9F  00F3               	movwf	Lcd_Cmd@a
  7875                           
  7876                           ;LCD.c: 11:     PORTDbits.RD2 = 0;
  7877  1AA0  1283               	bcf	3,5	;RP0=0, select bank0
  7878  1AA1  1303               	bcf	3,6	;RP1=0, select bank0
  7879  1AA2  1108               	bcf	8,2	;volatile
  7880                           
  7881                           ;LCD.c: 12:     Lcd_Port(a);
  7882  1AA3  0873               	movf	Lcd_Cmd@a,w
  7883  1AA4  160A  158A  221F  160A  158A  	fcall	_Lcd_Port
  7884                           
  7885                           ;LCD.c: 13:     PORTDbits.RD3 = 1;
  7886  1AA9  1588               	bsf	8,3	;volatile
  7887                           
  7888                           ;LCD.c: 14:     _delay((unsigned long)((4)*(20000000/4000.0)));
  7889  1AAA  301A               	movlw	26
  7890  1AAB  00F2               	movwf	??_Lcd_Cmd+1
  7891  1AAC  30F8               	movlw	248
  7892  1AAD  00F1               	movwf	??_Lcd_Cmd
  7893  1AAE                     u6357:
  7894  1AAE  0BF1               	decfsz	??_Lcd_Cmd,f
  7895  1AAF  2AAE               	goto	u6357
  7896  1AB0  0BF2               	decfsz	??_Lcd_Cmd+1,f
  7897  1AB1  2AAE               	goto	u6357
  7898  1AB2  0000               	nop
  7899                           
  7900                           ;LCD.c: 15:     PORTDbits.RD3 = 0;
  7901  1AB3  1283               	bcf	3,5	;RP0=0, select bank0
  7902  1AB4  1303               	bcf	3,6	;RP1=0, select bank0
  7903  1AB5  1188               	bcf	8,3	;volatile
  7904                           
  7905                           ;LCD.c: 16:     _delay((unsigned long)((4)*(20000000/4000.0)));
  7906  1AB6  301A               	movlw	26
  7907  1AB7  00F2               	movwf	??_Lcd_Cmd+1
  7908  1AB8  30F8               	movlw	248
  7909  1AB9  00F1               	movwf	??_Lcd_Cmd
  7910  1ABA                     u6367:
  7911  1ABA  0BF1               	decfsz	??_Lcd_Cmd,f
  7912  1ABB  2ABA               	goto	u6367
  7913  1ABC  0BF2               	decfsz	??_Lcd_Cmd+1,f
  7914  1ABD  2ABA               	goto	u6367
  7915  1ABE  0000               	nop
  7916  1ABF  0008               	return
  7917  1AC0                     __end_of_Lcd_Cmd:
  7918                           
  7919                           	psect	text28
  7920  1A1F                     __ptext28:	
  7921 ;; *************** function _Lcd_Port *****************
  7922 ;; Defined at:
  7923 ;;		line 3 in file "LCD.c"
  7924 ;; Parameters:    Size  Location     Type
  7925 ;;  a               1    wreg     unsigned char 
  7926 ;; Auto vars:     Size  Location     Type
  7927 ;;  a               1    0[COMMON] unsigned char 
  7928 ;; Return value:  Size  Location     Type
  7929 ;;                  1    wreg      void 
  7930 ;; Registers used:
  7931 ;;		wreg
  7932 ;; Tracked objects:
  7933 ;;		On entry : 300/800
  7934 ;;		On exit  : 300/0
  7935 ;;		Unchanged: 0/0
  7936 ;; Data sizes:     COMMON   BANK0   BANK1   BANK3   BANK2
  7937 ;;      Params:         0       0       0       0       0
  7938 ;;      Locals:         1       0       0       0       0
  7939 ;;      Temps:          0       0       0       0       0
  7940 ;;      Totals:         1       0       0       0       0
  7941 ;;Total ram usage:        1 bytes
  7942 ;; Hardware stack levels used: 1
  7943 ;; This function calls:
  7944 ;;		Nothing
  7945 ;; This function is called by:
  7946 ;;		_Lcd_Cmd
  7947 ;;		_Lcd_Write_Char
  7948 ;; This function uses a non-reentrant model
  7949 ;;
  7950                           
  7951                           
  7952                           ;psect for function _Lcd_Port
  7953  1A1F                     _Lcd_Port:
  7954                           
  7955                           ;incstack = 0
  7956                           ; Regs used in _Lcd_Port: [wreg]
  7957                           ;Lcd_Port@a stored from wreg
  7958  1A1F  00F0               	movwf	Lcd_Port@a
  7959                           
  7960                           ;LCD.c: 4:     if(a & 1) PORTDbits.RD4 = 1; else PORTDbits.RD4 = 0;
  7961  1A20  1C70               	btfss	Lcd_Port@a,0
  7962  1A21  2A24               	goto	l165
  7963  1A22  1608               	bsf	8,4	;volatile
  7964  1A23  2A25               	goto	l166
  7965  1A24                     l165:
  7966  1A24  1208               	bcf	8,4	;volatile
  7967  1A25                     l166:
  7968                           
  7969                           ;LCD.c: 5:     if(a & 2) PORTDbits.RD5 = 1; else PORTDbits.RD5 = 0;
  7970  1A25  1CF0               	btfss	Lcd_Port@a,1
  7971  1A26  2A29               	goto	l167
  7972  1A27  1688               	bsf	8,5	;volatile
  7973  1A28  2A2A               	goto	l168
  7974  1A29                     l167:
  7975  1A29  1288               	bcf	8,5	;volatile
  7976  1A2A                     l168:
  7977                           
  7978                           ;LCD.c: 6:     if(a & 4) PORTDbits.RD6 = 1; else PORTDbits.RD6 = 0;
  7979  1A2A  1D70               	btfss	Lcd_Port@a,2
  7980  1A2B  2A2E               	goto	l169
  7981  1A2C  1708               	bsf	8,6	;volatile
  7982  1A2D  2A2F               	goto	l170
  7983  1A2E                     l169:
  7984  1A2E  1308               	bcf	8,6	;volatile
  7985  1A2F                     l170:
  7986                           
  7987                           ;LCD.c: 7:     if(a & 8) PORTDbits.RD7 = 1; else PORTDbits.RD7 = 0;
  7988  1A2F  1DF0               	btfss	Lcd_Port@a,3
  7989  1A30  2A33               	goto	l171
  7990  1A31  1788               	bsf	8,7	;volatile
  7991  1A32  0008               	return
  7992  1A33                     l171:
  7993  1A33  1388               	bcf	8,7	;volatile
  7994  1A34  0008               	return
  7995  1A35                     __end_of_Lcd_Port:
  7996                           
  7997                           	psect	text29
  7998  19BC                     __ptext29:	
  7999 ;; *************** function _FAT32_Init *****************
  8000 ;; Defined at:
  8001 ;;		line 7 in file "FAT32_Simple.c"
  8002 ;; Parameters:    Size  Location     Type
  8003 ;;		None
  8004 ;; Auto vars:     Size  Location     Type
  8005 ;;		None
  8006 ;; Return value:  Size  Location     Type
  8007 ;;                  1    wreg      unsigned char 
  8008 ;; Registers used:
  8009 ;;		wreg
  8010 ;; Tracked objects:
  8011 ;;		On entry : 0/100
  8012 ;;		On exit  : 300/100
  8013 ;;		Unchanged: 0/0
  8014 ;; Data sizes:     COMMON   BANK0   BANK1   BANK3   BANK2
  8015 ;;      Params:         0       0       0       0       0
  8016 ;;      Locals:         0       0       0       0       0
  8017 ;;      Temps:          0       0       0       0       0
  8018 ;;      Totals:         0       0       0       0       0
  8019 ;;Total ram usage:        0 bytes
  8020 ;; Hardware stack levels used: 1
  8021 ;; This function calls:
  8022 ;;		Nothing
  8023 ;; This function is called by:
  8024 ;;		_main
  8025 ;; This function uses a non-reentrant model
  8026 ;;
  8027                           
  8028                           
  8029                           ;psect for function _FAT32_Init
  8030  19BC                     _FAT32_Init:
  8031                           
  8032                           ;FAT32_Simple.c: 8:     data_sector = 1000;
  8033                           
  8034                           ;incstack = 0
  8035                           ; Regs used in _FAT32_Init: [wreg]
  8036  19BC  3000               	movlw	0
  8037  19BD  1683               	bsf	3,5	;RP0=1, select bank1
  8038  19BE  1303               	bcf	3,6	;RP1=0, select bank1
  8039  19BF  00EB               	movwf	(_data_sector+3)^(0+128)
  8040  19C0  3000               	movlw	0
  8041  19C1  00EA               	movwf	(_data_sector+2)^(0+128)
  8042  19C2  3003               	movlw	3
  8043  19C3  00E9               	movwf	(_data_sector+1)^(0+128)
  8044  19C4  30E8               	movlw	232
  8045  19C5  00E8               	movwf	_data_sector^(0+128)
  8046                           
  8047                           ;FAT32_Simple.c: 9:     return 1;
  8048  19C6  3001               	movlw	1
  8049  19C7  0008               	return
  8050  19C8                     __end_of_FAT32_Init:
  8051                           
  8052                           	psect	text30
  8053  1D28                     __ptext30:	
  8054 ;; *************** function _FAT32_AppendLine *****************
  8055 ;; Defined at:
  8056 ;;		line 13 in file "FAT32_Simple.c"
  8057 ;; Parameters:    Size  Location     Type
  8058 ;;  filename        1    wreg     PTR const unsigned char 
  8059 ;;		 -> STR_20(9), STR_16(9), 
  8060 ;;  line            2   12[COMMON] PTR const unsigned char 
  8061 ;;		 -> csv(40), STR_17(22), 
  8062 ;; Auto vars:     Size  Location     Type
  8063 ;;  filename        1   21[BANK0 ] PTR const unsigned char 
  8064 ;;		 -> STR_20(9), STR_16(9), 
  8065 ;;  len             1   22[BANK0 ] unsigned char 
  8066 ;; Return value:  Size  Location     Type
  8067 ;;                  1    wreg      unsigned char 
  8068 ;; Registers used:
  8069 ;;		wreg, fsr0l, fsr0h, status,2, status,0, btemp+1, pclath, cstack
  8070 ;; Tracked objects:
  8071 ;;		On entry : 0/100
  8072 ;;		On exit  : 300/100
  8073 ;;		Unchanged: 0/0
  8074 ;; Data sizes:     COMMON   BANK0   BANK1   BANK3   BANK2
  8075 ;;      Params:         2       0       0       0       0
  8076 ;;      Locals:         0       2       0       0       0
  8077 ;;      Temps:          0       1       0       0       0
  8078 ;;      Totals:         2       3       0       0       0
  8079 ;;Total ram usage:        5 bytes
  8080 ;; Hardware stack levels used: 1
  8081 ;; Hardware stack levels required when called: 3
  8082 ;; This function calls:
  8083 ;;		_SD_WriteBytes
  8084 ;; This function is called by:
  8085 ;;		_main
  8086 ;; This function uses a non-reentrant model
  8087 ;;
  8088                           
  8089                           
  8090                           ;psect for function _FAT32_AppendLine
  8091  1D28                     _FAT32_AppendLine:
  8092                           
  8093                           ;FAT32_Simple.c: 14:     uint8_t len = 0;
  8094                           
  8095                           ;incstack = 0
  8096                           ; Regs used in _FAT32_AppendLine: [wreg-fsr0h+status,2+status,0+btemp+1+pclath+cstack]
  8097  1D28  1283               	bcf	3,5	;RP0=0, select bank0
  8098  1D29  1303               	bcf	3,6	;RP1=0, select bank0
  8099  1D2A  01B6               	clrf	FAT32_AppendLine@len
  8100                           
  8101                           ;FAT32_Simple.c: 17:     while(line[len] && len < 50) len++;
  8102  1D2B  2D34               	goto	l4281
  8103  1D2C                     l4283:
  8104  1D2C  3032               	movlw	50
  8105  1D2D  0236               	subwf	FAT32_AppendLine@len,w
  8106  1D2E  1803               	btfsc	3,0
  8107  1D2F  2D43               	goto	l4285
  8108  1D30  3001               	movlw	1
  8109  1D31  00B4               	movwf	??_FAT32_AppendLine
  8110  1D32  0834               	movf	??_FAT32_AppendLine,w
  8111  1D33  07B6               	addwf	FAT32_AppendLine@len,f
  8112  1D34                     l4281:
  8113  1D34  0836               	movf	FAT32_AppendLine@len,w
  8114  1D35  077C               	addwf	FAT32_AppendLine@line,w
  8115  1D36  0084               	movwf	4
  8116  1D37  087D               	movf	FAT32_AppendLine@line+1,w
  8117  1D38  1803               	skipnc
  8118  1D39  0A7D               	incf	FAT32_AppendLine@line+1,w
  8119  1D3A  00FF               	movwf	127
  8120  1D3B  120A  158A  2000  160A  158A  	fcall	stringtab
  8121  1D40  3A00               	xorlw	0
  8122  1D41  1D03               	btfss	3,2
  8123  1D42  2D2C               	goto	l4283
  8124  1D43                     l4285:
  8125                           
  8126                           ;FAT32_Simple.c: 20:     SD_WriteBytes(data_sector, 0, (uint8_t*)line, len);
  8127  1D43  1683               	bsf	3,5	;RP0=1, select bank1
  8128  1D44  086B               	movf	(_data_sector+3)^(0+128),w
  8129  1D45  1283               	bcf	3,5	;RP0=0, select bank0
  8130  1D46  00A7               	movwf	SD_WriteBytes@sector+3
  8131  1D47  1683               	bsf	3,5	;RP0=1, select bank1
  8132  1D48  086A               	movf	(_data_sector+2)^(0+128),w
  8133  1D49  1283               	bcf	3,5	;RP0=0, select bank0
  8134  1D4A  00A6               	movwf	SD_WriteBytes@sector+2
  8135  1D4B  1683               	bsf	3,5	;RP0=1, select bank1
  8136  1D4C  0869               	movf	(_data_sector+1)^(0+128),w
  8137  1D4D  1283               	bcf	3,5	;RP0=0, select bank0
  8138  1D4E  00A5               	movwf	SD_WriteBytes@sector+1
  8139  1D4F  1683               	bsf	3,5	;RP0=1, select bank1
  8140  1D50  0868               	movf	_data_sector^(0+128),w
  8141  1D51  1283               	bcf	3,5	;RP0=0, select bank0
  8142  1D52  00A4               	movwf	SD_WriteBytes@sector
  8143  1D53  3000               	movlw	0
  8144  1D54  00A8               	movwf	SD_WriteBytes@offset
  8145  1D55  00A9               	movwf	SD_WriteBytes@offset+1
  8146  1D56  087C               	movf	FAT32_AppendLine@line,w
  8147  1D57  00AA               	movwf	SD_WriteBytes@buf
  8148  1D58  087D               	movf	FAT32_AppendLine@line+1,w
  8149  1D59  00AB               	movwf	SD_WriteBytes@buf+1
  8150  1D5A  0836               	movf	FAT32_AppendLine@len,w
  8151  1D5B  00B4               	movwf	??_FAT32_AppendLine
  8152  1D5C  0834               	movf	??_FAT32_AppendLine,w
  8153  1D5D  00AC               	movwf	SD_WriteBytes@len
  8154  1D5E  160A  118A  23BA   	fcall	_SD_WriteBytes
  8155                           
  8156                           ;FAT32_Simple.c: 23:     data_sector++;
  8157  1D61  3001               	movlw	1
  8158  1D62  1683               	bsf	3,5	;RP0=1, select bank1
  8159  1D63  1303               	bcf	3,6	;RP1=0, select bank1
  8160  1D64  07E8               	addwf	_data_sector^(0+128),f
  8161  1D65  3000               	movlw	0
  8162  1D66  1803               	skipnc
  8163  1D67  3001               	movlw	1
  8164  1D68  07E9               	addwf	(_data_sector+1)^(0+128),f
  8165  1D69  3000               	movlw	0
  8166  1D6A  1803               	skipnc
  8167  1D6B  3001               	movlw	1
  8168  1D6C  07EA               	addwf	(_data_sector+2)^(0+128),f
  8169  1D6D  3000               	movlw	0
  8170  1D6E  1803               	skipnc
  8171  1D6F  3001               	movlw	1
  8172  1D70  07EB               	addwf	(_data_sector+3)^(0+128),f
  8173                           
  8174                           ;FAT32_Simple.c: 25:     return 1;
  8175  1D71  3001               	movlw	1
  8176  1D72  0008               	return
  8177  1D73                     __end_of_FAT32_AppendLine:
  8178                           
  8179                           	psect	text31
  8180  13BA                     __ptext31:	
  8181 ;; *************** function _SD_WriteBytes *****************
  8182 ;; Defined at:
  8183 ;;		line 115 in file "SD_SPI.c"
  8184 ;; Parameters:    Size  Location     Type
  8185 ;;  sector          4    4[BANK0 ] unsigned long 
  8186 ;;  offset          2    8[BANK0 ] unsigned int 
  8187 ;;  buf             2   10[BANK0 ] PTR unsigned char 
  8188 ;;		 -> csv(40), STR_17(22), 
  8189 ;;  len             1   12[BANK0 ] unsigned char 
  8190 ;; Auto vars:     Size  Location     Type
  8191 ;;  i               2   18[BANK0 ] unsigned int 
  8192 ;;  resp            1   17[BANK0 ] unsigned char 
  8193 ;;  data_byte       1   16[BANK0 ] unsigned char 
  8194 ;; Return value:  Size  Location     Type
  8195 ;;                  1    wreg      void 
  8196 ;; Registers used:
  8197 ;;		wreg, fsr0l, fsr0h, status,2, status,0, btemp+1, pclath, cstack
  8198 ;; Tracked objects:
  8199 ;;		On entry : 300/0
  8200 ;;		On exit  : 0/0
  8201 ;;		Unchanged: 0/0
  8202 ;; Data sizes:     COMMON   BANK0   BANK1   BANK3   BANK2
  8203 ;;      Params:         0       9       0       0       0
  8204 ;;      Locals:         0       4       0       0       0
  8205 ;;      Temps:          0       3       0       0       0
  8206 ;;      Totals:         0      16       0       0       0
  8207 ;;Total ram usage:       16 bytes
  8208 ;; Hardware stack levels used: 1
  8209 ;; Hardware stack levels required when called: 2
  8210 ;; This function calls:
  8211 ;;		_SD_Cmd
  8212 ;;		_SD_SPI_Transfer
  8213 ;; This function is called by:
  8214 ;;		_FAT32_AppendLine
  8215 ;; This function uses a non-reentrant model
  8216 ;;
  8217                           
  8218                           
  8219                           ;psect for function _SD_WriteBytes
  8220  13BA                     _SD_WriteBytes:
  8221                           
  8222                           ;SD_SPI.c: 116:     uint16_t i;;SD_SPI.c: 117:     uint8_t resp, data_byte;;SD_SPI.c: 12
      +                          0:     PORTBbits.RB0 = 1;
  8223                           
  8224                           ;incstack = 0
  8225                           ; Regs used in _SD_WriteBytes: [wreg-fsr0h+status,2+status,0+btemp+1+pclath+cstack]
  8226  13BA  1406               	bsf	6,0	;volatile
  8227                           
  8228                           ;SD_SPI.c: 121:     SD_SPI_Transfer(0xFF);
  8229  13BB  30FF               	movlw	255
  8230  13BC  160A  158A  23D8  160A  118A  	fcall	_SD_SPI_Transfer
  8231                           
  8232                           ;SD_SPI.c: 122:     _delay((unsigned long)((1)*(20000000/4000.0)));
  8233  13C1  3007               	movlw	7
  8234  13C2  1283               	bcf	3,5	;RP0=0, select bank0
  8235  13C3  1303               	bcf	3,6	;RP1=0, select bank0
  8236  13C4  00AE               	movwf	??_SD_WriteBytes+1
  8237  13C5  307C               	movlw	124
  8238  13C6  00AD               	movwf	??_SD_WriteBytes
  8239  13C7                     u6377:
  8240  13C7  0BAD               	decfsz	??_SD_WriteBytes,f
  8241  13C8  2BC7               	goto	u6377
  8242  13C9  0BAE               	decfsz	??_SD_WriteBytes+1,f
  8243  13CA  2BC7               	goto	u6377
  8244  13CB  0000               	nop
  8245                           
  8246                           ;SD_SPI.c: 125:     PORTBbits.RB0 = 0;
  8247  13CC  1283               	bcf	3,5	;RP0=0, select bank0
  8248  13CD  1303               	bcf	3,6	;RP1=0, select bank0
  8249  13CE  1006               	bcf	6,0	;volatile
  8250                           
  8251                           ;SD_SPI.c: 126:     _delay((unsigned long)((1)*(20000000/4000.0)));
  8252  13CF  3007               	movlw	7
  8253  13D0  1283               	bcf	3,5	;RP0=0, select bank0
  8254  13D1  1303               	bcf	3,6	;RP1=0, select bank0
  8255  13D2  00AE               	movwf	??_SD_WriteBytes+1
  8256  13D3  307C               	movlw	124
  8257  13D4  00AD               	movwf	??_SD_WriteBytes
  8258  13D5                     u6387:
  8259  13D5  0BAD               	decfsz	??_SD_WriteBytes,f
  8260  13D6  2BD5               	goto	u6387
  8261  13D7  0BAE               	decfsz	??_SD_WriteBytes+1,f
  8262  13D8  2BD5               	goto	u6387
  8263  13D9  0000               	nop
  8264                           
  8265                           ;SD_SPI.c: 129:     resp = SD_Cmd(0x18, sector);
  8266  13DA  1283               	bcf	3,5	;RP0=0, select bank0
  8267  13DB  1303               	bcf	3,6	;RP1=0, select bank0
  8268  13DC  0827               	movf	SD_WriteBytes@sector+3,w
  8269  13DD  00FA               	movwf	SD_Cmd@arg+3
  8270  13DE  0826               	movf	SD_WriteBytes@sector+2,w
  8271  13DF  00F9               	movwf	SD_Cmd@arg+2
  8272  13E0  0825               	movf	SD_WriteBytes@sector+1,w
  8273  13E1  00F8               	movwf	SD_Cmd@arg+1
  8274  13E2  0824               	movf	SD_WriteBytes@sector,w
  8275  13E3  00F7               	movwf	SD_Cmd@arg
  8276  13E4  3018               	movlw	24
  8277  13E5  160A  158A  25BE  160A  118A  	fcall	_SD_Cmd
  8278  13EA  00AD               	movwf	??_SD_WriteBytes
  8279  13EB  082D               	movf	??_SD_WriteBytes,w
  8280  13EC  00B1               	movwf	SD_WriteBytes@resp
  8281                           
  8282                           ;SD_SPI.c: 130:     if(resp != 0x00){
  8283  13ED  0831               	movf	SD_WriteBytes@resp,w
  8284  13EE  1903               	btfsc	3,2
  8285  13EF  2BF6               	goto	l3609
  8286                           
  8287                           ;SD_SPI.c: 131:         PORTBbits.RB0 = 1;
  8288  13F0  1406               	bsf	6,0	;volatile
  8289                           
  8290                           ;SD_SPI.c: 132:         SD_SPI_Transfer(0xFF);
  8291  13F1  30FF               	movlw	255
  8292  13F2  160A  158A  23D8   	fcall	_SD_SPI_Transfer
  8293  13F5  0008               	return
  8294  13F6                     l3609:
  8295                           
  8296                           ;SD_SPI.c: 137:     _delay((unsigned long)((1)*(20000000/4000.0)));
  8297  13F6  3007               	movlw	7
  8298  13F7  1283               	bcf	3,5	;RP0=0, select bank0
  8299  13F8  1303               	bcf	3,6	;RP1=0, select bank0
  8300  13F9  00AE               	movwf	??_SD_WriteBytes+1
  8301  13FA  307C               	movlw	124
  8302  13FB  00AD               	movwf	??_SD_WriteBytes
  8303  13FC                     u6397:
  8304  13FC  0BAD               	decfsz	??_SD_WriteBytes,f
  8305  13FD  2BFC               	goto	u6397
  8306  13FE  0BAE               	decfsz	??_SD_WriteBytes+1,f
  8307  13FF  2BFC               	goto	u6397
  8308  1400  0000               	nop
  8309                           
  8310                           ;SD_SPI.c: 140:     SD_SPI_Transfer(0xFE);
  8311  1401  30FE               	movlw	254
  8312  1402  160A  158A  23D8  160A  118A  	fcall	_SD_SPI_Transfer
  8313                           
  8314                           ;SD_SPI.c: 143:     for(i = 0; i < 512; i++){
  8315  1407  1283               	bcf	3,5	;RP0=0, select bank0
  8316  1408  1303               	bcf	3,6	;RP1=0, select bank0
  8317  1409  01B2               	clrf	SD_WriteBytes@i
  8318  140A  01B3               	clrf	SD_WriteBytes@i+1
  8319  140B                     l3619:
  8320                           
  8321                           ;SD_SPI.c: 144:         if(i >= offset && i < (offset + len)){
  8322  140B  0829               	movf	SD_WriteBytes@offset+1,w
  8323  140C  0233               	subwf	SD_WriteBytes@i+1,w
  8324  140D  1D03               	skipz
  8325  140E  2C11               	goto	u4625
  8326  140F  0828               	movf	SD_WriteBytes@offset,w
  8327  1410  0232               	subwf	SD_WriteBytes@i,w
  8328  1411                     u4625:
  8329  1411  1C03               	skipc
  8330  1412  2C3A               	goto	l3627
  8331  1413  082C               	movf	SD_WriteBytes@len,w
  8332  1414  0728               	addwf	SD_WriteBytes@offset,w
  8333  1415  00AD               	movwf	??_SD_WriteBytes
  8334  1416  0829               	movf	SD_WriteBytes@offset+1,w
  8335  1417  1803               	skipnc
  8336  1418  0A29               	incf	SD_WriteBytes@offset+1,w
  8337  1419  00AE               	movwf	??_SD_WriteBytes+1
  8338  141A  082E               	movf	??_SD_WriteBytes+1,w
  8339  141B  0233               	subwf	SD_WriteBytes@i+1,w
  8340  141C  1D03               	skipz
  8341  141D  2C20               	goto	u4635
  8342  141E  082D               	movf	??_SD_WriteBytes,w
  8343  141F  0232               	subwf	SD_WriteBytes@i,w
  8344  1420                     u4635:
  8345  1420  1803               	skipnc
  8346  1421  2C3A               	goto	l3627
  8347                           
  8348                           ;SD_SPI.c: 146:             data_byte = buf[i - offset];
  8349  1422  082B               	movf	SD_WriteBytes@buf+1,w
  8350  1423  00AE               	movwf	??_SD_WriteBytes+1
  8351  1424  0828               	movf	SD_WriteBytes@offset,w
  8352  1425  022A               	subwf	SD_WriteBytes@buf,w
  8353  1426  00AD               	movwf	??_SD_WriteBytes
  8354  1427  1C03               	skipc
  8355  1428  03AE               	decf	??_SD_WriteBytes+1,f
  8356  1429  0832               	movf	SD_WriteBytes@i,w
  8357  142A  072D               	addwf	??_SD_WriteBytes,w
  8358  142B  0084               	movwf	4
  8359  142C  082E               	movf	??_SD_WriteBytes+1,w
  8360  142D  1803               	skipnc
  8361  142E  0A2E               	incf	??_SD_WriteBytes+1,w
  8362  142F  00FF               	movwf	127
  8363  1430  120A  158A  2000  160A  118A  	fcall	stringtab
  8364  1435  00AF               	movwf	??_SD_WriteBytes+2
  8365  1436  082F               	movf	??_SD_WriteBytes+2,w
  8366  1437  00B0               	movwf	SD_WriteBytes@data_byte
  8367                           
  8368                           ;SD_SPI.c: 147:             SD_SPI_Transfer(data_byte);
  8369  1438  0830               	movf	SD_WriteBytes@data_byte,w
  8370  1439  2C3B               	goto	L7
  8371  143A                     l3627:	
  8372                           ;SD_SPI.c: 148:         } else {
  8373                           
  8374                           
  8375                           ;SD_SPI.c: 150:             SD_SPI_Transfer(0xFF);
  8376  143A  30FF               	movlw	255
  8377  143B                     L7:
  8378  143B  160A  158A  23D8  160A  118A  	fcall	_SD_SPI_Transfer
  8379                           
  8380                           ;SD_SPI.c: 152:     }
  8381  1440  3001               	movlw	1
  8382  1441  1283               	bcf	3,5	;RP0=0, select bank0
  8383  1442  1303               	bcf	3,6	;RP1=0, select bank0
  8384  1443  07B2               	addwf	SD_WriteBytes@i,f
  8385  1444  1803               	skipnc
  8386  1445  0AB3               	incf	SD_WriteBytes@i+1,f
  8387  1446  3000               	movlw	0
  8388  1447  07B3               	addwf	SD_WriteBytes@i+1,f
  8389  1448  3002               	movlw	2
  8390  1449  0233               	subwf	SD_WriteBytes@i+1,w
  8391  144A  3000               	movlw	0
  8392  144B  1903               	skipnz
  8393  144C  0232               	subwf	SD_WriteBytes@i,w
  8394  144D  1C03               	skipc
  8395  144E  2C0B               	goto	l3619
  8396                           
  8397                           ;SD_SPI.c: 155:     SD_SPI_Transfer(0xFF);
  8398  144F  30FF               	movlw	255
  8399  1450  160A  158A  23D8  160A  118A  	fcall	_SD_SPI_Transfer
  8400                           
  8401                           ;SD_SPI.c: 156:     SD_SPI_Transfer(0xFF);
  8402  1455  30FF               	movlw	255
  8403  1456  160A  158A  23D8  160A  118A  	fcall	_SD_SPI_Transfer
  8404                           
  8405                           ;SD_SPI.c: 159:     resp = SD_SPI_Transfer(0xFF);
  8406  145B  30FF               	movlw	255
  8407  145C  160A  158A  23D8  160A  118A  	fcall	_SD_SPI_Transfer
  8408  1461  1283               	bcf	3,5	;RP0=0, select bank0
  8409  1462  1303               	bcf	3,6	;RP1=0, select bank0
  8410  1463  00AD               	movwf	??_SD_WriteBytes
  8411  1464  082D               	movf	??_SD_WriteBytes,w
  8412  1465  00B1               	movwf	SD_WriteBytes@resp
  8413                           
  8414                           ;SD_SPI.c: 163:     if((resp & 0x1F) != 0x05){
  8415  1466  301F               	movlw	31
  8416  1467  0531               	andwf	SD_WriteBytes@resp,w
  8417  1468  00AD               	movwf	??_SD_WriteBytes
  8418  1469  3005               	movlw	5
  8419  146A  062D               	xorwf	??_SD_WriteBytes,w
  8420  146B  1903               	btfsc	3,2
  8421  146C  2C73               	goto	l3643
  8422                           
  8423                           ;SD_SPI.c: 164:         PORTBbits.RB0 = 1;
  8424  146D  1406               	bsf	6,0	;volatile
  8425                           
  8426                           ;SD_SPI.c: 165:         SD_SPI_Transfer(0xFF);
  8427  146E  30FF               	movlw	255
  8428  146F  160A  158A  23D8   	fcall	_SD_SPI_Transfer
  8429  1472  0008               	return
  8430  1473                     l3643:
  8431                           
  8432                           ;SD_SPI.c: 171:     i = 0;
  8433  1473  01B2               	clrf	SD_WriteBytes@i
  8434  1474  01B3               	clrf	SD_WriteBytes@i+1
  8435  1475                     l325:	
  8436                           ;SD_SPI.c: 178:     }
  8437                           
  8438                           ;SD_SPI.c: 172:     while(i < 60000){
  8439                           
  8440                           
  8441                           ;SD_SPI.c: 172:     while(i < 60000){
  8442  1475  30EA               	movlw	234
  8443  1476  0233               	subwf	SD_WriteBytes@i+1,w
  8444  1477  3060               	movlw	96
  8445  1478  1903               	skipnz
  8446  1479  0232               	subwf	SD_WriteBytes@i,w
  8447  147A  1803               	btfsc	3,0
  8448  147B  2C91               	goto	l328
  8449                           
  8450                           ;SD_SPI.c: 173:         resp = SD_SPI_Transfer(0xFF);
  8451  147C  30FF               	movlw	255
  8452  147D  160A  158A  23D8  160A  118A  	fcall	_SD_SPI_Transfer
  8453  1482  1283               	bcf	3,5	;RP0=0, select bank0
  8454  1483  1303               	bcf	3,6	;RP1=0, select bank0
  8455  1484  00AD               	movwf	??_SD_WriteBytes
  8456  1485  082D               	movf	??_SD_WriteBytes,w
  8457  1486  00B1               	movwf	SD_WriteBytes@resp
  8458                           
  8459                           ;SD_SPI.c: 174:         if(resp != 0x00){
  8460  1487  0831               	movf	SD_WriteBytes@resp,w
  8461  1488  1D03               	btfss	3,2
  8462  1489  2C91               	goto	l328
  8463                           
  8464                           ;SD_SPI.c: 177:         i++;
  8465  148A  3001               	movlw	1
  8466  148B  07B2               	addwf	SD_WriteBytes@i,f
  8467  148C  1803               	skipnc
  8468  148D  0AB3               	incf	SD_WriteBytes@i+1,f
  8469  148E  3000               	movlw	0
  8470  148F  07B3               	addwf	SD_WriteBytes@i+1,f
  8471  1490  2C75               	goto	l325
  8472  1491                     l328:
  8473                           
  8474                           ;SD_SPI.c: 181:     PORTBbits.RB0 = 1;
  8475  1491  1406               	bsf	6,0	;volatile
  8476                           
  8477                           ;SD_SPI.c: 182:     SD_SPI_Transfer(0xFF);
  8478  1492  30FF               	movlw	255
  8479  1493  160A  158A  23D8  160A  118A  	fcall	_SD_SPI_Transfer
  8480                           
  8481                           ;SD_SPI.c: 183:     _delay((unsigned long)((20)*(20000000/4000.0)));
  8482  1498  3082               	movlw	130
  8483  1499  1283               	bcf	3,5	;RP0=0, select bank0
  8484  149A  1303               	bcf	3,6	;RP1=0, select bank0
  8485  149B  00AE               	movwf	??_SD_WriteBytes+1
  8486  149C  30DD               	movlw	221
  8487  149D  00AD               	movwf	??_SD_WriteBytes
  8488  149E                     u6407:
  8489  149E  0BAD               	decfsz	??_SD_WriteBytes,f
  8490  149F  2C9E               	goto	u6407
  8491  14A0  0BAE               	decfsz	??_SD_WriteBytes+1,f
  8492  14A1  2C9E               	goto	u6407
  8493  14A2  0008               	return
  8494  14A3                     __end_of_SD_WriteBytes:
  8495                           
  8496                           	psect	text32
  8497  1DBE                     __ptext32:	
  8498 ;; *************** function _SD_Cmd *****************
  8499 ;; Defined at:
  8500 ;;		line 30 in file "SD_SPI.c"
  8501 ;; Parameters:    Size  Location     Type
  8502 ;;  cmd             1    wreg     unsigned char 
  8503 ;;  arg             4    7[COMMON] unsigned long 
  8504 ;; Auto vars:     Size  Location     Type
  8505 ;;  cmd             1    3[BANK0 ] unsigned char 
  8506 ;;  i               1    2[BANK0 ] unsigned char 
  8507 ;;  r               1    1[BANK0 ] unsigned char 
  8508 ;;  crc             1    0[BANK0 ] unsigned char 
  8509 ;; Return value:  Size  Location     Type
  8510 ;;                  1    wreg      unsigned char 
  8511 ;; Registers used:
  8512 ;;		wreg, status,2, status,0, pclath, cstack
  8513 ;; Tracked objects:
  8514 ;;		On entry : 0/0
  8515 ;;		On exit  : 300/0
  8516 ;;		Unchanged: 0/0
  8517 ;; Data sizes:     COMMON   BANK0   BANK1   BANK3   BANK2
  8518 ;;      Params:         4       0       0       0       0
  8519 ;;      Locals:         0       4       0       0       0
  8520 ;;      Temps:          1       0       0       0       0
  8521 ;;      Totals:         5       4       0       0       0
  8522 ;;Total ram usage:        9 bytes
  8523 ;; Hardware stack levels used: 1
  8524 ;; Hardware stack levels required when called: 1
  8525 ;; This function calls:
  8526 ;;		_SD_SPI_Transfer
  8527 ;; This function is called by:
  8528 ;;		_SD_Init
  8529 ;;		_SD_WriteBytes
  8530 ;; This function uses a non-reentrant model
  8531 ;;
  8532                           
  8533                           
  8534                           ;psect for function _SD_Cmd
  8535  1DBE                     _SD_Cmd:
  8536                           
  8537                           ;incstack = 0
  8538                           ; Regs used in _SD_Cmd: [wreg+status,2+status,0+pclath+cstack]
  8539                           ;SD_Cmd@cmd stored from wreg
  8540  1DBE  1283               	bcf	3,5	;RP0=0, select bank0
  8541  1DBF  1303               	bcf	3,6	;RP1=0, select bank0
  8542  1DC0  00A3               	movwf	SD_Cmd@cmd
  8543                           
  8544                           ;SD_SPI.c: 31:     uint8_t r, i, crc = 0xFF;
  8545  1DC1  30FF               	movlw	255
  8546  1DC2  00FB               	movwf	??_SD_Cmd
  8547  1DC3  087B               	movf	??_SD_Cmd,w
  8548  1DC4  00A0               	movwf	SD_Cmd@crc
  8549                           
  8550                           ;SD_SPI.c: 32:     if(cmd == 0x00) crc = 0x95;
  8551  1DC5  0823               	movf	SD_Cmd@cmd,w
  8552  1DC6  1D03               	btfss	3,2
  8553  1DC7  2DCC               	goto	l2937
  8554  1DC8  3095               	movlw	149
  8555  1DC9  00FB               	movwf	??_SD_Cmd
  8556  1DCA  087B               	movf	??_SD_Cmd,w
  8557  1DCB  00A0               	movwf	SD_Cmd@crc
  8558  1DCC                     l2937:
  8559                           
  8560                           ;SD_SPI.c: 33:     if(cmd == 0x08) crc = 0x87;
  8561  1DCC  3008               	movlw	8
  8562  1DCD  0623               	xorwf	SD_Cmd@cmd,w
  8563  1DCE  1D03               	btfss	3,2
  8564  1DCF  2DD4               	goto	l2941
  8565  1DD0  3087               	movlw	135
  8566  1DD1  00FB               	movwf	??_SD_Cmd
  8567  1DD2  087B               	movf	??_SD_Cmd,w
  8568  1DD3  00A0               	movwf	SD_Cmd@crc
  8569  1DD4                     l2941:
  8570                           
  8571                           ;SD_SPI.c: 38:     SD_SPI_Transfer(0xFF);
  8572  1DD4  30FF               	movlw	255
  8573  1DD5  160A  158A  23D8  160A  158A  	fcall	_SD_SPI_Transfer
  8574                           
  8575                           ;SD_SPI.c: 40:     SD_SPI_Transfer(cmd | 0x40);
  8576  1DDA  1283               	bcf	3,5	;RP0=0, select bank0
  8577  1DDB  1303               	bcf	3,6	;RP1=0, select bank0
  8578  1DDC  0823               	movf	SD_Cmd@cmd,w
  8579  1DDD  3840               	iorlw	64
  8580  1DDE  160A  158A  23D8  160A  158A  	fcall	_SD_SPI_Transfer
  8581                           
  8582                           ;SD_SPI.c: 41:     SD_SPI_Transfer((uint8_t)(arg >> 24));
  8583  1DE3  087A               	movf	SD_Cmd@arg+3,w
  8584  1DE4  160A  158A  23D8  160A  158A  	fcall	_SD_SPI_Transfer
  8585                           
  8586                           ;SD_SPI.c: 42:     SD_SPI_Transfer((uint8_t)(arg >> 16));
  8587  1DE9  0879               	movf	SD_Cmd@arg+2,w
  8588  1DEA  160A  158A  23D8  160A  158A  	fcall	_SD_SPI_Transfer
  8589                           
  8590                           ;SD_SPI.c: 43:     SD_SPI_Transfer((uint8_t)(arg >> 8));
  8591  1DEF  0878               	movf	SD_Cmd@arg+1,w
  8592  1DF0  160A  158A  23D8  160A  158A  	fcall	_SD_SPI_Transfer
  8593                           
  8594                           ;SD_SPI.c: 44:     SD_SPI_Transfer((uint8_t)arg);
  8595  1DF5  0877               	movf	SD_Cmd@arg,w
  8596  1DF6  160A  158A  23D8  160A  158A  	fcall	_SD_SPI_Transfer
  8597                           
  8598                           ;SD_SPI.c: 45:     SD_SPI_Transfer(crc);
  8599  1DFB  1283               	bcf	3,5	;RP0=0, select bank0
  8600  1DFC  1303               	bcf	3,6	;RP1=0, select bank0
  8601  1DFD  0820               	movf	SD_Cmd@crc,w
  8602  1DFE  160A  158A  23D8  160A  158A  	fcall	_SD_SPI_Transfer
  8603                           
  8604                           ;SD_SPI.c: 48:     for(i = 0; i < 10; i++){
  8605  1E03  1283               	bcf	3,5	;RP0=0, select bank0
  8606  1E04  1303               	bcf	3,6	;RP1=0, select bank0
  8607  1E05  01A2               	clrf	SD_Cmd@i
  8608  1E06                     l2961:
  8609                           
  8610                           ;SD_SPI.c: 49:         r = SD_SPI_Transfer(0xFF);
  8611  1E06  30FF               	movlw	255
  8612  1E07  160A  158A  23D8  160A  158A  	fcall	_SD_SPI_Transfer
  8613  1E0C  00FB               	movwf	??_SD_Cmd
  8614  1E0D  087B               	movf	??_SD_Cmd,w
  8615  1E0E  1283               	bcf	3,5	;RP0=0, select bank0
  8616  1E0F  1303               	bcf	3,6	;RP1=0, select bank0
  8617  1E10  00A1               	movwf	SD_Cmd@r
  8618                           
  8619                           ;SD_SPI.c: 50:         if(!(r & 0x80)) return r;
  8620  1E11  1BA1               	btfsc	SD_Cmd@r,7
  8621  1E12  2E15               	goto	l2969
  8622  1E13  0821               	movf	SD_Cmd@r,w
  8623  1E14  0008               	return
  8624  1E15                     l2969:
  8625                           
  8626                           ;SD_SPI.c: 51:     }
  8627  1E15  3001               	movlw	1
  8628  1E16  00FB               	movwf	??_SD_Cmd
  8629  1E17  087B               	movf	??_SD_Cmd,w
  8630  1E18  07A2               	addwf	SD_Cmd@i,f
  8631  1E19  300A               	movlw	10
  8632  1E1A  0222               	subwf	SD_Cmd@i,w
  8633  1E1B  1C03               	skipc
  8634  1E1C  2E06               	goto	l2961
  8635                           
  8636                           ;SD_SPI.c: 52:     return 0xFF;
  8637  1E1D  30FF               	movlw	255
  8638  1E1E  0008               	return
  8639  1E1F                     __end_of_SD_Cmd:
  8640                           
  8641                           	psect	text33
  8642  1BD8                     __ptext33:	
  8643 ;; *************** function _SD_SPI_Transfer *****************
  8644 ;; Defined at:
  8645 ;;		line 16 in file "SD_SPI.c"
  8646 ;; Parameters:    Size  Location     Type
  8647 ;;  data            1    wreg     unsigned char 
  8648 ;; Auto vars:     Size  Location     Type
  8649 ;;  data            1    4[COMMON] unsigned char 
  8650 ;;  result          1    6[COMMON] unsigned char 
  8651 ;;  i               1    5[COMMON] unsigned char 
  8652 ;; Return value:  Size  Location     Type
  8653 ;;                  1    wreg      unsigned char 
  8654 ;; Registers used:
  8655 ;;		wreg, status,2, status,0
  8656 ;; Tracked objects:
  8657 ;;		On entry : 0/0
  8658 ;;		On exit  : 0/0
  8659 ;;		Unchanged: 0/0
  8660 ;; Data sizes:     COMMON   BANK0   BANK1   BANK3   BANK2
  8661 ;;      Params:         0       0       0       0       0
  8662 ;;      Locals:         3       0       0       0       0
  8663 ;;      Temps:          4       0       0       0       0
  8664 ;;      Totals:         7       0       0       0       0
  8665 ;;Total ram usage:        7 bytes
  8666 ;; Hardware stack levels used: 1
  8667 ;; This function calls:
  8668 ;;		Nothing
  8669 ;; This function is called by:
  8670 ;;		_SD_Cmd
  8671 ;;		_SD_Init
  8672 ;;		_SD_WriteBytes
  8673 ;; This function uses a non-reentrant model
  8674 ;;
  8675                           
  8676                           
  8677                           ;psect for function _SD_SPI_Transfer
  8678  1BD8                     _SD_SPI_Transfer:
  8679                           
  8680                           ;incstack = 0
  8681                           ; Regs used in _SD_SPI_Transfer: [wreg+status,2+status,0]
  8682                           ;SD_SPI_Transfer@data stored from wreg
  8683  1BD8  00F4               	movwf	SD_SPI_Transfer@data
  8684                           
  8685                           ;SD_SPI.c: 17:     uint8_t i, result = 0;
  8686  1BD9  01F6               	clrf	SD_SPI_Transfer@result
  8687                           
  8688                           ;SD_SPI.c: 18:     for(i = 0; i < 8; i++){
  8689  1BDA  01F5               	clrf	SD_SPI_Transfer@i
  8690  1BDB                     l272:
  8691                           
  8692                           ;SD_SPI.c: 19:         PORTBbits.RB1 = (data & 0x80) ? 1 : 0;
  8693  1BDB  1FF4               	btfss	SD_SPI_Transfer@data,7
  8694  1BDC  2BE1               	goto	u3090
  8695  1BDD  1283               	bcf	3,5	;RP0=0, select bank0
  8696  1BDE  1303               	bcf	3,6	;RP1=0, select bank0
  8697  1BDF  1486               	bsf	6,1	;volatile
  8698  1BE0  2BE4               	goto	l2817
  8699  1BE1                     u3090:
  8700  1BE1  1283               	bcf	3,5	;RP0=0, select bank0
  8701  1BE2  1303               	bcf	3,6	;RP1=0, select bank0
  8702  1BE3  1086               	bcf	6,1	;volatile
  8703  1BE4                     l2817:
  8704                           
  8705                           ;SD_SPI.c: 20:         data <<= 1;
  8706  1BE4  1003               	clrc
  8707  1BE5  0DF4               	rlf	SD_SPI_Transfer@data,f
  8708                           
  8709                           ;SD_SPI.c: 21:         PORTBbits.RB3 = 1;
  8710  1BE6  1586               	bsf	6,3	;volatile
  8711                           
  8712                           ;SD_SPI.c: 22:         _delay((unsigned long)((1)*(20000000/4000000.0)));
  8713  1BE7  2BE8               	nop2	;2 cycle nop
  8714  1BE8  2BE9               	nop2	;2 cycle nop
  8715  1BE9  0000               	nop
  8716                           
  8717                           ;SD_SPI.c: 23:         result = (result << 1) | (PORTBbits.RB2 ? 1 : 0);
  8718  1BEA  1283               	bcf	3,5	;RP0=0, select bank0
  8719  1BEB  1303               	bcf	3,6	;RP1=0, select bank0
  8720  1BEC  0C06               	rrf	6,w	;volatile
  8721  1BED  00F0               	movwf	??_SD_SPI_Transfer
  8722  1BEE  0C70               	rrf	??_SD_SPI_Transfer,w
  8723  1BEF  3901               	andlw	1
  8724  1BF0  00F1               	movwf	??_SD_SPI_Transfer+1
  8725  1BF1  0876               	movf	SD_SPI_Transfer@result,w
  8726  1BF2  00F2               	movwf	??_SD_SPI_Transfer+2
  8727  1BF3  0772               	addwf	??_SD_SPI_Transfer+2,w
  8728  1BF4  0471               	iorwf	??_SD_SPI_Transfer+1,w
  8729  1BF5  00F3               	movwf	??_SD_SPI_Transfer+3
  8730  1BF6  0873               	movf	??_SD_SPI_Transfer+3,w
  8731  1BF7  00F6               	movwf	SD_SPI_Transfer@result
  8732                           
  8733                           ;SD_SPI.c: 24:         PORTBbits.RB3 = 0;
  8734  1BF8  1186               	bcf	6,3	;volatile
  8735                           
  8736                           ;SD_SPI.c: 25:         _delay((unsigned long)((1)*(20000000/4000000.0)));
  8737  1BF9  2BFA               	nop2	;2 cycle nop
  8738  1BFA  2BFB               	nop2	;2 cycle nop
  8739  1BFB  0000               	nop
  8740                           
  8741                           ;SD_SPI.c: 26:     }
  8742  1BFC  3001               	movlw	1
  8743  1BFD  00F0               	movwf	??_SD_SPI_Transfer
  8744  1BFE  0870               	movf	??_SD_SPI_Transfer,w
  8745  1BFF  07F5               	addwf	SD_SPI_Transfer@i,f
  8746  1C00  3008               	movlw	8
  8747  1C01  0275               	subwf	SD_SPI_Transfer@i,w
  8748  1C02  1C03               	skipc
  8749  1C03  2BDB               	goto	l272
  8750                           
  8751                           ;SD_SPI.c: 27:     return result;
  8752  1C04  0876               	movf	SD_SPI_Transfer@result,w
  8753  1C05  0008               	return
  8754  1C06                     __end_of_SD_SPI_Transfer:
  8755                           
  8756                           	psect	text34
  8757  1596                     __ptext34:	
  8758 ;; *************** function _DS3231_ReadTime *****************
  8759 ;; Defined at:
  8760 ;;		line 70 in file "DS3231.c"
  8761 ;; Parameters:    Size  Location     Type
  8762 ;;  time            1    wreg     PTR struct .
  8763 ;;		 -> main@t(7), 
  8764 ;; Auto vars:     Size  Location     Type
  8765 ;;  time            1   10[COMMON] PTR struct .
  8766 ;;		 -> main@t(7), 
  8767 ;;  r               1    9[COMMON] unsigned char 
  8768 ;; Return value:  Size  Location     Type
  8769 ;;                  1    wreg      unsigned char 
  8770 ;; Registers used:
  8771 ;;		wreg, fsr0l, fsr0h, status,2, status,0, pclath, cstack
  8772 ;; Tracked objects:
  8773 ;;		On entry : 0/100
  8774 ;;		On exit  : 800/0
  8775 ;;		Unchanged: 0/0
  8776 ;; Data sizes:     COMMON   BANK0   BANK1   BANK3   BANK2
  8777 ;;      Params:         0       0       0       0       0
  8778 ;;      Locals:         2       0       0       0       0
  8779 ;;      Temps:          1       0       0       0       0
  8780 ;;      Totals:         3       0       0       0       0
  8781 ;;Total ram usage:        3 bytes
  8782 ;; Hardware stack levels used: 1
  8783 ;; Hardware stack levels required when called: 3
  8784 ;; This function calls:
  8785 ;;		_DS3231_IsPresent
  8786 ;;		_I2C_Read
  8787 ;;		_I2C_Start
  8788 ;;		_I2C_Stop
  8789 ;;		_I2C_Write
  8790 ;;		_bcd2dec
  8791 ;;		_clr
  8792 ;; This function is called by:
  8793 ;;		_main
  8794 ;; This function uses a non-reentrant model
  8795 ;;
  8796                           
  8797                           
  8798                           ;psect for function _DS3231_ReadTime
  8799  1596                     _DS3231_ReadTime:
  8800                           
  8801                           ;incstack = 0
  8802                           ; Regs used in _DS3231_ReadTime: [wreg-fsr0h+status,2+status,0+pclath+cstack]
  8803                           ;DS3231_ReadTime@time stored from wreg
  8804  1596  00FA               	movwf	DS3231_ReadTime@time
  8805                           
  8806                           ;DS3231.c: 71:     uint8_t r;;DS3231.c: 73:     if(!DS3231_IsPresent()){ clr(time); retu
      +                          rn 0; }
  8807  1597  120A  158A  20AB  160A  118A  	fcall	_DS3231_IsPresent
  8808  159C  3A00               	xorlw	0
  8809  159D  1D03               	skipz
  8810  159E  2DA4               	goto	l4299
  8811  159F  087A               	movf	DS3231_ReadTime@time,w
  8812  15A0  160A  158A  2282   	fcall	_clr
  8813  15A3  0008               	return
  8814  15A4                     l4299:
  8815                           
  8816                           ;DS3231.c: 75:     I2C_Start();
  8817  15A4  160A  158A  224B  160A  118A  	fcall	_I2C_Start
  8818                           
  8819                           ;DS3231.c: 76:     if(!I2C_Write(0x68<<1)) { I2C_Stop(); clr(time); return 0; }
  8820  15A9  30D0               	movlw	208
  8821  15AA  160A  158A  24E5  160A  118A  	fcall	_I2C_Write
  8822  15AF  3A00               	xorlw	0
  8823  15B0  1D03               	skipz
  8824  15B1  2DBC               	goto	l4307
  8825  15B2  160A  158A  2266  160A  118A  	fcall	_I2C_Stop
  8826  15B7  087A               	movf	DS3231_ReadTime@time,w
  8827  15B8  160A  158A  2282   	fcall	_clr
  8828  15BB  0008               	return
  8829  15BC                     l4307:
  8830                           
  8831                           ;DS3231.c: 77:     if(!I2C_Write(0x00)) { I2C_Stop(); clr(time); return 0; }
  8832  15BC  3000               	movlw	0
  8833  15BD  160A  158A  24E5  160A  118A  	fcall	_I2C_Write
  8834  15C2  3A00               	xorlw	0
  8835  15C3  1D03               	skipz
  8836  15C4  2DCF               	goto	l4315
  8837  15C5  160A  158A  2266  160A  118A  	fcall	_I2C_Stop
  8838  15CA  087A               	movf	DS3231_ReadTime@time,w
  8839  15CB  160A  158A  2282   	fcall	_clr
  8840  15CE  0008               	return
  8841  15CF                     l4315:
  8842                           
  8843                           ;DS3231.c: 79:     I2C_Start();
  8844  15CF  160A  158A  224B  160A  118A  	fcall	_I2C_Start
  8845                           
  8846                           ;DS3231.c: 80:     if(!I2C_Write((0x68<<1)|1)) { I2C_Stop(); clr(time); return 0; }
  8847  15D4  30D1               	movlw	209
  8848  15D5  160A  158A  24E5  160A  118A  	fcall	_I2C_Write
  8849  15DA  3A00               	xorlw	0
  8850  15DB  1D03               	skipz
  8851  15DC  2DE7               	goto	l4323
  8852  15DD  160A  158A  2266  160A  118A  	fcall	_I2C_Stop
  8853  15E2  087A               	movf	DS3231_ReadTime@time,w
  8854  15E3  160A  158A  2282   	fcall	_clr
  8855  15E6  0008               	return
  8856  15E7                     l4323:
  8857                           
  8858                           ;DS3231.c: 82:     r = I2C_Read(1); time->seconds = bcd2dec(r & 0x7F);
  8859  15E7  3001               	movlw	1
  8860  15E8  160A  118A  2000  160A  118A  	fcall	_I2C_Read
  8861  15ED  00F8               	movwf	??_DS3231_ReadTime
  8862  15EE  0878               	movf	??_DS3231_ReadTime,w
  8863  15EF  00F9               	movwf	DS3231_ReadTime@r
  8864  15F0  0879               	movf	DS3231_ReadTime@r,w
  8865  15F1  397F               	andlw	127
  8866  15F2  160A  158A  2209  160A  118A  	fcall	_bcd2dec
  8867  15F7  00F8               	movwf	??_DS3231_ReadTime
  8868  15F8  087A               	movf	DS3231_ReadTime@time,w
  8869  15F9  0084               	movwf	4
  8870  15FA  0878               	movf	??_DS3231_ReadTime,w
  8871  15FB  1383               	bcf	3,7	;select IRP bank0
  8872  15FC  0080               	movwf	0
  8873                           
  8874                           ;DS3231.c: 83:     r = I2C_Read(1); time->minutes = bcd2dec(r & 0x7F);
  8875  15FD  3001               	movlw	1
  8876  15FE  160A  118A  2000  160A  118A  	fcall	_I2C_Read
  8877  1603  00F8               	movwf	??_DS3231_ReadTime
  8878  1604  0878               	movf	??_DS3231_ReadTime,w
  8879  1605  00F9               	movwf	DS3231_ReadTime@r
  8880  1606  0879               	movf	DS3231_ReadTime@r,w
  8881  1607  397F               	andlw	127
  8882  1608  160A  158A  2209  160A  118A  	fcall	_bcd2dec
  8883  160D  00F8               	movwf	??_DS3231_ReadTime
  8884  160E  0A7A               	incf	DS3231_ReadTime@time,w
  8885  160F  0084               	movwf	4
  8886  1610  0878               	movf	??_DS3231_ReadTime,w
  8887  1611  1383               	bcf	3,7	;select IRP bank0
  8888  1612  0080               	movwf	0
  8889                           
  8890                           ;DS3231.c: 84:     r = I2C_Read(1); time->hours = bcd2dec(r & 0x3F);
  8891  1613  3001               	movlw	1
  8892  1614  160A  118A  2000  160A  118A  	fcall	_I2C_Read
  8893  1619  00F8               	movwf	??_DS3231_ReadTime
  8894  161A  0878               	movf	??_DS3231_ReadTime,w
  8895  161B  00F9               	movwf	DS3231_ReadTime@r
  8896  161C  0879               	movf	DS3231_ReadTime@r,w
  8897  161D  393F               	andlw	63
  8898  161E  160A  158A  2209  160A  118A  	fcall	_bcd2dec
  8899  1623  00F8               	movwf	??_DS3231_ReadTime
  8900  1624  087A               	movf	DS3231_ReadTime@time,w
  8901  1625  3E02               	addlw	2
  8902  1626  0084               	movwf	4
  8903  1627  0878               	movf	??_DS3231_ReadTime,w
  8904  1628  1383               	bcf	3,7	;select IRP bank0
  8905  1629  0080               	movwf	0
  8906                           
  8907                           ;DS3231.c: 85:     r = I2C_Read(1); time->day = bcd2dec(r & 0x07);
  8908  162A  3001               	movlw	1
  8909  162B  160A  118A  2000  160A  118A  	fcall	_I2C_Read
  8910  1630  00F8               	movwf	??_DS3231_ReadTime
  8911  1631  0878               	movf	??_DS3231_ReadTime,w
  8912  1632  00F9               	movwf	DS3231_ReadTime@r
  8913  1633  0879               	movf	DS3231_ReadTime@r,w
  8914  1634  3907               	andlw	7
  8915  1635  160A  158A  2209  160A  118A  	fcall	_bcd2dec
  8916  163A  00F8               	movwf	??_DS3231_ReadTime
  8917  163B  087A               	movf	DS3231_ReadTime@time,w
  8918  163C  3E03               	addlw	3
  8919  163D  0084               	movwf	4
  8920  163E  0878               	movf	??_DS3231_ReadTime,w
  8921  163F  1383               	bcf	3,7	;select IRP bank0
  8922  1640  0080               	movwf	0
  8923                           
  8924                           ;DS3231.c: 86:     r = I2C_Read(1); time->date = bcd2dec(r & 0x3F);
  8925  1641  3001               	movlw	1
  8926  1642  160A  118A  2000  160A  118A  	fcall	_I2C_Read
  8927  1647  00F8               	movwf	??_DS3231_ReadTime
  8928  1648  0878               	movf	??_DS3231_ReadTime,w
  8929  1649  00F9               	movwf	DS3231_ReadTime@r
  8930  164A  0879               	movf	DS3231_ReadTime@r,w
  8931  164B  393F               	andlw	63
  8932  164C  160A  158A  2209  160A  118A  	fcall	_bcd2dec
  8933  1651  00F8               	movwf	??_DS3231_ReadTime
  8934  1652  087A               	movf	DS3231_ReadTime@time,w
  8935  1653  3E04               	addlw	4
  8936  1654  0084               	movwf	4
  8937  1655  0878               	movf	??_DS3231_ReadTime,w
  8938  1656  1383               	bcf	3,7	;select IRP bank0
  8939  1657  0080               	movwf	0
  8940                           
  8941                           ;DS3231.c: 87:     r = I2C_Read(1); time->month = bcd2dec(r & 0x1F);
  8942  1658  3001               	movlw	1
  8943  1659  160A  118A  2000  160A  118A  	fcall	_I2C_Read
  8944  165E  00F8               	movwf	??_DS3231_ReadTime
  8945  165F  0878               	movf	??_DS3231_ReadTime,w
  8946  1660  00F9               	movwf	DS3231_ReadTime@r
  8947  1661  0879               	movf	DS3231_ReadTime@r,w
  8948  1662  391F               	andlw	31
  8949  1663  160A  158A  2209  160A  118A  	fcall	_bcd2dec
  8950  1668  00F8               	movwf	??_DS3231_ReadTime
  8951  1669  087A               	movf	DS3231_ReadTime@time,w
  8952  166A  3E05               	addlw	5
  8953  166B  0084               	movwf	4
  8954  166C  0878               	movf	??_DS3231_ReadTime,w
  8955  166D  1383               	bcf	3,7	;select IRP bank0
  8956  166E  0080               	movwf	0
  8957                           
  8958                           ;DS3231.c: 88:     r = I2C_Read(0); time->year = bcd2dec(r);
  8959  166F  3000               	movlw	0
  8960  1670  160A  118A  2000  160A  118A  	fcall	_I2C_Read
  8961  1675  00F8               	movwf	??_DS3231_ReadTime
  8962  1676  0878               	movf	??_DS3231_ReadTime,w
  8963  1677  00F9               	movwf	DS3231_ReadTime@r
  8964  1678  0879               	movf	DS3231_ReadTime@r,w
  8965  1679  160A  158A  2209  160A  118A  	fcall	_bcd2dec
  8966  167E  00F8               	movwf	??_DS3231_ReadTime
  8967  167F  087A               	movf	DS3231_ReadTime@time,w
  8968  1680  3E06               	addlw	6
  8969  1681  0084               	movwf	4
  8970  1682  0878               	movf	??_DS3231_ReadTime,w
  8971  1683  1383               	bcf	3,7	;select IRP bank0
  8972  1684  0080               	movwf	0
  8973                           
  8974                           ;DS3231.c: 90:     I2C_Stop();
  8975  1685  160A  158A  2266  160A  118A  	fcall	_I2C_Stop
  8976                           
  8977                           ;DS3231.c: 93:     if(time->seconds>59 || time->minutes>59 || time->hours>23 ||
  8978  168A  087A               	movf	DS3231_ReadTime@time,w
  8979  168B  0084               	movwf	4
  8980  168C  303C               	movlw	60
  8981  168D  1383               	bcf	3,7	;select IRP bank0
  8982  168E  0200               	subwf	0,w
  8983  168F  1803               	skipnc
  8984  1690  2EB8               	goto	l4359
  8985  1691  0A7A               	incf	DS3231_ReadTime@time,w
  8986  1692  0084               	movwf	4
  8987  1693  303C               	movlw	60
  8988  1694  0200               	subwf	0,w
  8989  1695  1803               	skipnc
  8990  1696  2EB8               	goto	l4359
  8991  1697  087A               	movf	DS3231_ReadTime@time,w
  8992  1698  3E02               	addlw	2
  8993  1699  0084               	movwf	4
  8994  169A  3018               	movlw	24
  8995  169B  0200               	subwf	0,w
  8996  169C  1803               	skipnc
  8997  169D  2EB8               	goto	l4359
  8998  169E  087A               	movf	DS3231_ReadTime@time,w
  8999  169F  3E04               	addlw	4
  9000  16A0  0084               	movwf	4
  9001  16A1  0800               	movf	0,w
  9002  16A2  1903               	btfsc	3,2
  9003  16A3  2EB8               	goto	l4359
  9004  16A4  087A               	movf	DS3231_ReadTime@time,w
  9005  16A5  3E04               	addlw	4
  9006  16A6  0084               	movwf	4
  9007  16A7  3020               	movlw	32
  9008  16A8  0200               	subwf	0,w
  9009  16A9  1803               	skipnc
  9010  16AA  2EB8               	goto	l4359
  9011  16AB  087A               	movf	DS3231_ReadTime@time,w
  9012  16AC  3E05               	addlw	5
  9013  16AD  0084               	movwf	4
  9014  16AE  0800               	movf	0,w
  9015  16AF  1903               	btfsc	3,2
  9016  16B0  2EB8               	goto	l4359
  9017  16B1  087A               	movf	DS3231_ReadTime@time,w
  9018  16B2  3E05               	addlw	5
  9019  16B3  0084               	movwf	4
  9020  16B4  300D               	movlw	13
  9021  16B5  0200               	subwf	0,w
  9022  16B6  1C03               	skipc
  9023  16B7  0008               	return
  9024  16B8                     l4359:
  9025                           
  9026                           ;DS3231.c: 94:        time->date<1 || time->date>31 || time->month<1 || time->month>12){
      +                          ;DS3231.c: 95:         clr(time); return 0;
  9027  16B8  087A               	movf	DS3231_ReadTime@time,w
  9028  16B9  160A  158A  2282   	fcall	_clr
  9029  16BC  0008               	return
  9030  16BD                     __end_of_DS3231_ReadTime:
  9031                           
  9032                           	psect	text35
  9033  1A82                     __ptext35:	
  9034 ;; *************** function _clr *****************
  9035 ;; Defined at:
  9036 ;;		line 65 in file "DS3231.c"
  9037 ;; Parameters:    Size  Location     Type
  9038 ;;  t               1    wreg     PTR struct .
  9039 ;;		 -> main@t(7), 
  9040 ;; Auto vars:     Size  Location     Type
  9041 ;;  t               1    0[COMMON] PTR struct .
  9042 ;;		 -> main@t(7), 
  9043 ;; Return value:  Size  Location     Type
  9044 ;;                  1    wreg      void 
  9045 ;; Registers used:
  9046 ;;		wreg, fsr0l, fsr0h, status,2, status,0
  9047 ;; Tracked objects:
  9048 ;;		On entry : 0/100
  9049 ;;		On exit  : 800/0
  9050 ;;		Unchanged: 0/0
  9051 ;; Data sizes:     COMMON   BANK0   BANK1   BANK3   BANK2
  9052 ;;      Params:         0       0       0       0       0
  9053 ;;      Locals:         1       0       0       0       0
  9054 ;;      Temps:          0       0       0       0       0
  9055 ;;      Totals:         1       0       0       0       0
  9056 ;;Total ram usage:        1 bytes
  9057 ;; Hardware stack levels used: 1
  9058 ;; This function calls:
  9059 ;;		Nothing
  9060 ;; This function is called by:
  9061 ;;		_DS3231_ReadTime
  9062 ;; This function uses a non-reentrant model
  9063 ;;
  9064                           
  9065                           
  9066                           ;psect for function _clr
  9067  1A82                     _clr:
  9068                           
  9069                           ;incstack = 0
  9070                           ; Regs used in _clr: [wreg-fsr0h+status,2+status,0]
  9071                           ;clr@t stored from wreg
  9072  1A82  00F0               	movwf	clr@t
  9073                           
  9074                           ;DS3231.c: 66:     t->seconds=t->minutes=t->hours=0;
  9075  1A83  0870               	movf	clr@t,w
  9076  1A84  3E02               	addlw	2
  9077  1A85  0084               	movwf	4
  9078  1A86  1383               	bcf	3,7	;select IRP bank0
  9079  1A87  0180               	clrf	0
  9080  1A88  0A70               	incf	clr@t,w
  9081  1A89  0084               	movwf	4
  9082  1A8A  0180               	clrf	0
  9083  1A8B  0870               	movf	clr@t,w
  9084  1A8C  0084               	movwf	4
  9085  1A8D  0180               	clrf	0
  9086                           
  9087                           ;DS3231.c: 67:     t->day=t->date=t->month=t->year=0;
  9088  1A8E  0870               	movf	clr@t,w
  9089  1A8F  3E06               	addlw	6
  9090  1A90  0084               	movwf	4
  9091  1A91  0180               	clrf	0
  9092  1A92  0870               	movf	clr@t,w
  9093  1A93  3E05               	addlw	5
  9094  1A94  0084               	movwf	4
  9095  1A95  0180               	clrf	0
  9096  1A96  0870               	movf	clr@t,w
  9097  1A97  3E04               	addlw	4
  9098  1A98  0084               	movwf	4
  9099  1A99  0180               	clrf	0
  9100  1A9A  0870               	movf	clr@t,w
  9101  1A9B  3E03               	addlw	3
  9102  1A9C  0084               	movwf	4
  9103  1A9D  0180               	clrf	0
  9104  1A9E  0008               	return
  9105  1A9F                     __end_of_clr:
  9106                           
  9107                           	psect	text36
  9108  1A09                     __ptext36:	
  9109 ;; *************** function _bcd2dec *****************
  9110 ;; Defined at:
  9111 ;;		line 54 in file "DS3231.c"
  9112 ;; Parameters:    Size  Location     Type
  9113 ;;  b               1    wreg     unsigned char 
  9114 ;; Auto vars:     Size  Location     Type
  9115 ;;  b               1    7[COMMON] unsigned char 
  9116 ;; Return value:  Size  Location     Type
  9117 ;;                  1    wreg      unsigned char 
  9118 ;; Registers used:
  9119 ;;		wreg, status,2, status,0, pclath, cstack
  9120 ;; Tracked objects:
  9121 ;;		On entry : 300/100
  9122 ;;		On exit  : 300/100
  9123 ;;		Unchanged: 300/0
  9124 ;; Data sizes:     COMMON   BANK0   BANK1   BANK3   BANK2
  9125 ;;      Params:         0       0       0       0       0
  9126 ;;      Locals:         1       0       0       0       0
  9127 ;;      Temps:          3       0       0       0       0
  9128 ;;      Totals:         4       0       0       0       0
  9129 ;;Total ram usage:        4 bytes
  9130 ;; Hardware stack levels used: 1
  9131 ;; Hardware stack levels required when called: 1
  9132 ;; This function calls:
  9133 ;;		___bmul
  9134 ;; This function is called by:
  9135 ;;		_DS3231_ReadTime
  9136 ;; This function uses a non-reentrant model
  9137 ;;
  9138                           
  9139                           
  9140                           ;psect for function _bcd2dec
  9141  1A09                     _bcd2dec:
  9142                           
  9143                           ;incstack = 0
  9144                           ; Regs used in _bcd2dec: [wreg+status,2+status,0+pclath+cstack]
  9145                           ;bcd2dec@b stored from wreg
  9146  1A09  00F7               	movwf	bcd2dec@b
  9147  1A0A  300F               	movlw	15
  9148  1A0B  0577               	andwf	bcd2dec@b,w
  9149  1A0C  00F4               	movwf	??_bcd2dec
  9150  1A0D  300A               	movlw	10
  9151  1A0E  00F5               	movwf	??_bcd2dec+1
  9152  1A0F  0875               	movf	??_bcd2dec+1,w
  9153  1A10  00F0               	movwf	___bmul@multiplicand
  9154  1A11  0877               	movf	bcd2dec@b,w
  9155  1A12  00F6               	movwf	??_bcd2dec+2
  9156  1A13  3004               	movlw	4
  9157  1A14                     u4605:
  9158  1A14  1003               	clrc
  9159  1A15  0CF6               	rrf	??_bcd2dec+2,f
  9160  1A16  3EFF               	addlw	-1
  9161  1A17  1D03               	skipz
  9162  1A18  2A14               	goto	u4605
  9163  1A19  0876               	movf	??_bcd2dec+2,w
  9164  1A1A  160A  158A  21E5   	fcall	___bmul
  9165  1A1D  0774               	addwf	??_bcd2dec,w
  9166  1A1E  0008               	return
  9167  1A1F                     __end_of_bcd2dec:
  9168                           
  9169                           	psect	text37
  9170  19E5                     __ptext37:	
  9171 ;; *************** function ___bmul *****************
  9172 ;; Defined at:
  9173 ;;		line 4 in file "C:\Program Files\Microchip\xc8\v2.32\pic\sources\c90\common\Umul8.c"
  9174 ;; Parameters:    Size  Location     Type
  9175 ;;  multiplier      1    wreg     unsigned char 
  9176 ;;  multiplicand    1    0[COMMON] unsigned char 
  9177 ;; Auto vars:     Size  Location     Type
  9178 ;;  multiplier      1    3[COMMON] unsigned char 
  9179 ;;  product         1    2[COMMON] unsigned char 
  9180 ;; Return value:  Size  Location     Type
  9181 ;;                  1    wreg      unsigned char 
  9182 ;; Registers used:
  9183 ;;		wreg, status,2, status,0
  9184 ;; Tracked objects:
  9185 ;;		On entry : 300/100
  9186 ;;		On exit  : 300/100
  9187 ;;		Unchanged: 300/0
  9188 ;; Data sizes:     COMMON   BANK0   BANK1   BANK3   BANK2
  9189 ;;      Params:         1       0       0       0       0
  9190 ;;      Locals:         2       0       0       0       0
  9191 ;;      Temps:          1       0       0       0       0
  9192 ;;      Totals:         4       0       0       0       0
  9193 ;;Total ram usage:        4 bytes
  9194 ;; Hardware stack levels used: 1
  9195 ;; This function calls:
  9196 ;;		Nothing
  9197 ;; This function is called by:
  9198 ;;		_bcd2dec
  9199 ;; This function uses a non-reentrant model
  9200 ;;
  9201                           
  9202                           
  9203                           ;psect for function ___bmul
  9204  19E5                     ___bmul:
  9205                           
  9206                           ;incstack = 0
  9207                           ; Regs used in ___bmul: [wreg+status,2+status,0]
  9208                           ;___bmul@multiplier stored from wreg
  9209  19E5  00F3               	movwf	___bmul@multiplier
  9210  19E6  01F2               	clrf	___bmul@product
  9211  19E7                     l2979:
  9212  19E7  1C73               	btfss	___bmul@multiplier,0
  9213  19E8  29ED               	goto	l2983
  9214  19E9  0870               	movf	___bmul@multiplicand,w
  9215  19EA  00F1               	movwf	??___bmul
  9216  19EB  0871               	movf	??___bmul,w
  9217  19EC  07F2               	addwf	___bmul@product,f
  9218  19ED                     l2983:
  9219  19ED  1003               	clrc
  9220  19EE  0DF0               	rlf	___bmul@multiplicand,f
  9221  19EF  1003               	clrc
  9222  19F0  0CF3               	rrf	___bmul@multiplier,f
  9223  19F1  0873               	movf	___bmul@multiplier,w
  9224  19F2  1D03               	btfss	3,2
  9225  19F3  29E7               	goto	l2979
  9226  19F4  0872               	movf	___bmul@product,w
  9227  19F5  0008               	return
  9228  19F6                     __end_of___bmul:
  9229                           
  9230                           	psect	text38
  9231  1000                     __ptext38:	
  9232 ;; *************** function _I2C_Read *****************
  9233 ;; Defined at:
  9234 ;;		line 39 in file "DS3231.c"
  9235 ;; Parameters:    Size  Location     Type
  9236 ;;  ack             1    wreg     unsigned char 
  9237 ;; Auto vars:     Size  Location     Type
  9238 ;;  ack             1    1[COMMON] unsigned char 
  9239 ;;  i               1    3[COMMON] unsigned char 
  9240 ;;  d               1    2[COMMON] unsigned char 
  9241 ;; Return value:  Size  Location     Type
  9242 ;;                  1    wreg      unsigned char 
  9243 ;; Registers used:
  9244 ;;		wreg, status,2, status,0, pclath, cstack
  9245 ;; Tracked objects:
  9246 ;;		On entry : 200/0
  9247 ;;		On exit  : 300/100
  9248 ;;		Unchanged: 0/0
  9249 ;; Data sizes:     COMMON   BANK0   BANK1   BANK3   BANK2
  9250 ;;      Params:         0       0       0       0       0
  9251 ;;      Locals:         3       0       0       0       0
  9252 ;;      Temps:          1       0       0       0       0
  9253 ;;      Totals:         4       0       0       0       0
  9254 ;;Total ram usage:        4 bytes
  9255 ;; Hardware stack levels used: 1
  9256 ;; Hardware stack levels required when called: 1
  9257 ;; This function calls:
  9258 ;;		_SCL_drive0
  9259 ;;		_SCL_release
  9260 ;;		_SDA_drive0
  9261 ;;		_SDA_release
  9262 ;; This function is called by:
  9263 ;;		_DS3231_ReadTime
  9264 ;; This function uses a non-reentrant model
  9265 ;;
  9266                           
  9267                           
  9268                           ;psect for function _I2C_Read
  9269  1000                     _I2C_Read:
  9270                           
  9271                           ;incstack = 0
  9272                           ; Regs used in _I2C_Read: [wreg+status,2+status,0+pclath+cstack]
  9273                           ;I2C_Read@ack stored from wreg
  9274  1000  00F1               	movwf	I2C_Read@ack
  9275                           
  9276                           ;DS3231.c: 40:     uint8_t d=0;
  9277  1001  01F2               	clrf	I2C_Read@d
  9278                           
  9279                           ;DS3231.c: 41:     SDA_release();
  9280  1002  160A  158A  2193  160A  118A  	fcall	_SDA_release
  9281                           
  9282                           ;DS3231.c: 42:     for(uint8_t i=0;i<8;i++){
  9283  1007  01F3               	clrf	I2C_Read@i
  9284                           
  9285                           ;DS3231.c: 43:         d <<= 1;
  9286  1008  1003               	clrc
  9287  1009                     L8:
  9288  1009  0DF2               	rlf	I2C_Read@d,f
  9289                           
  9290                           ;DS3231.c: 44:         SCL_release(); _delay((unsigned long)((5)*(20000000/4000000.0)));
  9291  100A  160A  158A  218F  160A  118A  	fcall	_SCL_release
  9292  100F  3008               	movlw	8
  9293  1010  00F0               	movwf	??_I2C_Read
  9294  1011                     u6417:
  9295  1011  0BF0               	decfsz	??_I2C_Read,f
  9296  1012  2811               	goto	u6417
  9297                           
  9298                           ;DS3231.c: 45:         if(PORTCbits.RC4) d |= 1;
  9299  1013  1283               	bcf	3,5	;RP0=0, select bank0
  9300  1014  1303               	bcf	3,6	;RP1=0, select bank0
  9301  1015  1A07               	btfsc	7,4	;volatile
  9302  1016  1472               	bsf	I2C_Read@d,0
  9303                           
  9304                           ;DS3231.c: 46:         SCL_drive0();
  9305  1017  160A  158A  2197  160A  118A  	fcall	_SCL_drive0
  9306                           
  9307                           ;DS3231.c: 47:     }
  9308  101C  3001               	movlw	1
  9309  101D  00F0               	movwf	??_I2C_Read
  9310  101E  0870               	movf	??_I2C_Read,w
  9311  101F  07F3               	addwf	I2C_Read@i,f
  9312  1020  3008               	movlw	8
  9313  1021  0273               	subwf	I2C_Read@i,w
  9314  1022  1C03               	skipc
  9315  1023  2809               	goto	L8
  9316                           
  9317                           ;DS3231.c: 48:     if(ack) SDA_drive0(); else SDA_release();
  9318  1024  0871               	movf	I2C_Read@ack,w
  9319  1025  1903               	btfsc	3,2
  9320  1026  282D               	goto	l3565
  9321  1027  160A  158A  219D  160A  118A  	fcall	_SDA_drive0
  9322  102C  2832               	goto	l237
  9323  102D                     l3565:
  9324  102D  160A  158A  2193  160A  118A  	fcall	_SDA_release
  9325  1032                     l237:
  9326                           
  9327                           ;DS3231.c: 49:     SCL_release(); _delay((unsigned long)((5)*(20000000/4000000.0)));
  9328  1032  160A  158A  218F  160A  118A  	fcall	_SCL_release
  9329  1037  3008               	movlw	8
  9330  1038  00F0               	movwf	??_I2C_Read
  9331  1039                     u6427:
  9332  1039  0BF0               	decfsz	??_I2C_Read,f
  9333  103A  2839               	goto	u6427
  9334                           
  9335                           ;DS3231.c: 50:     SCL_drive0(); SDA_release();
  9336  103B  160A  158A  2197  160A  118A  	fcall	_SCL_drive0
  9337  1040  160A  158A  2193   	fcall	_SDA_release
  9338                           
  9339                           ;DS3231.c: 51:     return d;
  9340  1043  0872               	movf	I2C_Read@d,w
  9341  1044  0008               	return
  9342  1045                     __end_of_I2C_Read:
  9343                           
  9344                           	psect	text39
  9345  08AB                     __ptext39:	
  9346 ;; *************** function _DS3231_IsPresent *****************
  9347 ;; Defined at:
  9348 ;;		line 58 in file "DS3231.c"
  9349 ;; Parameters:    Size  Location     Type
  9350 ;;		None
  9351 ;; Auto vars:     Size  Location     Type
  9352 ;;  ok              1    5[COMMON] unsigned char 
  9353 ;; Return value:  Size  Location     Type
  9354 ;;                  1    wreg      unsigned char 
  9355 ;; Registers used:
  9356 ;;		wreg, status,2, status,0, pclath, cstack
  9357 ;; Tracked objects:
  9358 ;;		On entry : 0/100
  9359 ;;		On exit  : 0/0
  9360 ;;		Unchanged: 0/0
  9361 ;; Data sizes:     COMMON   BANK0   BANK1   BANK3   BANK2
  9362 ;;      Params:         0       0       0       0       0
  9363 ;;      Locals:         1       0       0       0       0
  9364 ;;      Temps:          1       0       0       0       0
  9365 ;;      Totals:         2       0       0       0       0
  9366 ;;Total ram usage:        2 bytes
  9367 ;; Hardware stack levels used: 1
  9368 ;; Hardware stack levels required when called: 2
  9369 ;; This function calls:
  9370 ;;		_I2C_Start
  9371 ;;		_I2C_Stop
  9372 ;;		_I2C_Write
  9373 ;; This function is called by:
  9374 ;;		_DS3231_ReadTime
  9375 ;; This function uses a non-reentrant model
  9376 ;;
  9377                           
  9378                           
  9379                           ;psect for function _DS3231_IsPresent
  9380  08AB                     _DS3231_IsPresent:
  9381                           
  9382                           ;DS3231.c: 59:     I2C_Start();
  9383                           
  9384                           ;incstack = 0
  9385                           ; Regs used in _DS3231_IsPresent: [wreg+status,2+status,0+pclath+cstack]
  9386  08AB  160A  158A  224B  120A  158A  	fcall	_I2C_Start
  9387                           
  9388                           ;DS3231.c: 60:     uint8_t ok = I2C_Write(0x68<<1);
  9389  08B0  30D0               	movlw	208
  9390  08B1  160A  158A  24E5  120A  158A  	fcall	_I2C_Write
  9391  08B6  00F4               	movwf	??_DS3231_IsPresent
  9392  08B7  0874               	movf	??_DS3231_IsPresent,w
  9393  08B8  00F5               	movwf	DS3231_IsPresent@ok
  9394                           
  9395                           ;DS3231.c: 61:     I2C_Stop();
  9396  08B9  160A  158A  2266   	fcall	_I2C_Stop
  9397                           
  9398                           ;DS3231.c: 62:     return ok;
  9399  08BC  0875               	movf	DS3231_IsPresent@ok,w
  9400  08BD  0008               	return
  9401  08BE                     __end_of_DS3231_IsPresent:
  9402                           
  9403                           	psect	text40
  9404  1CE5                     __ptext40:	
  9405 ;; *************** function _I2C_Write *****************
  9406 ;; Defined at:
  9407 ;;		line 26 in file "DS3231.c"
  9408 ;; Parameters:    Size  Location     Type
  9409 ;;  data            1    wreg     unsigned char 
  9410 ;; Auto vars:     Size  Location     Type
  9411 ;;  data            1    1[COMMON] unsigned char 
  9412 ;;  i               1    3[COMMON] unsigned char 
  9413 ;;  ack             1    2[COMMON] unsigned char 
  9414 ;; Return value:  Size  Location     Type
  9415 ;;                  1    wreg      unsigned char 
  9416 ;; Registers used:
  9417 ;;		wreg, status,2, status,0, pclath, cstack
  9418 ;; Tracked objects:
  9419 ;;		On entry : 300/0
  9420 ;;		On exit  : 300/0
  9421 ;;		Unchanged: 0/0
  9422 ;; Data sizes:     COMMON   BANK0   BANK1   BANK3   BANK2
  9423 ;;      Params:         0       0       0       0       0
  9424 ;;      Locals:         3       0       0       0       0
  9425 ;;      Temps:          1       0       0       0       0
  9426 ;;      Totals:         4       0       0       0       0
  9427 ;;Total ram usage:        4 bytes
  9428 ;; Hardware stack levels used: 1
  9429 ;; Hardware stack levels required when called: 1
  9430 ;; This function calls:
  9431 ;;		_SCL_drive0
  9432 ;;		_SCL_release
  9433 ;;		_SDA_drive0
  9434 ;;		_SDA_release
  9435 ;; This function is called by:
  9436 ;;		_DS3231_IsPresent
  9437 ;;		_DS3231_ReadTime
  9438 ;; This function uses a non-reentrant model
  9439 ;;
  9440                           
  9441                           
  9442                           ;psect for function _I2C_Write
  9443  1CE5                     _I2C_Write:
  9444                           
  9445                           ;incstack = 0
  9446                           ; Regs used in _I2C_Write: [wreg+status,2+status,0+pclath+cstack]
  9447                           ;I2C_Write@data stored from wreg
  9448  1CE5  00F1               	movwf	I2C_Write@data
  9449                           
  9450                           ;DS3231.c: 27:     for(uint8_t i=0;i<8;i++){
  9451  1CE6  01F3               	clrf	I2C_Write@i
  9452  1CE7                     l226:
  9453                           
  9454                           ;DS3231.c: 28:         if(data & 0x80) SDA_release(); else SDA_drive0();
  9455  1CE7  1FF1               	btfss	I2C_Write@data,7
  9456  1CE8  2CEF               	goto	l2909
  9457  1CE9  160A  158A  2193  160A  158A  	fcall	_SDA_release
  9458  1CEE  2CF4               	goto	l229
  9459  1CEF                     l2909:
  9460  1CEF  160A  158A  219D  160A  158A  	fcall	_SDA_drive0
  9461  1CF4                     l229:
  9462                           
  9463                           ;DS3231.c: 29:         SCL_release(); _delay((unsigned long)((5)*(20000000/4000000.0)));
  9464  1CF4  160A  158A  218F  160A  158A  	fcall	_SCL_release
  9465  1CF9  3008               	movlw	8
  9466  1CFA  00F0               	movwf	??_I2C_Write
  9467  1CFB                     u6437:
  9468  1CFB  0BF0               	decfsz	??_I2C_Write,f
  9469  1CFC  2CFB               	goto	u6437
  9470                           
  9471                           ;DS3231.c: 30:         SCL_drive0();
  9472  1CFD  160A  158A  2197  160A  158A  	fcall	_SCL_drive0
  9473                           
  9474                           ;DS3231.c: 31:         data <<= 1;
  9475  1D02  1003               	clrc
  9476  1D03  0DF1               	rlf	I2C_Write@data,f
  9477                           
  9478                           ;DS3231.c: 32:     }
  9479  1D04  3001               	movlw	1
  9480  1D05  00F0               	movwf	??_I2C_Write
  9481  1D06  0870               	movf	??_I2C_Write,w
  9482  1D07  07F3               	addwf	I2C_Write@i,f
  9483  1D08  3008               	movlw	8
  9484  1D09  0273               	subwf	I2C_Write@i,w
  9485  1D0A  1C03               	skipc
  9486  1D0B  2CE7               	goto	l226
  9487                           
  9488                           ;DS3231.c: 33:     SDA_release();
  9489  1D0C  160A  158A  2193  160A  158A  	fcall	_SDA_release
  9490                           
  9491                           ;DS3231.c: 34:     SCL_release(); _delay((unsigned long)((5)*(20000000/4000000.0)));
  9492  1D11  160A  158A  218F  160A  158A  	fcall	_SCL_release
  9493  1D16  3008               	movlw	8
  9494  1D17  00F0               	movwf	??_I2C_Write
  9495  1D18                     u6447:
  9496  1D18  0BF0               	decfsz	??_I2C_Write,f
  9497  1D19  2D18               	goto	u6447
  9498                           
  9499                           ;DS3231.c: 35:     uint8_t ack = (PORTCbits.RC4 == 0);
  9500  1D1A  1003               	clrc
  9501  1D1B  1283               	bcf	3,5	;RP0=0, select bank0
  9502  1D1C  1303               	bcf	3,6	;RP1=0, select bank0
  9503  1D1D  1E07               	btfss	7,4	;volatile
  9504  1D1E  1403               	setc
  9505  1D1F  3000               	movlw	0
  9506  1D20  1803               	btfsc	3,0
  9507  1D21  3001               	movlw	1
  9508  1D22  00F2               	movwf	I2C_Write@ack
  9509                           
  9510                           ;DS3231.c: 36:     SCL_drive0();
  9511  1D23  160A  158A  2197   	fcall	_SCL_drive0
  9512                           
  9513                           ;DS3231.c: 37:     return ack;
  9514  1D26  0872               	movf	I2C_Write@ack,w
  9515  1D27  0008               	return
  9516  1D28                     __end_of_I2C_Write:
  9517                           
  9518                           	psect	text41
  9519  1A66                     __ptext41:	
  9520 ;; *************** function _I2C_Stop *****************
  9521 ;; Defined at:
  9522 ;;		line 21 in file "DS3231.c"
  9523 ;; Parameters:    Size  Location     Type
  9524 ;;		None
  9525 ;; Auto vars:     Size  Location     Type
  9526 ;;		None
  9527 ;; Return value:  Size  Location     Type
  9528 ;;                  1    wreg      void 
  9529 ;; Registers used:
  9530 ;;		wreg, status,2, status,0, pclath, cstack
  9531 ;; Tracked objects:
  9532 ;;		On entry : 200/0
  9533 ;;		On exit  : 0/0
  9534 ;;		Unchanged: 0/0
  9535 ;; Data sizes:     COMMON   BANK0   BANK1   BANK3   BANK2
  9536 ;;      Params:         0       0       0       0       0
  9537 ;;      Locals:         0       0       0       0       0
  9538 ;;      Temps:          1       0       0       0       0
  9539 ;;      Totals:         1       0       0       0       0
  9540 ;;Total ram usage:        1 bytes
  9541 ;; Hardware stack levels used: 1
  9542 ;; Hardware stack levels required when called: 1
  9543 ;; This function calls:
  9544 ;;		_SCL_release
  9545 ;;		_SDA_drive0
  9546 ;;		_SDA_release
  9547 ;; This function is called by:
  9548 ;;		_DS3231_IsPresent
  9549 ;;		_DS3231_ReadTime
  9550 ;; This function uses a non-reentrant model
  9551 ;;
  9552                           
  9553                           
  9554                           ;psect for function _I2C_Stop
  9555  1A66                     _I2C_Stop:
  9556                           
  9557                           ;DS3231.c: 22:     SDA_drive0(); _delay((unsigned long)((5)*(20000000/4000000.0)));
  9558                           
  9559                           ;incstack = 0
  9560                           ; Regs used in _I2C_Stop: [wreg+status,2+status,0+pclath+cstack]
  9561  1A66  160A  158A  219D  160A  158A  	fcall	_SDA_drive0
  9562  1A6B  3008               	movlw	8
  9563  1A6C  00F0               	movwf	??_I2C_Stop
  9564  1A6D                     u6457:
  9565  1A6D  0BF0               	decfsz	??_I2C_Stop,f
  9566  1A6E  2A6D               	goto	u6457
  9567                           
  9568                           ;DS3231.c: 23:     SCL_release(); _delay((unsigned long)((5)*(20000000/4000000.0)));
  9569  1A6F  160A  158A  218F  160A  158A  	fcall	_SCL_release
  9570  1A74  3008               	movlw	8
  9571  1A75  00F0               	movwf	??_I2C_Stop
  9572  1A76                     u6467:
  9573  1A76  0BF0               	decfsz	??_I2C_Stop,f
  9574  1A77  2A76               	goto	u6467
  9575                           
  9576                           ;DS3231.c: 24:     SDA_release(); _delay((unsigned long)((5)*(20000000/4000000.0)));
  9577  1A78  160A  158A  2193  160A  158A  	fcall	_SDA_release
  9578  1A7D  3008               	movlw	8
  9579  1A7E  00F0               	movwf	??_I2C_Stop
  9580  1A7F                     u6477:
  9581  1A7F  0BF0               	decfsz	??_I2C_Stop,f
  9582  1A80  2A7F               	goto	u6477
  9583  1A81  0008               	return
  9584  1A82                     __end_of_I2C_Stop:
  9585                           
  9586                           	psect	text42
  9587  1A4B                     __ptext42:	
  9588 ;; *************** function _I2C_Start *****************
  9589 ;; Defined at:
  9590 ;;		line 15 in file "DS3231.c"
  9591 ;; Parameters:    Size  Location     Type
  9592 ;;		None
  9593 ;; Auto vars:     Size  Location     Type
  9594 ;;		None
  9595 ;; Return value:  Size  Location     Type
  9596 ;;                  1    wreg      void 
  9597 ;; Registers used:
  9598 ;;		wreg, status,2, status,0, pclath, cstack
  9599 ;; Tracked objects:
  9600 ;;		On entry : 0/100
  9601 ;;		On exit  : 300/0
  9602 ;;		Unchanged: 0/0
  9603 ;; Data sizes:     COMMON   BANK0   BANK1   BANK3   BANK2
  9604 ;;      Params:         0       0       0       0       0
  9605 ;;      Locals:         0       0       0       0       0
  9606 ;;      Temps:          1       0       0       0       0
  9607 ;;      Totals:         1       0       0       0       0
  9608 ;;Total ram usage:        1 bytes
  9609 ;; Hardware stack levels used: 1
  9610 ;; Hardware stack levels required when called: 1
  9611 ;; This function calls:
  9612 ;;		_SCL_drive0
  9613 ;;		_SCL_release
  9614 ;;		_SDA_drive0
  9615 ;;		_SDA_release
  9616 ;; This function is called by:
  9617 ;;		_DS3231_IsPresent
  9618 ;;		_DS3231_ReadTime
  9619 ;; This function uses a non-reentrant model
  9620 ;;
  9621                           
  9622                           
  9623                           ;psect for function _I2C_Start
  9624  1A4B                     _I2C_Start:
  9625                           
  9626                           ;DS3231.c: 16:     SDA_release();
  9627                           
  9628                           ;incstack = 0
  9629                           ; Regs used in _I2C_Start: [wreg+status,2+status,0+pclath+cstack]
  9630  1A4B  160A  158A  2193  160A  158A  	fcall	_SDA_release
  9631                           
  9632                           ;DS3231.c: 17:     SCL_release(); _delay((unsigned long)((5)*(20000000/4000000.0)));
  9633  1A50  160A  158A  218F  160A  158A  	fcall	_SCL_release
  9634  1A55  3008               	movlw	8
  9635  1A56  00F0               	movwf	??_I2C_Start
  9636  1A57                     u6487:
  9637  1A57  0BF0               	decfsz	??_I2C_Start,f
  9638  1A58  2A57               	goto	u6487
  9639                           
  9640                           ;DS3231.c: 18:     SDA_drive0(); _delay((unsigned long)((5)*(20000000/4000000.0)));
  9641  1A59  160A  158A  219D  160A  158A  	fcall	_SDA_drive0
  9642  1A5E  3008               	movlw	8
  9643  1A5F  00F0               	movwf	??_I2C_Start
  9644  1A60                     u6497:
  9645  1A60  0BF0               	decfsz	??_I2C_Start,f
  9646  1A61  2A60               	goto	u6497
  9647                           
  9648                           ;DS3231.c: 19:     SCL_drive0();
  9649  1A62  160A  158A  2197   	fcall	_SCL_drive0
  9650  1A65  0008               	return
  9651  1A66                     __end_of_I2C_Start:
  9652                           
  9653                           	psect	text43
  9654  199D                     __ptext43:	
  9655 ;; *************** function _SDA_drive0 *****************
  9656 ;; Defined at:
  9657 ;;		line 6 in file "DS3231.c"
  9658 ;; Parameters:    Size  Location     Type
  9659 ;;		None
  9660 ;; Auto vars:     Size  Location     Type
  9661 ;;		None
  9662 ;; Return value:  Size  Location     Type
  9663 ;;                  1    wreg      void 
  9664 ;; Registers used:
  9665 ;;		None
  9666 ;; Tracked objects:
  9667 ;;		On entry : 0/0
  9668 ;;		On exit  : 300/0
  9669 ;;		Unchanged: 0/0
  9670 ;; Data sizes:     COMMON   BANK0   BANK1   BANK3   BANK2
  9671 ;;      Params:         0       0       0       0       0
  9672 ;;      Locals:         0       0       0       0       0
  9673 ;;      Temps:          0       0       0       0       0
  9674 ;;      Totals:         0       0       0       0       0
  9675 ;;Total ram usage:        0 bytes
  9676 ;; Hardware stack levels used: 1
  9677 ;; This function calls:
  9678 ;;		Nothing
  9679 ;; This function is called by:
  9680 ;;		_I2C_Start
  9681 ;;		_I2C_Stop
  9682 ;;		_I2C_Write
  9683 ;;		_I2C_Read
  9684 ;; This function uses a non-reentrant model
  9685 ;;
  9686                           
  9687                           
  9688                           ;psect for function _SDA_drive0
  9689  199D                     _SDA_drive0:
  9690                           
  9691                           ;incstack = 0
  9692                           ; Regs used in _SDA_drive0: []
  9693  199D  1683               	bsf	3,5	;RP0=1, select bank1
  9694  199E  1303               	bcf	3,6	;RP1=0, select bank1
  9695  199F  1207               	bcf	7,4	;volatile
  9696  19A0  1283               	bcf	3,5	;RP0=0, select bank0
  9697  19A1  1207               	bcf	7,4	;volatile
  9698  19A2  0008               	return
  9699  19A3                     __end_of_SDA_drive0:
  9700                           
  9701                           	psect	text44
  9702  1997                     __ptext44:	
  9703 ;; *************** function _SCL_drive0 *****************
  9704 ;; Defined at:
  9705 ;;		line 8 in file "DS3231.c"
  9706 ;; Parameters:    Size  Location     Type
  9707 ;;		None
  9708 ;; Auto vars:     Size  Location     Type
  9709 ;;		None
  9710 ;; Return value:  Size  Location     Type
  9711 ;;                  1    wreg      void 
  9712 ;; Registers used:
  9713 ;;		None
  9714 ;; Tracked objects:
  9715 ;;		On entry : 0/0
  9716 ;;		On exit  : 300/0
  9717 ;;		Unchanged: 0/0
  9718 ;; Data sizes:     COMMON   BANK0   BANK1   BANK3   BANK2
  9719 ;;      Params:         0       0       0       0       0
  9720 ;;      Locals:         0       0       0       0       0
  9721 ;;      Temps:          0       0       0       0       0
  9722 ;;      Totals:         0       0       0       0       0
  9723 ;;Total ram usage:        0 bytes
  9724 ;; Hardware stack levels used: 1
  9725 ;; This function calls:
  9726 ;;		Nothing
  9727 ;; This function is called by:
  9728 ;;		_I2C_Start
  9729 ;;		_I2C_Write
  9730 ;;		_I2C_Read
  9731 ;; This function uses a non-reentrant model
  9732 ;;
  9733                           
  9734                           
  9735                           ;psect for function _SCL_drive0
  9736  1997                     _SCL_drive0:
  9737                           
  9738                           ;incstack = 0
  9739                           ; Regs used in _SCL_drive0: []
  9740  1997  1683               	bsf	3,5	;RP0=1, select bank1
  9741  1998  1303               	bcf	3,6	;RP1=0, select bank1
  9742  1999  1187               	bcf	7,3	;volatile
  9743  199A  1283               	bcf	3,5	;RP0=0, select bank0
  9744  199B  1187               	bcf	7,3	;volatile
  9745  199C  0008               	return
  9746  199D                     __end_of_SCL_drive0:
  9747                           
  9748                           	psect	text45
  9749  19C8                     __ptext45:	
  9750 ;; *************** function _DS3231_Init *****************
  9751 ;; Defined at:
  9752 ;;		line 56 in file "DS3231.c"
  9753 ;; Parameters:    Size  Location     Type
  9754 ;;		None
  9755 ;; Auto vars:     Size  Location     Type
  9756 ;;		None
  9757 ;; Return value:  Size  Location     Type
  9758 ;;                  1    wreg      void 
  9759 ;; Registers used:
  9760 ;;		wreg, status,2, status,0, pclath, cstack
  9761 ;; Tracked objects:
  9762 ;;		On entry : 0/100
  9763 ;;		On exit  : 0/0
  9764 ;;		Unchanged: 0/0
  9765 ;; Data sizes:     COMMON   BANK0   BANK1   BANK3   BANK2
  9766 ;;      Params:         0       0       0       0       0
  9767 ;;      Locals:         0       0       0       0       0
  9768 ;;      Temps:          2       0       0       0       0
  9769 ;;      Totals:         2       0       0       0       0
  9770 ;;Total ram usage:        2 bytes
  9771 ;; Hardware stack levels used: 1
  9772 ;; Hardware stack levels required when called: 2
  9773 ;; This function calls:
  9774 ;;		_I2C_Init
  9775 ;; This function is called by:
  9776 ;;		_main
  9777 ;; This function uses a non-reentrant model
  9778 ;;
  9779                           
  9780                           
  9781                           ;psect for function _DS3231_Init
  9782  19C8                     _DS3231_Init:
  9783                           
  9784                           ;incstack = 0
  9785                           ; Regs used in _DS3231_Init: [wreg+status,2+status,0+pclath+cstack]
  9786  19C8  160A  158A  21D6  160A  158A  	fcall	_I2C_Init
  9787  19CD  30C3               	movlw	195
  9788  19CE  00F2               	movwf	??_DS3231_Init+1
  9789  19CF  30CD               	movlw	205
  9790  19D0  00F1               	movwf	??_DS3231_Init
  9791  19D1                     u6507:
  9792  19D1  0BF1               	decfsz	??_DS3231_Init,f
  9793  19D2  29D1               	goto	u6507
  9794  19D3  0BF2               	decfsz	??_DS3231_Init+1,f
  9795  19D4  29D1               	goto	u6507
  9796  19D5  0008               	return
  9797  19D6                     __end_of_DS3231_Init:
  9798                           
  9799                           	psect	text46
  9800  19D6                     __ptext46:	
  9801 ;; *************** function _I2C_Init *****************
  9802 ;; Defined at:
  9803 ;;		line 10 in file "DS3231.c"
  9804 ;; Parameters:    Size  Location     Type
  9805 ;;		None
  9806 ;; Auto vars:     Size  Location     Type
  9807 ;;		None
  9808 ;; Return value:  Size  Location     Type
  9809 ;;                  1    wreg      void 
  9810 ;; Registers used:
  9811 ;;		wreg, status,2, status,0, pclath, cstack
  9812 ;; Tracked objects:
  9813 ;;		On entry : 0/100
  9814 ;;		On exit  : 0/0
  9815 ;;		Unchanged: 0/0
  9816 ;; Data sizes:     COMMON   BANK0   BANK1   BANK3   BANK2
  9817 ;;      Params:         0       0       0       0       0
  9818 ;;      Locals:         0       0       0       0       0
  9819 ;;      Temps:          1       0       0       0       0
  9820 ;;      Totals:         1       0       0       0       0
  9821 ;;Total ram usage:        1 bytes
  9822 ;; Hardware stack levels used: 1
  9823 ;; Hardware stack levels required when called: 1
  9824 ;; This function calls:
  9825 ;;		_SCL_release
  9826 ;;		_SDA_release
  9827 ;; This function is called by:
  9828 ;;		_DS3231_Init
  9829 ;; This function uses a non-reentrant model
  9830 ;;
  9831                           
  9832                           
  9833                           ;psect for function _I2C_Init
  9834  19D6                     _I2C_Init:
  9835                           
  9836                           ;DS3231.c: 11:     SDA_release();
  9837                           
  9838                           ;incstack = 0
  9839                           ; Regs used in _I2C_Init: [wreg+status,2+status,0+pclath+cstack]
  9840  19D6  160A  158A  2193  160A  158A  	fcall	_SDA_release
  9841                           
  9842                           ;DS3231.c: 12:     SCL_release();
  9843  19DB  160A  158A  218F  160A  158A  	fcall	_SCL_release
  9844                           
  9845                           ;DS3231.c: 13:     _delay((unsigned long)((5)*(20000000/4000000.0)));
  9846  19E0  3008               	movlw	8
  9847  19E1  00F0               	movwf	??_I2C_Init
  9848  19E2                     u6517:
  9849  19E2  0BF0               	decfsz	??_I2C_Init,f
  9850  19E3  29E2               	goto	u6517
  9851  19E4  0008               	return
  9852  19E5                     __end_of_I2C_Init:
  9853                           
  9854                           	psect	text47
  9855  1993                     __ptext47:	
  9856 ;; *************** function _SDA_release *****************
  9857 ;; Defined at:
  9858 ;;		line 5 in file "DS3231.c"
  9859 ;; Parameters:    Size  Location     Type
  9860 ;;		None
  9861 ;; Auto vars:     Size  Location     Type
  9862 ;;		None
  9863 ;; Return value:  Size  Location     Type
  9864 ;;                  1    wreg      void 
  9865 ;; Registers used:
  9866 ;;		None
  9867 ;; Tracked objects:
  9868 ;;		On entry : 0/0
  9869 ;;		On exit  : 300/100
  9870 ;;		Unchanged: 0/0
  9871 ;; Data sizes:     COMMON   BANK0   BANK1   BANK3   BANK2
  9872 ;;      Params:         0       0       0       0       0
  9873 ;;      Locals:         0       0       0       0       0
  9874 ;;      Temps:          0       0       0       0       0
  9875 ;;      Totals:         0       0       0       0       0
  9876 ;;Total ram usage:        0 bytes
  9877 ;; Hardware stack levels used: 1
  9878 ;; This function calls:
  9879 ;;		Nothing
  9880 ;; This function is called by:
  9881 ;;		_I2C_Init
  9882 ;;		_I2C_Start
  9883 ;;		_I2C_Stop
  9884 ;;		_I2C_Write
  9885 ;;		_I2C_Read
  9886 ;; This function uses a non-reentrant model
  9887 ;;
  9888                           
  9889                           
  9890                           ;psect for function _SDA_release
  9891  1993                     _SDA_release:
  9892                           
  9893                           ;incstack = 0
  9894                           ; Regs used in _SDA_release: []
  9895  1993  1683               	bsf	3,5	;RP0=1, select bank1
  9896  1994  1303               	bcf	3,6	;RP1=0, select bank1
  9897  1995  1607               	bsf	7,4	;volatile
  9898  1996  0008               	return
  9899  1997                     __end_of_SDA_release:
  9900                           
  9901                           	psect	text48
  9902  198F                     __ptext48:	
  9903 ;; *************** function _SCL_release *****************
  9904 ;; Defined at:
  9905 ;;		line 7 in file "DS3231.c"
  9906 ;; Parameters:    Size  Location     Type
  9907 ;;		None
  9908 ;; Auto vars:     Size  Location     Type
  9909 ;;		None
  9910 ;; Return value:  Size  Location     Type
  9911 ;;                  1    wreg      void 
  9912 ;; Registers used:
  9913 ;;		None
  9914 ;; Tracked objects:
  9915 ;;		On entry : 0/100
  9916 ;;		On exit  : 300/100
  9917 ;;		Unchanged: 0/0
  9918 ;; Data sizes:     COMMON   BANK0   BANK1   BANK3   BANK2
  9919 ;;      Params:         0       0       0       0       0
  9920 ;;      Locals:         0       0       0       0       0
  9921 ;;      Temps:          0       0       0       0       0
  9922 ;;      Totals:         0       0       0       0       0
  9923 ;;Total ram usage:        0 bytes
  9924 ;; Hardware stack levels used: 1
  9925 ;; This function calls:
  9926 ;;		Nothing
  9927 ;; This function is called by:
  9928 ;;		_I2C_Init
  9929 ;;		_I2C_Start
  9930 ;;		_I2C_Stop
  9931 ;;		_I2C_Write
  9932 ;;		_I2C_Read
  9933 ;; This function uses a non-reentrant model
  9934 ;;
  9935                           
  9936                           
  9937                           ;psect for function _SCL_release
  9938  198F                     _SCL_release:
  9939                           
  9940                           ;incstack = 0
  9941                           ; Regs used in _SCL_release: []
  9942  198F  1683               	bsf	3,5	;RP0=1, select bank1
  9943  1990  1303               	bcf	3,6	;RP1=0, select bank1
  9944  1991  1587               	bsf	7,3	;volatile
  9945  1992  0008               	return
  9946  1993                     __end_of_SCL_release:
  9947                           
  9948                           	psect	text49
  9949  16BD                     __ptext49:	
  9950 ;; *************** function _DHT22_read *****************
  9951 ;; Defined at:
  9952 ;;		line 9 in file "DHT22.c"
  9953 ;; Parameters:    Size  Location     Type
  9954 ;;  dht_temperat    1    wreg     PTR float 
  9955 ;;		 -> main@temp(4), 
  9956 ;;  dht_humedad     1   52[BANK0 ] PTR float 
  9957 ;;		 -> main@hum(4), 
  9958 ;; Auto vars:     Size  Location     Type
  9959 ;;  dht_temperat    1   65[BANK0 ] PTR float 
  9960 ;;		 -> main@temp(4), 
  9961 ;;  result          1   59[BANK0 ] unsigned char 
  9962 ;;  rawtemperatu    2   66[BANK0 ] unsigned int 
  9963 ;;  rawhumidity     2   57[BANK0 ] unsigned int 
  9964 ;;  bits            5   60[BANK0 ] unsigned char [5]
  9965 ;;  j               1   69[BANK0 ] unsigned char 
  9966 ;;  i               1   68[BANK0 ] unsigned char 
  9967 ;; Return value:  Size  Location     Type
  9968 ;;                  1    wreg      unsigned char 
  9969 ;; Registers used:
  9970 ;;		wreg, fsr0l, fsr0h, status,2, status,0, btemp+1, pclath, cstack
  9971 ;; Tracked objects:
  9972 ;;		On entry : B00/0
  9973 ;;		On exit  : 300/0
  9974 ;;		Unchanged: 0/0
  9975 ;; Data sizes:     COMMON   BANK0   BANK1   BANK3   BANK2
  9976 ;;      Params:         0       1       0       0       0
  9977 ;;      Locals:         0      13       0       0       0
  9978 ;;      Temps:          0       4       0       0       0
  9979 ;;      Totals:         0      18       0       0       0
  9980 ;;Total ram usage:       18 bytes
  9981 ;; Hardware stack levels used: 1
  9982 ;; Hardware stack levels required when called: 2
  9983 ;; This function calls:
  9984 ;;		___fldiv
  9985 ;;		___flmul
  9986 ;;		___xxtofl
  9987 ;; This function is called by:
  9988 ;;		_main
  9989 ;; This function uses a non-reentrant model
  9990 ;;
  9991                           
  9992                           
  9993                           ;psect for function _DHT22_read
  9994  16BD                     _DHT22_read:
  9995                           
  9996                           ;incstack = 0
  9997                           ; Regs used in _DHT22_read: [wreg-fsr0h+status,2+status,0+btemp+1+pclath+cstack]
  9998                           ;DHT22_read@dht_temperatura stored from wreg
  9999  16BD  00E1               	movwf	DHT22_read@dht_temperatura
 10000                           
 10001                           ;DHT22.c: 13:     PORTCbits.RC2 = 0;
 10002  16BE  1107               	bcf	7,2	;volatile
 10003                           
 10004                           ;DHT22.c: 14:     _delay((unsigned long)((18)*(20000000/4000.0)));
 10005  16BF  3075               	movlw	117
 10006  16C0  1283               	bcf	3,5	;RP0=0, select bank0
 10007  16C1  1303               	bcf	3,6	;RP1=0, select bank0
 10008  16C2  00D6               	movwf	??_DHT22_read+1
 10009  16C3  30E0               	movlw	224
 10010  16C4  00D5               	movwf	??_DHT22_read
 10011  16C5                     u6527:
 10012  16C5  0BD5               	decfsz	??_DHT22_read,f
 10013  16C6  2EC5               	goto	u6527
 10014  16C7  0BD6               	decfsz	??_DHT22_read+1,f
 10015  16C8  2EC5               	goto	u6527
 10016  16C9  0000               	nop
 10017                           
 10018                           ;DHT22.c: 16:     PORTCbits.RC2 = 1;
 10019  16CA  1283               	bcf	3,5	;RP0=0, select bank0
 10020  16CB  1303               	bcf	3,6	;RP1=0, select bank0
 10021  16CC  1507               	bsf	7,2	;volatile
 10022                           
 10023                           ;DHT22.c: 17:     _delay((unsigned long)((40)*(20000000/4000000.0)));
 10024  16CD  3041               	movlw	65
 10025  16CE  1283               	bcf	3,5	;RP0=0, select bank0
 10026  16CF  1303               	bcf	3,6	;RP1=0, select bank0
 10027  16D0  00D5               	movwf	??_DHT22_read
 10028  16D1                     u6537:
 10029  16D1  0BD5               	decfsz	??_DHT22_read,f
 10030  16D2  2ED1               	goto	u6537
 10031  16D3  2ED4               	nop2
 10032                           
 10033                           ;DHT22.c: 19:     TRISCbits.TRISC2 = 1;
 10034  16D4  1683               	bsf	3,5	;RP0=1, select bank1
 10035  16D5  1303               	bcf	3,6	;RP1=0, select bank1
 10036  16D6  1507               	bsf	7,2	;volatile
 10037                           
 10038                           ;DHT22.c: 21:     if(PORTCbits.RC2){
 10039  16D7  1283               	bcf	3,5	;RP0=0, select bank0
 10040  16D8  1D07               	btfss	7,2	;volatile
 10041  16D9  2EE0               	goto	l3963
 10042  16DA                     l3967:	
 10043                           ;DHT22.c: 23:         PORTCbits.RC2 = 1;
 10044                           
 10045                           ;DHT22.c: 22:         TRISCbits.TRISC2 = 0;
 10046                           
 10047                           
 10048                           ;DHT22.c: 29:         TRISCbits.TRISC2 = 0;
 10049  16DA  1683               	bsf	3,5	;RP0=1, select bank1
 10050  16DB  1107               	bcf	7,2	;volatile
 10051                           
 10052                           ;DHT22.c: 30:         PORTCbits.RC2 = 1;
 10053  16DC  1283               	bcf	3,5	;RP0=0, select bank0
 10054  16DD  1507               	bsf	7,2	;volatile
 10055  16DE                     l3959:
 10056                           
 10057                           ;DHT22.c: 24:         return 0;
 10058  16DE  3000               	movlw	0
 10059  16DF  0008               	return
 10060  16E0                     l3963:
 10061                           
 10062                           ;DHT22.c: 26:     _delay((unsigned long)((80)*(20000000/4000000.0)));
 10063  16E0  3084               	movlw	132
 10064  16E1  1283               	bcf	3,5	;RP0=0, select bank0
 10065  16E2  1303               	bcf	3,6	;RP1=0, select bank0
 10066  16E3  00D5               	movwf	??_DHT22_read
 10067  16E4                     u6547:
 10068  16E4  0BD5               	decfsz	??_DHT22_read,f
 10069  16E5  2EE4               	goto	u6547
 10070  16E6  0000               	nop
 10071                           
 10072                           ;DHT22.c: 28:     if(!PORTCbits.RC2){
 10073  16E7  1283               	bcf	3,5	;RP0=0, select bank0
 10074  16E8  1303               	bcf	3,6	;RP1=0, select bank0
 10075  16E9  1D07               	btfss	7,2	;volatile
 10076  16EA  2EDA               	goto	l3967
 10077                           
 10078                           ;DHT22.c: 33:     _delay((unsigned long)((80)*(20000000/4000000.0)));
 10079  16EB  3084               	movlw	132
 10080  16EC  1283               	bcf	3,5	;RP0=0, select bank0
 10081  16ED  1303               	bcf	3,6	;RP1=0, select bank0
 10082  16EE  00D5               	movwf	??_DHT22_read
 10083  16EF                     u6557:
 10084  16EF  0BD5               	decfsz	??_DHT22_read,f
 10085  16F0  2EEF               	goto	u6557
 10086  16F1  0000               	nop
 10087                           
 10088                           ;DHT22.c: 35:     for (j=0; j<5; j++)
 10089  16F2  1283               	bcf	3,5	;RP0=0, select bank0
 10090  16F3  1303               	bcf	3,6	;RP1=0, select bank0
 10091  16F4  01E5               	clrf	DHT22_read@j
 10092  16F5                     l3981:
 10093                           
 10094                           ;DHT22.c: 36:     {;DHT22.c: 37:         uint8_t result=0;
 10095  16F5  01DB               	clrf	DHT22_read@result
 10096                           
 10097                           ;DHT22.c: 38:         for (i=0; i<8; i++)
 10098  16F6  01E4               	clrf	DHT22_read@i
 10099  16F7                     l19:
 10100  16F7  1D07               	btfss	7,2	;volatile
 10101  16F8  2EF7               	goto	l19
 10102                           
 10103                           ;DHT22.c: 41:             _delay((unsigned long)((35)*(20000000/4000000.0)));
 10104  16F9  3039               	movlw	57
 10105  16FA  1283               	bcf	3,5	;RP0=0, select bank0
 10106  16FB  1303               	bcf	3,6	;RP1=0, select bank0
 10107  16FC  00D5               	movwf	??_DHT22_read
 10108  16FD                     u6567:
 10109  16FD  0BD5               	decfsz	??_DHT22_read,f
 10110  16FE  2EFD               	goto	u6567
 10111  16FF  0000               	nop
 10112                           
 10113                           ;DHT22.c: 42:             if (PORTCbits.RC2)
 10114  1700  1283               	bcf	3,5	;RP0=0, select bank0
 10115  1701  1303               	bcf	3,6	;RP1=0, select bank0
 10116  1702  1D07               	btfss	7,2	;volatile
 10117  1703  2F13               	goto	l23
 10118                           
 10119                           ;DHT22.c: 43:                 result |= (1<<(7-i));
 10120  1704  3001               	movlw	1
 10121  1705  00D5               	movwf	??_DHT22_read
 10122  1706  0864               	movf	DHT22_read@i,w
 10123  1707  3C07               	sublw	7
 10124  1708  3E01               	addlw	1
 10125  1709  2F0C               	goto	u5384
 10126  170A                     u5385:
 10127  170A  1003               	clrc
 10128  170B  0DD5               	rlf	??_DHT22_read,f
 10129  170C                     u5384:
 10130  170C  3EFF               	addlw	-1
 10131  170D  1D03               	skipz
 10132  170E  2F0A               	goto	u5385
 10133  170F  0855               	movf	??_DHT22_read,w
 10134  1710  00D6               	movwf	??_DHT22_read+1
 10135  1711  0856               	movf	??_DHT22_read+1,w
 10136  1712  04DB               	iorwf	DHT22_read@result,f
 10137  1713                     l23:
 10138  1713  1907               	btfsc	7,2	;volatile
 10139  1714  2F13               	goto	l23
 10140                           
 10141                           ;DHT22.c: 46:         }
 10142  1715  3001               	movlw	1
 10143  1716  00D5               	movwf	??_DHT22_read
 10144  1717  0855               	movf	??_DHT22_read,w
 10145  1718  07E4               	addwf	DHT22_read@i,f
 10146  1719  3008               	movlw	8
 10147  171A  0264               	subwf	DHT22_read@i,w
 10148  171B  1C03               	skipc
 10149  171C  2EF7               	goto	l19
 10150                           
 10151                           ;DHT22.c: 47:         bits[j] = result;
 10152  171D  085B               	movf	DHT22_read@result,w
 10153  171E  00D5               	movwf	??_DHT22_read
 10154  171F  0865               	movf	DHT22_read@j,w
 10155  1720  3E5C               	addlw	(low (DHT22_read@bits| 0))& (0+255)
 10156  1721  0084               	movwf	4
 10157  1722  0855               	movf	??_DHT22_read,w
 10158  1723  1383               	bcf	3,7	;select IRP bank0
 10159  1724  0080               	movwf	0
 10160                           
 10161                           ;DHT22.c: 48:     }
 10162  1725  3001               	movlw	1
 10163  1726  00D5               	movwf	??_DHT22_read
 10164  1727  0855               	movf	??_DHT22_read,w
 10165  1728  07E5               	addwf	DHT22_read@j,f
 10166  1729  3005               	movlw	5
 10167  172A  0265               	subwf	DHT22_read@j,w
 10168  172B  1C03               	skipc
 10169  172C  2EF5               	goto	l3981
 10170                           
 10171                           ;DHT22.c: 50:     TRISCbits.TRISC2 = 0;
 10172  172D  1683               	bsf	3,5	;RP0=1, select bank1
 10173  172E  1107               	bcf	7,2	;volatile
 10174                           
 10175                           ;DHT22.c: 51:     PORTCbits.RC2 = 1;
 10176  172F  1283               	bcf	3,5	;RP0=0, select bank0
 10177  1730  1507               	bsf	7,2	;volatile
 10178                           
 10179                           ;DHT22.c: 53:     if ((uint8_t)(bits[0] + bits[1] + bits[2] + bits[3]) == bits[4])
 10180  1731  085E               	movf	DHT22_read@bits+2,w
 10181  1732  075D               	addwf	DHT22_read@bits+1,w
 10182  1733  00D5               	movwf	??_DHT22_read
 10183  1734  085F               	movf	DHT22_read@bits+3,w
 10184  1735  0755               	addwf	??_DHT22_read,w
 10185  1736  00D6               	movwf	??_DHT22_read+1
 10186  1737  085C               	movf	DHT22_read@bits,w
 10187  1738  0756               	addwf	??_DHT22_read+1,w
 10188  1739  0660               	xorwf	DHT22_read@bits+4,w
 10189  173A  1D03               	skipz
 10190  173B  2EDE               	goto	l3959
 10191                           
 10192                           ;DHT22.c: 54:     {;DHT22.c: 55:         uint16_t rawhumidity = bits[0]<<8 | bits[1];
 10193  173C  085D               	movf	DHT22_read@bits+1,w
 10194  173D  00D5               	movwf	??_DHT22_read
 10195  173E  01D6               	clrf	??_DHT22_read+1
 10196  173F  085C               	movf	DHT22_read@bits,w
 10197  1740  00D7               	movwf	??_DHT22_read+2
 10198  1741  01D8               	clrf	??_DHT22_read+3
 10199  1742  0857               	movf	??_DHT22_read+2,w
 10200  1743  00D8               	movwf	??_DHT22_read+3
 10201  1744  01D7               	clrf	??_DHT22_read+2
 10202  1745  0855               	movf	??_DHT22_read,w
 10203  1746  0457               	iorwf	??_DHT22_read+2,w
 10204  1747  00D9               	movwf	DHT22_read@rawhumidity
 10205  1748  0856               	movf	??_DHT22_read+1,w
 10206  1749  0458               	iorwf	??_DHT22_read+3,w
 10207  174A  00DA               	movwf	DHT22_read@rawhumidity+1
 10208                           
 10209                           ;DHT22.c: 56:         uint16_t rawtemperature = bits[2]<<8 | bits[3];
 10210  174B  085F               	movf	DHT22_read@bits+3,w
 10211  174C  00D5               	movwf	??_DHT22_read
 10212  174D  01D6               	clrf	??_DHT22_read+1
 10213  174E  085E               	movf	DHT22_read@bits+2,w
 10214  174F  00D7               	movwf	??_DHT22_read+2
 10215  1750  01D8               	clrf	??_DHT22_read+3
 10216  1751  0857               	movf	??_DHT22_read+2,w
 10217  1752  00D8               	movwf	??_DHT22_read+3
 10218  1753  01D7               	clrf	??_DHT22_read+2
 10219  1754  0855               	movf	??_DHT22_read,w
 10220  1755  0457               	iorwf	??_DHT22_read+2,w
 10221  1756  00E2               	movwf	DHT22_read@rawtemperature
 10222  1757  0856               	movf	??_DHT22_read+1,w
 10223  1758  0458               	iorwf	??_DHT22_read+3,w
 10224  1759  00E3               	movwf	DHT22_read@rawtemperature+1
 10225                           
 10226                           ;DHT22.c: 58:         if (rawtemperature & 0x8000){
 10227  175A  1FE3               	btfss	DHT22_read@rawtemperature+1,7
 10228  175B  2FA2               	goto	l4011
 10229                           
 10230                           ;DHT22.c: 59:             *dht_temperatura = (float)((rawtemperature & 0x7fff) / 10.0) *
      +                           -1.0;
 10231  175C  30BF               	movlw	191
 10232  175D  00BD               	movwf	___flmul@b+3
 10233  175E  3080               	movlw	128
 10234  175F  00BC               	movwf	___flmul@b+2
 10235  1760  3000               	movlw	0
 10236  1761  00BB               	movwf	___flmul@b+1
 10237  1762  3000               	movlw	0
 10238  1763  00BA               	movwf	___flmul@b
 10239  1764  3041               	movlw	65
 10240  1765  00A3               	movwf	___fldiv@a+3
 10241  1766  3020               	movlw	32
 10242  1767  00A2               	movwf	___fldiv@a+2
 10243  1768  3000               	movlw	0
 10244  1769  00A1               	movwf	___fldiv@a+1
 10245  176A  3000               	movlw	0
 10246  176B  00A0               	movwf	___fldiv@a
 10247  176C  30FF               	movlw	255
 10248  176D  0562               	andwf	DHT22_read@rawtemperature,w
 10249  176E  00F0               	movwf	___xxtofl@val
 10250  176F  307F               	movlw	127
 10251  1770  0563               	andwf	DHT22_read@rawtemperature+1,w
 10252  1771  00F1               	movwf	___xxtofl@val+1
 10253  1772  01F2               	clrf	___xxtofl@val+2
 10254  1773  01F3               	clrf	___xxtofl@val+3
 10255  1774  3000               	movlw	0
 10256  1775  160A  118A  216C  160A  118A  	fcall	___xxtofl
 10257  177A  0873               	movf	?___xxtofl+3,w
 10258  177B  00A7               	movwf	___fldiv@b+3
 10259  177C  0872               	movf	?___xxtofl+2,w
 10260  177D  00A6               	movwf	___fldiv@b+2
 10261  177E  0871               	movf	?___xxtofl+1,w
 10262  177F  00A5               	movwf	___fldiv@b+1
 10263  1780  0870               	movf	?___xxtofl,w
 10264  1781  00A4               	movwf	___fldiv@b
 10265  1782  120A  118A  205F  160A  118A  	fcall	___fldiv
 10266  1787  0823               	movf	?___fldiv+3,w
 10267  1788  00C1               	movwf	___flmul@a+3
 10268  1789  0822               	movf	?___fldiv+2,w
 10269  178A  00C0               	movwf	___flmul@a+2
 10270  178B  0821               	movf	?___fldiv+1,w
 10271  178C  00BF               	movwf	___flmul@a+1
 10272  178D  0820               	movf	?___fldiv,w
 10273  178E  00BE               	movwf	___flmul@a
 10274  178F  120A  158A  250B  160A  118A  	fcall	___flmul
 10275  1794  0861               	movf	DHT22_read@dht_temperatura,w
 10276  1795  0084               	movwf	4
 10277  1796  083A               	movf	?___flmul,w
 10278  1797  1383               	bcf	3,7	;select IRP bank0
 10279  1798  0080               	movwf	0
 10280  1799  0A84               	incf	4,f
 10281  179A  083B               	movf	?___flmul+1,w
 10282  179B  0080               	movwf	0
 10283  179C  0A84               	incf	4,f
 10284  179D  083C               	movf	?___flmul+2,w
 10285  179E  0080               	movwf	0
 10286  179F  0A84               	incf	4,f
 10287  17A0  083D               	movf	?___flmul+3,w
 10288  17A1  2FD0               	goto	L9
 10289  17A2                     l4011:	
 10290                           ;DHT22.c: 60:         }else{
 10291                           
 10292                           
 10293                           ;DHT22.c: 61:             *dht_temperatura = (float)(rawtemperature)/10.0;
 10294  17A2  3041               	movlw	65
 10295  17A3  00A3               	movwf	___fldiv@a+3
 10296  17A4  3020               	movlw	32
 10297  17A5  00A2               	movwf	___fldiv@a+2
 10298  17A6  3000               	movlw	0
 10299  17A7  00A1               	movwf	___fldiv@a+1
 10300  17A8  3000               	movlw	0
 10301  17A9  00A0               	movwf	___fldiv@a
 10302  17AA  0862               	movf	DHT22_read@rawtemperature,w
 10303  17AB  00F0               	movwf	___xxtofl@val
 10304  17AC  0863               	movf	DHT22_read@rawtemperature+1,w
 10305  17AD  00F1               	movwf	___xxtofl@val+1
 10306  17AE  01F2               	clrf	___xxtofl@val+2
 10307  17AF  01F3               	clrf	___xxtofl@val+3
 10308  17B0  3000               	movlw	0
 10309  17B1  160A  118A  216C  160A  118A  	fcall	___xxtofl
 10310  17B6  0873               	movf	?___xxtofl+3,w
 10311  17B7  00A7               	movwf	___fldiv@b+3
 10312  17B8  0872               	movf	?___xxtofl+2,w
 10313  17B9  00A6               	movwf	___fldiv@b+2
 10314  17BA  0871               	movf	?___xxtofl+1,w
 10315  17BB  00A5               	movwf	___fldiv@b+1
 10316  17BC  0870               	movf	?___xxtofl,w
 10317  17BD  00A4               	movwf	___fldiv@b
 10318  17BE  120A  118A  205F  160A  118A  	fcall	___fldiv
 10319  17C3  0861               	movf	DHT22_read@dht_temperatura,w
 10320  17C4  0084               	movwf	4
 10321  17C5  0820               	movf	?___fldiv,w
 10322  17C6  1383               	bcf	3,7	;select IRP bank0
 10323  17C7  0080               	movwf	0
 10324  17C8  0A84               	incf	4,f
 10325  17C9  0821               	movf	?___fldiv+1,w
 10326  17CA  0080               	movwf	0
 10327  17CB  0A84               	incf	4,f
 10328  17CC  0822               	movf	?___fldiv+2,w
 10329  17CD  0080               	movwf	0
 10330  17CE  0A84               	incf	4,f
 10331  17CF  0823               	movf	?___fldiv+3,w
 10332  17D0                     L9:
 10333  17D0  0080               	movwf	0
 10334                           
 10335                           ;DHT22.c: 63:         *dht_humedad = (float)(rawhumidity)/10.0;
 10336                           
 10337                           ;DHT22.c: 62:         }
 10338  17D1  3041               	movlw	65
 10339  17D2  00A3               	movwf	___fldiv@a+3
 10340  17D3  3020               	movlw	32
 10341  17D4  00A2               	movwf	___fldiv@a+2
 10342  17D5  3000               	movlw	0
 10343  17D6  00A1               	movwf	___fldiv@a+1
 10344  17D7  3000               	movlw	0
 10345  17D8  00A0               	movwf	___fldiv@a
 10346  17D9  0859               	movf	DHT22_read@rawhumidity,w
 10347  17DA  00F0               	movwf	___xxtofl@val
 10348  17DB  085A               	movf	DHT22_read@rawhumidity+1,w
 10349  17DC  00F1               	movwf	___xxtofl@val+1
 10350  17DD  01F2               	clrf	___xxtofl@val+2
 10351  17DE  01F3               	clrf	___xxtofl@val+3
 10352  17DF  3000               	movlw	0
 10353  17E0  160A  118A  216C  160A  118A  	fcall	___xxtofl
 10354  17E5  0873               	movf	?___xxtofl+3,w
 10355  17E6  00A7               	movwf	___fldiv@b+3
 10356  17E7  0872               	movf	?___xxtofl+2,w
 10357  17E8  00A6               	movwf	___fldiv@b+2
 10358  17E9  0871               	movf	?___xxtofl+1,w
 10359  17EA  00A5               	movwf	___fldiv@b+1
 10360  17EB  0870               	movf	?___xxtofl,w
 10361  17EC  00A4               	movwf	___fldiv@b
 10362  17ED  120A  118A  205F   	fcall	___fldiv
 10363  17F0  0854               	movf	DHT22_read@dht_humedad,w
 10364  17F1  0084               	movwf	4
 10365  17F2  0820               	movf	?___fldiv,w
 10366  17F3  1383               	bcf	3,7	;select IRP bank0
 10367  17F4  0080               	movwf	0
 10368  17F5  0A84               	incf	4,f
 10369  17F6  0821               	movf	?___fldiv+1,w
 10370  17F7  0080               	movwf	0
 10371  17F8  0A84               	incf	4,f
 10372  17F9  0822               	movf	?___fldiv+2,w
 10373  17FA  0080               	movwf	0
 10374  17FB  0A84               	incf	4,f
 10375  17FC  0823               	movf	?___fldiv+3,w
 10376  17FD  0080               	movwf	0
 10377                           
 10378                           ;DHT22.c: 64:         return 1;
 10379  17FE  3001               	movlw	1
 10380  17FF  0008               	return
 10381  1800                     __end_of_DHT22_read:
 10382                           
 10383                           	psect	text50
 10384  116C                     __ptext50:	
 10385 ;; *************** function ___xxtofl *****************
 10386 ;; Defined at:
 10387 ;;		line 10 in file "C:\Program Files\Microchip\xc8\v2.32\pic\sources\c90\common\xxtofl.c"
 10388 ;; Parameters:    Size  Location     Type
 10389 ;;  sign            1    wreg     unsigned char 
 10390 ;;  val             4    0[COMMON] long 
 10391 ;; Auto vars:     Size  Location     Type
 10392 ;;  sign            1    8[COMMON] unsigned char 
 10393 ;;  arg             4   10[COMMON] unsigned long 
 10394 ;;  exp             1    9[COMMON] unsigned char 
 10395 ;; Return value:  Size  Location     Type
 10396 ;;                  4    0[COMMON] unsigned char 
 10397 ;; Registers used:
 10398 ;;		wreg, status,2, status,0
 10399 ;; Tracked objects:
 10400 ;;		On entry : 300/0
 10401 ;;		On exit  : 300/0
 10402 ;;		Unchanged: 300/0
 10403 ;; Data sizes:     COMMON   BANK0   BANK1   BANK3   BANK2
 10404 ;;      Params:         4       0       0       0       0
 10405 ;;      Locals:         6       0       0       0       0
 10406 ;;      Temps:          4       0       0       0       0
 10407 ;;      Totals:        14       0       0       0       0
 10408 ;;Total ram usage:       14 bytes
 10409 ;; Hardware stack levels used: 1
 10410 ;; This function calls:
 10411 ;;		Nothing
 10412 ;; This function is called by:
 10413 ;;		_DHT22_read
 10414 ;;		_calculate_temp_stats
 10415 ;; This function uses a non-reentrant model
 10416 ;;
 10417                           
 10418                           
 10419                           ;psect for function ___xxtofl
 10420  116C                     ___xxtofl:
 10421                           
 10422                           ;incstack = 0
 10423                           ; Regs used in ___xxtofl: [wreg+status,2+status,0]
 10424                           ;___xxtofl@sign stored from wreg
 10425  116C  00F8               	movwf	___xxtofl@sign
 10426  116D  0878               	movf	___xxtofl@sign,w
 10427  116E  1D03               	btfss	3,2
 10428  116F  1FF3               	btfss	___xxtofl@val+3,7
 10429  1170  2981               	goto	l3901
 10430  1171  0970               	comf	___xxtofl@val,w
 10431  1172  00FA               	movwf	___xxtofl@arg
 10432  1173  0971               	comf	___xxtofl@val+1,w
 10433  1174  00FB               	movwf	___xxtofl@arg+1
 10434  1175  0972               	comf	___xxtofl@val+2,w
 10435  1176  00FC               	movwf	___xxtofl@arg+2
 10436  1177  0973               	comf	___xxtofl@val+3,w
 10437  1178  00FD               	movwf	___xxtofl@arg+3
 10438  1179  0AFA               	incf	___xxtofl@arg,f
 10439  117A  1903               	skipnz
 10440  117B  0AFB               	incf	___xxtofl@arg+1,f
 10441  117C  1903               	skipnz
 10442  117D  0AFC               	incf	___xxtofl@arg+2,f
 10443  117E  1903               	skipnz
 10444  117F  0AFD               	incf	___xxtofl@arg+3,f
 10445  1180  2989               	goto	l864
 10446  1181                     l3901:
 10447  1181  0873               	movf	___xxtofl@val+3,w
 10448  1182  00FD               	movwf	___xxtofl@arg+3
 10449  1183  0872               	movf	___xxtofl@val+2,w
 10450  1184  00FC               	movwf	___xxtofl@arg+2
 10451  1185  0871               	movf	___xxtofl@val+1,w
 10452  1186  00FB               	movwf	___xxtofl@arg+1
 10453  1187  0870               	movf	___xxtofl@val,w
 10454  1188  00FA               	movwf	___xxtofl@arg
 10455  1189                     l864:
 10456  1189  0873               	movf	___xxtofl@val+3,w
 10457  118A  0472               	iorwf	___xxtofl@val+2,w
 10458  118B  0471               	iorwf	___xxtofl@val+1,w
 10459  118C  0470               	iorwf	___xxtofl@val,w
 10460  118D  1D03               	skipz
 10461  118E  2998               	goto	l3907
 10462  118F  3000               	movlw	0
 10463  1190  00F3               	movwf	?___xxtofl+3
 10464  1191  3000               	movlw	0
 10465  1192  00F2               	movwf	?___xxtofl+2
 10466  1193  3000               	movlw	0
 10467  1194  00F1               	movwf	?___xxtofl+1
 10468  1195  3000               	movlw	0
 10469  1196  00F0               	movwf	?___xxtofl
 10470  1197  0008               	return
 10471  1198                     l3907:
 10472  1198  3096               	movlw	150
 10473  1199  00F4               	movwf	??___xxtofl
 10474  119A  0874               	movf	??___xxtofl,w
 10475  119B  00F9               	movwf	___xxtofl@exp
 10476  119C                     l3911:
 10477  119C  30FE               	movlw	254
 10478  119D  057D               	andwf	___xxtofl@arg+3,w
 10479  119E  1903               	btfsc	3,2
 10480  119F  29C9               	goto	l870
 10481  11A0  3001               	movlw	1
 10482  11A1  00F4               	movwf	??___xxtofl
 10483  11A2  0874               	movf	??___xxtofl,w
 10484  11A3  07F9               	addwf	___xxtofl@exp,f
 10485  11A4  3001               	movlw	1
 10486  11A5                     u5235:
 10487  11A5  1003               	clrc
 10488  11A6  0CFD               	rrf	___xxtofl@arg+3,f
 10489  11A7  0CFC               	rrf	___xxtofl@arg+2,f
 10490  11A8  0CFB               	rrf	___xxtofl@arg+1,f
 10491  11A9  0CFA               	rrf	___xxtofl@arg,f
 10492  11AA  3EFF               	addlw	-1
 10493  11AB  1D03               	skipz
 10494  11AC  29A5               	goto	u5235
 10495  11AD  299C               	goto	l3911
 10496  11AE                     l3913:
 10497  11AE  3001               	movlw	1
 10498  11AF  00F4               	movwf	??___xxtofl
 10499  11B0  0874               	movf	??___xxtofl,w
 10500  11B1  07F9               	addwf	___xxtofl@exp,f
 10501  11B2  3001               	movlw	1
 10502  11B3  07FA               	addwf	___xxtofl@arg,f
 10503  11B4  3000               	movlw	0
 10504  11B5  1803               	skipnc
 10505  11B6  3001               	movlw	1
 10506  11B7  07FB               	addwf	___xxtofl@arg+1,f
 10507  11B8  3000               	movlw	0
 10508  11B9  1803               	skipnc
 10509  11BA  3001               	movlw	1
 10510  11BB  07FC               	addwf	___xxtofl@arg+2,f
 10511  11BC  3000               	movlw	0
 10512  11BD  1803               	skipnc
 10513  11BE  3001               	movlw	1
 10514  11BF  07FD               	addwf	___xxtofl@arg+3,f
 10515  11C0  3001               	movlw	1
 10516  11C1                     u5255:
 10517  11C1  1003               	clrc
 10518  11C2  0CFD               	rrf	___xxtofl@arg+3,f
 10519  11C3  0CFC               	rrf	___xxtofl@arg+2,f
 10520  11C4  0CFB               	rrf	___xxtofl@arg+1,f
 10521  11C5  0CFA               	rrf	___xxtofl@arg,f
 10522  11C6  3EFF               	addlw	-1
 10523  11C7  1D03               	skipz
 10524  11C8  29C1               	goto	u5255
 10525  11C9                     l870:
 10526  11C9  30FF               	movlw	255
 10527  11CA  057D               	andwf	___xxtofl@arg+3,w
 10528  11CB  1903               	btfsc	3,2
 10529  11CC  29DD               	goto	l3921
 10530  11CD  29AE               	goto	l3913
 10531  11CE                     l3923:
 10532  11CE  3002               	movlw	2
 10533  11CF  0279               	subwf	___xxtofl@exp,w
 10534  11D0  1C03               	btfss	3,0
 10535  11D1  29DF               	goto	l877
 10536  11D2  3001               	movlw	1
 10537  11D3  02F9               	subwf	___xxtofl@exp,f
 10538  11D4  3001               	movlw	1
 10539  11D5  00F4               	movwf	??___xxtofl
 10540  11D6                     u5275:
 10541  11D6  1003               	clrc
 10542  11D7  0DFA               	rlf	___xxtofl@arg,f
 10543  11D8  0DFB               	rlf	___xxtofl@arg+1,f
 10544  11D9  0DFC               	rlf	___xxtofl@arg+2,f
 10545  11DA  0DFD               	rlf	___xxtofl@arg+3,f
 10546  11DB  0BF4               	decfsz	??___xxtofl,f
 10547  11DC  29D6               	goto	u5275
 10548  11DD                     l3921:
 10549  11DD  1FFC               	btfss	___xxtofl@arg+2,7
 10550  11DE  29CE               	goto	l3923
 10551  11DF                     l877:
 10552  11DF  1879               	btfsc	___xxtofl@exp,0
 10553  11E0  29E9               	goto	l878
 10554  11E1  30FF               	movlw	255
 10555  11E2  05FA               	andwf	___xxtofl@arg,f
 10556  11E3  30FF               	movlw	255
 10557  11E4  05FB               	andwf	___xxtofl@arg+1,f
 10558  11E5  307F               	movlw	127
 10559  11E6  05FC               	andwf	___xxtofl@arg+2,f
 10560  11E7  30FF               	movlw	255
 10561  11E8  05FD               	andwf	___xxtofl@arg+3,f
 10562  11E9                     l878:
 10563  11E9  1003               	clrc
 10564  11EA  0CF9               	rrf	___xxtofl@exp,f
 10565  11EB  0879               	movf	___xxtofl@exp,w
 10566  11EC  00F4               	movwf	??___xxtofl
 10567  11ED  01F5               	clrf	??___xxtofl+1
 10568  11EE  01F6               	clrf	??___xxtofl+2
 10569  11EF  01F7               	clrf	??___xxtofl+3
 10570  11F0  3018               	movlw	24
 10571  11F1                     u5315:
 10572  11F1  1003               	clrc
 10573  11F2  0DF4               	rlf	??___xxtofl,f
 10574  11F3  0DF5               	rlf	??___xxtofl+1,f
 10575  11F4  0DF6               	rlf	??___xxtofl+2,f
 10576  11F5  0DF7               	rlf	??___xxtofl+3,f
 10577  11F6  3EFF               	addlw	-1
 10578  11F7  1D03               	skipz
 10579  11F8  29F1               	goto	u5315
 10580  11F9  0874               	movf	??___xxtofl,w
 10581  11FA  04FA               	iorwf	___xxtofl@arg,f
 10582  11FB  0875               	movf	??___xxtofl+1,w
 10583  11FC  04FB               	iorwf	___xxtofl@arg+1,f
 10584  11FD  0876               	movf	??___xxtofl+2,w
 10585  11FE  04FC               	iorwf	___xxtofl@arg+2,f
 10586  11FF  0877               	movf	??___xxtofl+3,w
 10587  1200  04FD               	iorwf	___xxtofl@arg+3,f
 10588  1201  0878               	movf	___xxtofl@sign,w
 10589  1202  1D03               	btfss	3,2
 10590  1203  1FF3               	btfss	___xxtofl@val+3,7
 10591  1204  2A06               	goto	l3935
 10592  1205  17FD               	bsf	___xxtofl@arg+3,7
 10593  1206                     l3935:
 10594  1206  087D               	movf	___xxtofl@arg+3,w
 10595  1207  00F3               	movwf	?___xxtofl+3
 10596  1208  087C               	movf	___xxtofl@arg+2,w
 10597  1209  00F2               	movwf	?___xxtofl+2
 10598  120A  087B               	movf	___xxtofl@arg+1,w
 10599  120B  00F1               	movwf	?___xxtofl+1
 10600  120C  087A               	movf	___xxtofl@arg,w
 10601  120D  00F0               	movwf	?___xxtofl
 10602  120E  0008               	return
 10603  120F                     __end_of___xxtofl:
 10604                           
 10605                           	psect	text51
 10606  0D0B                     __ptext51:	
 10607 ;; *************** function ___flmul *****************
 10608 ;; Defined at:
 10609 ;;		line 8 in file "C:\Program Files\Microchip\xc8\v2.32\pic\sources\c90\common\sprcmul.c"
 10610 ;; Parameters:    Size  Location     Type
 10611 ;;  b               4   26[BANK0 ] unsigned char 
 10612 ;;  a               4   30[BANK0 ] unsigned char 
 10613 ;; Auto vars:     Size  Location     Type
 10614 ;;  prod            4   46[BANK0 ] struct .
 10615 ;;  grs             4   41[BANK0 ] unsigned long 
 10616 ;;  temp            2   50[BANK0 ] struct .
 10617 ;;  bexp            1   45[BANK0 ] unsigned char 
 10618 ;;  aexp            1   40[BANK0 ] unsigned char 
 10619 ;;  sign            1   39[BANK0 ] unsigned char 
 10620 ;; Return value:  Size  Location     Type
 10621 ;;                  4   26[BANK0 ] unsigned char 
 10622 ;; Registers used:
 10623 ;;		wreg, status,2, status,0, btemp+1, pclath, cstack
 10624 ;; Tracked objects:
 10625 ;;		On entry : 300/800
 10626 ;;		On exit  : 300/0
 10627 ;;		Unchanged: 0/0
 10628 ;; Data sizes:     COMMON   BANK0   BANK1   BANK3   BANK2
 10629 ;;      Params:         0       8       0       0       0
 10630 ;;      Locals:         0      13       0       0       0
 10631 ;;      Temps:          0       5       0       0       0
 10632 ;;      Totals:         0      26       0       0       0
 10633 ;;Total ram usage:       26 bytes
 10634 ;; Hardware stack levels used: 1
 10635 ;; Hardware stack levels required when called: 1
 10636 ;; This function calls:
 10637 ;;		__Umul8_16
 10638 ;; This function is called by:
 10639 ;;		_DHT22_read
 10640 ;;		_pf
 10641 ;;		_main
 10642 ;; This function uses a non-reentrant model
 10643 ;;
 10644                           
 10645                           
 10646                           ;psect for function ___flmul
 10647  0D0B                     ___flmul:
 10648                           
 10649                           ;incstack = 0
 10650                           ; Regs used in ___flmul: [wreg+status,2+status,0+btemp+1+pclath+cstack]
 10651  0D0B  083D               	movf	___flmul@b+3,w
 10652  0D0C  3980               	andlw	128
 10653  0D0D  00C2               	movwf	??___flmul
 10654  0D0E  0842               	movf	??___flmul,w
 10655  0D0F  00C7               	movwf	___flmul@sign
 10656  0D10  083D               	movf	___flmul@b+3,w
 10657  0D11  00C2               	movwf	??___flmul
 10658  0D12  0742               	addwf	??___flmul,w
 10659  0D13  00C3               	movwf	??___flmul+1
 10660  0D14  0843               	movf	??___flmul+1,w
 10661  0D15  00CD               	movwf	___flmul@bexp
 10662  0D16  1BBC               	btfsc	___flmul@b+2,7
 10663  0D17  144D               	bsf	___flmul@bexp,0
 10664  0D18  084D               	movf	___flmul@bexp,w
 10665  0D19  1903               	btfsc	3,2
 10666  0D1A  2D28               	goto	l3347
 10667  0D1B  0A4D               	incf	___flmul@bexp,w
 10668  0D1C  1D03               	btfss	3,2
 10669  0D1D  2D26               	goto	l3345
 10670  0D1E  3000               	movlw	0
 10671  0D1F  00BD               	movwf	___flmul@b+3
 10672  0D20  3000               	movlw	0
 10673  0D21  00BC               	movwf	___flmul@b+2
 10674  0D22  3000               	movlw	0
 10675  0D23  00BB               	movwf	___flmul@b+1
 10676  0D24  3000               	movlw	0
 10677  0D25  00BA               	movwf	___flmul@b
 10678  0D26                     l3345:
 10679  0D26  17BC               	bsf	___flmul@b+2,7
 10680  0D27  2D30               	goto	l3349
 10681  0D28                     l3347:
 10682  0D28  3000               	movlw	0
 10683  0D29  00BD               	movwf	___flmul@b+3
 10684  0D2A  3000               	movlw	0
 10685  0D2B  00BC               	movwf	___flmul@b+2
 10686  0D2C  3000               	movlw	0
 10687  0D2D  00BB               	movwf	___flmul@b+1
 10688  0D2E  3000               	movlw	0
 10689  0D2F  00BA               	movwf	___flmul@b
 10690  0D30                     l3349:
 10691  0D30  0841               	movf	___flmul@a+3,w
 10692  0D31  3980               	andlw	128
 10693  0D32  00C2               	movwf	??___flmul
 10694  0D33  0842               	movf	??___flmul,w
 10695  0D34  06C7               	xorwf	___flmul@sign,f
 10696  0D35  0841               	movf	___flmul@a+3,w
 10697  0D36  00C2               	movwf	??___flmul
 10698  0D37  0742               	addwf	??___flmul,w
 10699  0D38  00C3               	movwf	??___flmul+1
 10700  0D39  0843               	movf	??___flmul+1,w
 10701  0D3A  00C8               	movwf	___flmul@aexp
 10702  0D3B  1BC0               	btfsc	___flmul@a+2,7
 10703  0D3C  1448               	bsf	___flmul@aexp,0
 10704  0D3D  0848               	movf	___flmul@aexp,w
 10705  0D3E  1903               	btfsc	3,2
 10706  0D3F  2D4D               	goto	l3365
 10707  0D40  0A48               	incf	___flmul@aexp,w
 10708  0D41  1D03               	btfss	3,2
 10709  0D42  2D4B               	goto	l3363
 10710  0D43  3000               	movlw	0
 10711  0D44  00C1               	movwf	___flmul@a+3
 10712  0D45  3000               	movlw	0
 10713  0D46  00C0               	movwf	___flmul@a+2
 10714  0D47  3000               	movlw	0
 10715  0D48  00BF               	movwf	___flmul@a+1
 10716  0D49  3000               	movlw	0
 10717  0D4A  00BE               	movwf	___flmul@a
 10718  0D4B                     l3363:
 10719  0D4B  17C0               	bsf	___flmul@a+2,7
 10720  0D4C  2D55               	goto	l3367
 10721  0D4D                     l3365:
 10722  0D4D  3000               	movlw	0
 10723  0D4E  00C1               	movwf	___flmul@a+3
 10724  0D4F  3000               	movlw	0
 10725  0D50  00C0               	movwf	___flmul@a+2
 10726  0D51  3000               	movlw	0
 10727  0D52  00BF               	movwf	___flmul@a+1
 10728  0D53  3000               	movlw	0
 10729  0D54  00BE               	movwf	___flmul@a
 10730  0D55                     l3367:
 10731  0D55  0848               	movf	___flmul@aexp,w
 10732  0D56  1D03               	btfss	3,2
 10733  0D57  084D               	movf	___flmul@bexp,w
 10734  0D58  1D03               	btfss	3,2
 10735  0D59  2D63               	goto	l3375
 10736  0D5A  3000               	movlw	0
 10737  0D5B  00BD               	movwf	?___flmul+3
 10738  0D5C  3000               	movlw	0
 10739  0D5D  00BC               	movwf	?___flmul+2
 10740  0D5E  3000               	movlw	0
 10741  0D5F  00BB               	movwf	?___flmul+1
 10742  0D60  3000               	movlw	0
 10743  0D61  00BA               	movwf	?___flmul
 10744  0D62  0008               	return
 10745  0D63                     l3375:
 10746  0D63  083A               	movf	___flmul@b,w
 10747  0D64  00C2               	movwf	??___flmul
 10748  0D65  0842               	movf	??___flmul,w
 10749  0D66  00F0               	movwf	__Umul8_16@multiplicand
 10750  0D67  0840               	movf	___flmul@a+2,w
 10751  0D68  160A  158A  2345  120A  158A  	fcall	__Umul8_16
 10752  0D6D  0871               	movf	?__Umul8_16+1,w
 10753  0D6E  00D3               	movwf	___flmul@temp+1
 10754  0D6F  0870               	movf	?__Umul8_16,w
 10755  0D70  00D2               	movwf	___flmul@temp
 10756  0D71  0852               	movf	___flmul@temp,w
 10757  0D72  00C2               	movwf	??___flmul
 10758  0D73  01C3               	clrf	??___flmul+1
 10759  0D74  01C4               	clrf	??___flmul+2
 10760  0D75  01C5               	clrf	??___flmul+3
 10761  0D76  0845               	movf	??___flmul+3,w
 10762  0D77  00CC               	movwf	___flmul@grs+3
 10763  0D78  0844               	movf	??___flmul+2,w
 10764  0D79  00CB               	movwf	___flmul@grs+2
 10765  0D7A  0843               	movf	??___flmul+1,w
 10766  0D7B  00CA               	movwf	___flmul@grs+1
 10767  0D7C  0842               	movf	??___flmul,w
 10768  0D7D  00C9               	movwf	___flmul@grs
 10769  0D7E  0853               	movf	___flmul@temp+1,w
 10770  0D7F  00C2               	movwf	??___flmul
 10771  0D80  01C3               	clrf	??___flmul+1
 10772  0D81  01C4               	clrf	??___flmul+2
 10773  0D82  01C5               	clrf	??___flmul+3
 10774  0D83  0845               	movf	??___flmul+3,w
 10775  0D84  00D1               	movwf	___flmul@prod+3
 10776  0D85  0844               	movf	??___flmul+2,w
 10777  0D86  00D0               	movwf	___flmul@prod+2
 10778  0D87  0843               	movf	??___flmul+1,w
 10779  0D88  00CF               	movwf	___flmul@prod+1
 10780  0D89  0842               	movf	??___flmul,w
 10781  0D8A  00CE               	movwf	___flmul@prod
 10782  0D8B  083B               	movf	___flmul@b+1,w
 10783  0D8C  00C2               	movwf	??___flmul
 10784  0D8D  0842               	movf	??___flmul,w
 10785  0D8E  00F0               	movwf	__Umul8_16@multiplicand
 10786  0D8F  083F               	movf	___flmul@a+1,w
 10787  0D90  160A  158A  2345  120A  158A  	fcall	__Umul8_16
 10788  0D95  0871               	movf	?__Umul8_16+1,w
 10789  0D96  00D3               	movwf	___flmul@temp+1
 10790  0D97  0870               	movf	?__Umul8_16,w
 10791  0D98  00D2               	movwf	___flmul@temp
 10792  0D99  0852               	movf	___flmul@temp,w
 10793  0D9A  00C2               	movwf	??___flmul
 10794  0D9B  01C3               	clrf	??___flmul+1
 10795  0D9C  01C4               	clrf	??___flmul+2
 10796  0D9D  01C5               	clrf	??___flmul+3
 10797  0D9E  0842               	movf	??___flmul,w
 10798  0D9F  07C9               	addwf	___flmul@grs,f
 10799  0DA0  0843               	movf	??___flmul+1,w
 10800  0DA1  1103               	clrz
 10801  0DA2  1803               	skipnc
 10802  0DA3  3E01               	addlw	1
 10803  0DA4  1D03               	btfss	3,2
 10804  0DA5  07CA               	addwf	___flmul@grs+1,f
 10805  0DA6  0844               	movf	??___flmul+2,w
 10806  0DA7  1103               	clrz
 10807  0DA8  1803               	skipnc
 10808  0DA9  3E01               	addlw	1
 10809  0DAA  1D03               	btfss	3,2
 10810  0DAB  07CB               	addwf	___flmul@grs+2,f
 10811  0DAC  0845               	movf	??___flmul+3,w
 10812  0DAD  1103               	clrz
 10813  0DAE  1803               	skipnc
 10814  0DAF  3E01               	addlw	1
 10815  0DB0  1D03               	btfss	3,2
 10816  0DB1  07CC               	addwf	___flmul@grs+3,f
 10817  0DB2  0853               	movf	___flmul@temp+1,w
 10818  0DB3  00C2               	movwf	??___flmul
 10819  0DB4  01C3               	clrf	??___flmul+1
 10820  0DB5  01C4               	clrf	??___flmul+2
 10821  0DB6  01C5               	clrf	??___flmul+3
 10822  0DB7  0842               	movf	??___flmul,w
 10823  0DB8  07CE               	addwf	___flmul@prod,f
 10824  0DB9  0843               	movf	??___flmul+1,w
 10825  0DBA  1103               	clrz
 10826  0DBB  1803               	skipnc
 10827  0DBC  3E01               	addlw	1
 10828  0DBD  1D03               	btfss	3,2
 10829  0DBE  07CF               	addwf	___flmul@prod+1,f
 10830  0DBF  0844               	movf	??___flmul+2,w
 10831  0DC0  1103               	clrz
 10832  0DC1  1803               	skipnc
 10833  0DC2  3E01               	addlw	1
 10834  0DC3  1D03               	btfss	3,2
 10835  0DC4  07D0               	addwf	___flmul@prod+2,f
 10836  0DC5  0845               	movf	??___flmul+3,w
 10837  0DC6  1103               	clrz
 10838  0DC7  1803               	skipnc
 10839  0DC8  3E01               	addlw	1
 10840  0DC9  1D03               	btfss	3,2
 10841  0DCA  07D1               	addwf	___flmul@prod+3,f
 10842  0DCB  083C               	movf	___flmul@b+2,w
 10843  0DCC  00C2               	movwf	??___flmul
 10844  0DCD  0842               	movf	??___flmul,w
 10845  0DCE  00F0               	movwf	__Umul8_16@multiplicand
 10846  0DCF  083E               	movf	___flmul@a,w
 10847  0DD0  160A  158A  2345  120A  158A  	fcall	__Umul8_16
 10848  0DD5  0871               	movf	?__Umul8_16+1,w
 10849  0DD6  00D3               	movwf	___flmul@temp+1
 10850  0DD7  0870               	movf	?__Umul8_16,w
 10851  0DD8  00D2               	movwf	___flmul@temp
 10852  0DD9  0852               	movf	___flmul@temp,w
 10853  0DDA  00C2               	movwf	??___flmul
 10854  0DDB  01C3               	clrf	??___flmul+1
 10855  0DDC  01C4               	clrf	??___flmul+2
 10856  0DDD  01C5               	clrf	??___flmul+3
 10857  0DDE  0842               	movf	??___flmul,w
 10858  0DDF  07C9               	addwf	___flmul@grs,f
 10859  0DE0  0843               	movf	??___flmul+1,w
 10860  0DE1  1103               	clrz
 10861  0DE2  1803               	skipnc
 10862  0DE3  3E01               	addlw	1
 10863  0DE4  1D03               	btfss	3,2
 10864  0DE5  07CA               	addwf	___flmul@grs+1,f
 10865  0DE6  0844               	movf	??___flmul+2,w
 10866  0DE7  1103               	clrz
 10867  0DE8  1803               	skipnc
 10868  0DE9  3E01               	addlw	1
 10869  0DEA  1D03               	btfss	3,2
 10870  0DEB  07CB               	addwf	___flmul@grs+2,f
 10871  0DEC  0845               	movf	??___flmul+3,w
 10872  0DED  1103               	clrz
 10873  0DEE  1803               	skipnc
 10874  0DEF  3E01               	addlw	1
 10875  0DF0  1D03               	btfss	3,2
 10876  0DF1  07CC               	addwf	___flmul@grs+3,f
 10877  0DF2  0853               	movf	___flmul@temp+1,w
 10878  0DF3  00C2               	movwf	??___flmul
 10879  0DF4  01C3               	clrf	??___flmul+1
 10880  0DF5  01C4               	clrf	??___flmul+2
 10881  0DF6  01C5               	clrf	??___flmul+3
 10882  0DF7  0842               	movf	??___flmul,w
 10883  0DF8  07CE               	addwf	___flmul@prod,f
 10884  0DF9  0843               	movf	??___flmul+1,w
 10885  0DFA  1103               	clrz
 10886  0DFB  1803               	skipnc
 10887  0DFC  3E01               	addlw	1
 10888  0DFD  1D03               	btfss	3,2
 10889  0DFE  07CF               	addwf	___flmul@prod+1,f
 10890  0DFF  0844               	movf	??___flmul+2,w
 10891  0E00  1103               	clrz
 10892  0E01  1803               	skipnc
 10893  0E02  3E01               	addlw	1
 10894  0E03  1D03               	btfss	3,2
 10895  0E04  07D0               	addwf	___flmul@prod+2,f
 10896  0E05  0845               	movf	??___flmul+3,w
 10897  0E06  1103               	clrz
 10898  0E07  1803               	skipnc
 10899  0E08  3E01               	addlw	1
 10900  0E09  1D03               	btfss	3,2
 10901  0E0A  07D1               	addwf	___flmul@prod+3,f
 10902  0E0B  3008               	movlw	8
 10903  0E0C  00C2               	movwf	??___flmul
 10904  0E0D                     u4195:
 10905  0E0D  1003               	clrc
 10906  0E0E  0DC9               	rlf	___flmul@grs,f
 10907  0E0F  0DCA               	rlf	___flmul@grs+1,f
 10908  0E10  0DCB               	rlf	___flmul@grs+2,f
 10909  0E11  0DCC               	rlf	___flmul@grs+3,f
 10910  0E12  0BC2               	decfsz	??___flmul,f
 10911  0E13  2E0D               	goto	u4195
 10912  0E14  083B               	movf	___flmul@b+1,w
 10913  0E15  00C2               	movwf	??___flmul
 10914  0E16  0842               	movf	??___flmul,w
 10915  0E17  00F0               	movwf	__Umul8_16@multiplicand
 10916  0E18  083E               	movf	___flmul@a,w
 10917  0E19  160A  158A  2345  120A  158A  	fcall	__Umul8_16
 10918  0E1E  0871               	movf	?__Umul8_16+1,w
 10919  0E1F  00D3               	movwf	___flmul@temp+1
 10920  0E20  0870               	movf	?__Umul8_16,w
 10921  0E21  00D2               	movwf	___flmul@temp
 10922  0E22  0852               	movf	___flmul@temp,w
 10923  0E23  00C2               	movwf	??___flmul
 10924  0E24  0853               	movf	___flmul@temp+1,w
 10925  0E25  00C3               	movwf	??___flmul+1
 10926  0E26  01C4               	clrf	??___flmul+2
 10927  0E27  01C5               	clrf	??___flmul+3
 10928  0E28  0842               	movf	??___flmul,w
 10929  0E29  07C9               	addwf	___flmul@grs,f
 10930  0E2A  0843               	movf	??___flmul+1,w
 10931  0E2B  1103               	clrz
 10932  0E2C  1803               	skipnc
 10933  0E2D  3E01               	addlw	1
 10934  0E2E  1D03               	btfss	3,2
 10935  0E2F  07CA               	addwf	___flmul@grs+1,f
 10936  0E30  0844               	movf	??___flmul+2,w
 10937  0E31  1103               	clrz
 10938  0E32  1803               	skipnc
 10939  0E33  3E01               	addlw	1
 10940  0E34  1D03               	btfss	3,2
 10941  0E35  07CB               	addwf	___flmul@grs+2,f
 10942  0E36  0845               	movf	??___flmul+3,w
 10943  0E37  1103               	clrz
 10944  0E38  1803               	skipnc
 10945  0E39  3E01               	addlw	1
 10946  0E3A  1D03               	btfss	3,2
 10947  0E3B  07CC               	addwf	___flmul@grs+3,f
 10948  0E3C  083A               	movf	___flmul@b,w
 10949  0E3D  00C2               	movwf	??___flmul
 10950  0E3E  0842               	movf	??___flmul,w
 10951  0E3F  00F0               	movwf	__Umul8_16@multiplicand
 10952  0E40  083F               	movf	___flmul@a+1,w
 10953  0E41  160A  158A  2345  120A  158A  	fcall	__Umul8_16
 10954  0E46  0871               	movf	?__Umul8_16+1,w
 10955  0E47  00D3               	movwf	___flmul@temp+1
 10956  0E48  0870               	movf	?__Umul8_16,w
 10957  0E49  00D2               	movwf	___flmul@temp
 10958  0E4A  0852               	movf	___flmul@temp,w
 10959  0E4B  00C2               	movwf	??___flmul
 10960  0E4C  0853               	movf	___flmul@temp+1,w
 10961  0E4D  00C3               	movwf	??___flmul+1
 10962  0E4E  01C4               	clrf	??___flmul+2
 10963  0E4F  01C5               	clrf	??___flmul+3
 10964  0E50  0842               	movf	??___flmul,w
 10965  0E51  07C9               	addwf	___flmul@grs,f
 10966  0E52  0843               	movf	??___flmul+1,w
 10967  0E53  1103               	clrz
 10968  0E54  1803               	skipnc
 10969  0E55  3E01               	addlw	1
 10970  0E56  1D03               	btfss	3,2
 10971  0E57  07CA               	addwf	___flmul@grs+1,f
 10972  0E58  0844               	movf	??___flmul+2,w
 10973  0E59  1103               	clrz
 10974  0E5A  1803               	skipnc
 10975  0E5B  3E01               	addlw	1
 10976  0E5C  1D03               	btfss	3,2
 10977  0E5D  07CB               	addwf	___flmul@grs+2,f
 10978  0E5E  0845               	movf	??___flmul+3,w
 10979  0E5F  1103               	clrz
 10980  0E60  1803               	skipnc
 10981  0E61  3E01               	addlw	1
 10982  0E62  1D03               	btfss	3,2
 10983  0E63  07CC               	addwf	___flmul@grs+3,f
 10984  0E64  3008               	movlw	8
 10985  0E65  00C2               	movwf	??___flmul
 10986  0E66                     u4225:
 10987  0E66  1003               	clrc
 10988  0E67  0DC9               	rlf	___flmul@grs,f
 10989  0E68  0DCA               	rlf	___flmul@grs+1,f
 10990  0E69  0DCB               	rlf	___flmul@grs+2,f
 10991  0E6A  0DCC               	rlf	___flmul@grs+3,f
 10992  0E6B  0BC2               	decfsz	??___flmul,f
 10993  0E6C  2E66               	goto	u4225
 10994  0E6D  083A               	movf	___flmul@b,w
 10995  0E6E  00C2               	movwf	??___flmul
 10996  0E6F  0842               	movf	??___flmul,w
 10997  0E70  00F0               	movwf	__Umul8_16@multiplicand
 10998  0E71  083E               	movf	___flmul@a,w
 10999  0E72  160A  158A  2345  120A  158A  	fcall	__Umul8_16
 11000  0E77  0871               	movf	?__Umul8_16+1,w
 11001  0E78  00D3               	movwf	___flmul@temp+1
 11002  0E79  0870               	movf	?__Umul8_16,w
 11003  0E7A  00D2               	movwf	___flmul@temp
 11004  0E7B  0852               	movf	___flmul@temp,w
 11005  0E7C  00C2               	movwf	??___flmul
 11006  0E7D  0853               	movf	___flmul@temp+1,w
 11007  0E7E  00C3               	movwf	??___flmul+1
 11008  0E7F  01C4               	clrf	??___flmul+2
 11009  0E80  01C5               	clrf	??___flmul+3
 11010  0E81  0842               	movf	??___flmul,w
 11011  0E82  07C9               	addwf	___flmul@grs,f
 11012  0E83  0843               	movf	??___flmul+1,w
 11013  0E84  1103               	clrz
 11014  0E85  1803               	skipnc
 11015  0E86  3E01               	addlw	1
 11016  0E87  1D03               	btfss	3,2
 11017  0E88  07CA               	addwf	___flmul@grs+1,f
 11018  0E89  0844               	movf	??___flmul+2,w
 11019  0E8A  1103               	clrz
 11020  0E8B  1803               	skipnc
 11021  0E8C  3E01               	addlw	1
 11022  0E8D  1D03               	btfss	3,2
 11023  0E8E  07CB               	addwf	___flmul@grs+2,f
 11024  0E8F  0845               	movf	??___flmul+3,w
 11025  0E90  1103               	clrz
 11026  0E91  1803               	skipnc
 11027  0E92  3E01               	addlw	1
 11028  0E93  1D03               	btfss	3,2
 11029  0E94  07CC               	addwf	___flmul@grs+3,f
 11030  0E95  083B               	movf	___flmul@b+1,w
 11031  0E96  00C2               	movwf	??___flmul
 11032  0E97  0842               	movf	??___flmul,w
 11033  0E98  00F0               	movwf	__Umul8_16@multiplicand
 11034  0E99  0840               	movf	___flmul@a+2,w
 11035  0E9A  160A  158A  2345  120A  158A  	fcall	__Umul8_16
 11036  0E9F  0871               	movf	?__Umul8_16+1,w
 11037  0EA0  00D3               	movwf	___flmul@temp+1
 11038  0EA1  0870               	movf	?__Umul8_16,w
 11039  0EA2  00D2               	movwf	___flmul@temp
 11040  0EA3  0852               	movf	___flmul@temp,w
 11041  0EA4  00C2               	movwf	??___flmul
 11042  0EA5  0853               	movf	___flmul@temp+1,w
 11043  0EA6  00C3               	movwf	??___flmul+1
 11044  0EA7  01C4               	clrf	??___flmul+2
 11045  0EA8  01C5               	clrf	??___flmul+3
 11046  0EA9  0842               	movf	??___flmul,w
 11047  0EAA  07CE               	addwf	___flmul@prod,f
 11048  0EAB  0843               	movf	??___flmul+1,w
 11049  0EAC  1103               	clrz
 11050  0EAD  1803               	skipnc
 11051  0EAE  3E01               	addlw	1
 11052  0EAF  1D03               	btfss	3,2
 11053  0EB0  07CF               	addwf	___flmul@prod+1,f
 11054  0EB1  0844               	movf	??___flmul+2,w
 11055  0EB2  1103               	clrz
 11056  0EB3  1803               	skipnc
 11057  0EB4  3E01               	addlw	1
 11058  0EB5  1D03               	btfss	3,2
 11059  0EB6  07D0               	addwf	___flmul@prod+2,f
 11060  0EB7  0845               	movf	??___flmul+3,w
 11061  0EB8  1103               	clrz
 11062  0EB9  1803               	skipnc
 11063  0EBA  3E01               	addlw	1
 11064  0EBB  1D03               	btfss	3,2
 11065  0EBC  07D1               	addwf	___flmul@prod+3,f
 11066  0EBD  083C               	movf	___flmul@b+2,w
 11067  0EBE  00C2               	movwf	??___flmul
 11068  0EBF  0842               	movf	??___flmul,w
 11069  0EC0  00F0               	movwf	__Umul8_16@multiplicand
 11070  0EC1  083F               	movf	___flmul@a+1,w
 11071  0EC2  160A  158A  2345  120A  158A  	fcall	__Umul8_16
 11072  0EC7  0871               	movf	?__Umul8_16+1,w
 11073  0EC8  00D3               	movwf	___flmul@temp+1
 11074  0EC9  0870               	movf	?__Umul8_16,w
 11075  0ECA  00D2               	movwf	___flmul@temp
 11076  0ECB  0852               	movf	___flmul@temp,w
 11077  0ECC  00C2               	movwf	??___flmul
 11078  0ECD  0853               	movf	___flmul@temp+1,w
 11079  0ECE  00C3               	movwf	??___flmul+1
 11080  0ECF  01C4               	clrf	??___flmul+2
 11081  0ED0  01C5               	clrf	??___flmul+3
 11082  0ED1  0842               	movf	??___flmul,w
 11083  0ED2  07CE               	addwf	___flmul@prod,f
 11084  0ED3  0843               	movf	??___flmul+1,w
 11085  0ED4  1103               	clrz
 11086  0ED5  1803               	skipnc
 11087  0ED6  3E01               	addlw	1
 11088  0ED7  1D03               	btfss	3,2
 11089  0ED8  07CF               	addwf	___flmul@prod+1,f
 11090  0ED9  0844               	movf	??___flmul+2,w
 11091  0EDA  1103               	clrz
 11092  0EDB  1803               	skipnc
 11093  0EDC  3E01               	addlw	1
 11094  0EDD  1D03               	btfss	3,2
 11095  0EDE  07D0               	addwf	___flmul@prod+2,f
 11096  0EDF  0845               	movf	??___flmul+3,w
 11097  0EE0  1103               	clrz
 11098  0EE1  1803               	skipnc
 11099  0EE2  3E01               	addlw	1
 11100  0EE3  1D03               	btfss	3,2
 11101  0EE4  07D1               	addwf	___flmul@prod+3,f
 11102  0EE5  083C               	movf	___flmul@b+2,w
 11103  0EE6  00C2               	movwf	??___flmul
 11104  0EE7  0842               	movf	??___flmul,w
 11105  0EE8  00F0               	movwf	__Umul8_16@multiplicand
 11106  0EE9  0840               	movf	___flmul@a+2,w
 11107  0EEA  160A  158A  2345  120A  158A  	fcall	__Umul8_16
 11108  0EEF  0871               	movf	?__Umul8_16+1,w
 11109  0EF0  00D3               	movwf	___flmul@temp+1
 11110  0EF1  0870               	movf	?__Umul8_16,w
 11111  0EF2  00D2               	movwf	___flmul@temp
 11112  0EF3  0852               	movf	___flmul@temp,w
 11113  0EF4  00C2               	movwf	??___flmul
 11114  0EF5  0853               	movf	___flmul@temp+1,w
 11115  0EF6  00C3               	movwf	??___flmul+1
 11116  0EF7  01C4               	clrf	??___flmul+2
 11117  0EF8  01C5               	clrf	??___flmul+3
 11118  0EF9  3008               	movlw	8
 11119  0EFA                     u4265:
 11120  0EFA  1003               	clrc
 11121  0EFB  0DC2               	rlf	??___flmul,f
 11122  0EFC  0DC3               	rlf	??___flmul+1,f
 11123  0EFD  0DC4               	rlf	??___flmul+2,f
 11124  0EFE  0DC5               	rlf	??___flmul+3,f
 11125  0EFF  3EFF               	addlw	-1
 11126  0F00  1D03               	skipz
 11127  0F01  2EFA               	goto	u4265
 11128  0F02  0842               	movf	??___flmul,w
 11129  0F03  07CE               	addwf	___flmul@prod,f
 11130  0F04  0843               	movf	??___flmul+1,w
 11131  0F05  1103               	clrz
 11132  0F06  1803               	skipnc
 11133  0F07  3E01               	addlw	1
 11134  0F08  1D03               	btfss	3,2
 11135  0F09  07CF               	addwf	___flmul@prod+1,f
 11136  0F0A  0844               	movf	??___flmul+2,w
 11137  0F0B  1103               	clrz
 11138  0F0C  1803               	skipnc
 11139  0F0D  3E01               	addlw	1
 11140  0F0E  1D03               	btfss	3,2
 11141  0F0F  07D0               	addwf	___flmul@prod+2,f
 11142  0F10  0845               	movf	??___flmul+3,w
 11143  0F11  1103               	clrz
 11144  0F12  1803               	skipnc
 11145  0F13  3E01               	addlw	1
 11146  0F14  1D03               	btfss	3,2
 11147  0F15  07D1               	addwf	___flmul@prod+3,f
 11148  0F16  084C               	movf	___flmul@grs+3,w
 11149  0F17  00C2               	movwf	??___flmul
 11150  0F18  01C3               	clrf	??___flmul+1
 11151  0F19  01C4               	clrf	??___flmul+2
 11152  0F1A  01C5               	clrf	??___flmul+3
 11153  0F1B  0842               	movf	??___flmul,w
 11154  0F1C  07CE               	addwf	___flmul@prod,f
 11155  0F1D  0843               	movf	??___flmul+1,w
 11156  0F1E  1103               	clrz
 11157  0F1F  1803               	skipnc
 11158  0F20  3E01               	addlw	1
 11159  0F21  1D03               	btfss	3,2
 11160  0F22  07CF               	addwf	___flmul@prod+1,f
 11161  0F23  0844               	movf	??___flmul+2,w
 11162  0F24  1103               	clrz
 11163  0F25  1803               	skipnc
 11164  0F26  3E01               	addlw	1
 11165  0F27  1D03               	btfss	3,2
 11166  0F28  07D0               	addwf	___flmul@prod+2,f
 11167  0F29  0845               	movf	??___flmul+3,w
 11168  0F2A  1103               	clrz
 11169  0F2B  1803               	skipnc
 11170  0F2C  3E01               	addlw	1
 11171  0F2D  1D03               	btfss	3,2
 11172  0F2E  07D1               	addwf	___flmul@prod+3,f
 11173  0F2F  3008               	movlw	8
 11174  0F30  00C2               	movwf	??___flmul
 11175  0F31                     u4295:
 11176  0F31  1003               	clrc
 11177  0F32  0DC9               	rlf	___flmul@grs,f
 11178  0F33  0DCA               	rlf	___flmul@grs+1,f
 11179  0F34  0DCB               	rlf	___flmul@grs+2,f
 11180  0F35  0DCC               	rlf	___flmul@grs+3,f
 11181  0F36  0BC2               	decfsz	??___flmul,f
 11182  0F37  2F31               	goto	u4295
 11183  0F38  084D               	movf	___flmul@bexp,w
 11184  0F39  0748               	addwf	___flmul@aexp,w
 11185  0F3A  00C2               	movwf	??___flmul
 11186  0F3B  01C3               	clrf	??___flmul+1
 11187  0F3C  0DC3               	rlf	??___flmul+1,f
 11188  0F3D  0842               	movf	??___flmul,w
 11189  0F3E  3E82               	addlw	130
 11190  0F3F  00D2               	movwf	___flmul@temp
 11191  0F40  0843               	movf	??___flmul+1,w
 11192  0F41  1803               	skipnc
 11193  0F42  3E01               	addlw	1
 11194  0F43  3EFF               	addlw	255
 11195  0F44  00D3               	movwf	___flmul@temp+1
 11196  0F45                     l3427:
 11197  0F45  1BD0               	btfsc	___flmul@prod+2,7
 11198  0F46  2F62               	goto	l3429
 11199  0F47  3001               	movlw	1
 11200  0F48  00C2               	movwf	??___flmul
 11201  0F49                     u4305:
 11202  0F49  1003               	clrc
 11203  0F4A  0DCE               	rlf	___flmul@prod,f
 11204  0F4B  0DCF               	rlf	___flmul@prod+1,f
 11205  0F4C  0DD0               	rlf	___flmul@prod+2,f
 11206  0F4D  0DD1               	rlf	___flmul@prod+3,f
 11207  0F4E  0BC2               	decfsz	??___flmul,f
 11208  0F4F  2F49               	goto	u4305
 11209  0F50  1BCC               	btfsc	___flmul@grs+3,7
 11210  0F51  144E               	bsf	___flmul@prod,0
 11211  0F52  3001               	movlw	1
 11212  0F53  00C2               	movwf	??___flmul
 11213  0F54                     u4325:
 11214  0F54  1003               	clrc
 11215  0F55  0DC9               	rlf	___flmul@grs,f
 11216  0F56  0DCA               	rlf	___flmul@grs+1,f
 11217  0F57  0DCB               	rlf	___flmul@grs+2,f
 11218  0F58  0DCC               	rlf	___flmul@grs+3,f
 11219  0F59  0BC2               	decfsz	??___flmul,f
 11220  0F5A  2F54               	goto	u4325
 11221  0F5B  30FF               	movlw	255
 11222  0F5C  07D2               	addwf	___flmul@temp,f
 11223  0F5D  1803               	skipnc
 11224  0F5E  0AD3               	incf	___flmul@temp+1,f
 11225  0F5F  30FF               	movlw	255
 11226  0F60  07D3               	addwf	___flmul@temp+1,f
 11227  0F61  2F45               	goto	l3427
 11228  0F62                     l3429:
 11229  0F62  01C8               	clrf	___flmul@aexp
 11230  0F63  1FCC               	btfss	___flmul@grs+3,7
 11231  0F64  2F7B               	goto	l3439
 11232  0F65  30FF               	movlw	255
 11233  0F66  0549               	andwf	___flmul@grs,w
 11234  0F67  00C2               	movwf	??___flmul
 11235  0F68  30FF               	movlw	255
 11236  0F69  054A               	andwf	___flmul@grs+1,w
 11237  0F6A  00C3               	movwf	??___flmul+1
 11238  0F6B  30FF               	movlw	255
 11239  0F6C  054B               	andwf	___flmul@grs+2,w
 11240  0F6D  00C4               	movwf	??___flmul+2
 11241  0F6E  307F               	movlw	127
 11242  0F6F  054C               	andwf	___flmul@grs+3,w
 11243  0F70  00C5               	movwf	??___flmul+3
 11244  0F71  0845               	movf	??___flmul+3,w
 11245  0F72  0444               	iorwf	??___flmul+2,w
 11246  0F73  0443               	iorwf	??___flmul+1,w
 11247  0F74  0442               	iorwf	??___flmul,w
 11248  0F75  1903               	skipnz
 11249  0F76  184E               	btfsc	___flmul@prod,0
 11250  0F77  2F79               	goto	l3435
 11251  0F78  2F7B               	goto	l3439
 11252  0F79                     l3435:
 11253  0F79  01C8               	clrf	___flmul@aexp
 11254  0F7A  0AC8               	incf	___flmul@aexp,f
 11255  0F7B                     l3439:
 11256  0F7B  0848               	movf	___flmul@aexp,w
 11257  0F7C  1903               	btfsc	3,2
 11258  0F7D  2FAD               	goto	l3449
 11259  0F7E  3001               	movlw	1
 11260  0F7F  07CE               	addwf	___flmul@prod,f
 11261  0F80  3000               	movlw	0
 11262  0F81  1803               	skipnc
 11263  0F82  3001               	movlw	1
 11264  0F83  07CF               	addwf	___flmul@prod+1,f
 11265  0F84  3000               	movlw	0
 11266  0F85  1803               	skipnc
 11267  0F86  3001               	movlw	1
 11268  0F87  07D0               	addwf	___flmul@prod+2,f
 11269  0F88  3000               	movlw	0
 11270  0F89  1803               	skipnc
 11271  0F8A  3001               	movlw	1
 11272  0F8B  07D1               	addwf	___flmul@prod+3,f
 11273  0F8C  1C51               	btfss	___flmul@prod+3,0
 11274  0F8D  2FAD               	goto	l3449
 11275  0F8E  084E               	movf	___flmul@prod,w
 11276  0F8F  00C2               	movwf	??___flmul
 11277  0F90  084F               	movf	___flmul@prod+1,w
 11278  0F91  00C3               	movwf	??___flmul+1
 11279  0F92  0850               	movf	___flmul@prod+2,w
 11280  0F93  00C4               	movwf	??___flmul+2
 11281  0F94  0851               	movf	___flmul@prod+3,w
 11282  0F95  00C5               	movwf	??___flmul+3
 11283  0F96  3001               	movlw	1
 11284  0F97  00C6               	movwf	??___flmul+4
 11285  0F98                     u4395:
 11286  0F98  0D45               	rlf	??___flmul+3,w
 11287  0F99  0CC5               	rrf	??___flmul+3,f
 11288  0F9A  0CC4               	rrf	??___flmul+2,f
 11289  0F9B  0CC3               	rrf	??___flmul+1,f
 11290  0F9C  0CC2               	rrf	??___flmul,f
 11291  0F9D  0BC6               	decfsz	??___flmul+4,f
 11292  0F9E  2F98               	goto	u4395
 11293  0F9F  0845               	movf	??___flmul+3,w
 11294  0FA0  00D1               	movwf	___flmul@prod+3
 11295  0FA1  0844               	movf	??___flmul+2,w
 11296  0FA2  00D0               	movwf	___flmul@prod+2
 11297  0FA3  0843               	movf	??___flmul+1,w
 11298  0FA4  00CF               	movwf	___flmul@prod+1
 11299  0FA5  0842               	movf	??___flmul,w
 11300  0FA6  00CE               	movwf	___flmul@prod
 11301  0FA7  3001               	movlw	1
 11302  0FA8  07D2               	addwf	___flmul@temp,f
 11303  0FA9  1803               	skipnc
 11304  0FAA  0AD3               	incf	___flmul@temp+1,f
 11305  0FAB  3000               	movlw	0
 11306  0FAC  07D3               	addwf	___flmul@temp+1,f
 11307  0FAD                     l3449:
 11308  0FAD  0853               	movf	___flmul@temp+1,w
 11309  0FAE  3A80               	xorlw	128
 11310  0FAF  00FF               	movwf	127
 11311  0FB0  3080               	movlw	128
 11312  0FB1  027F               	subwf	127,w
 11313  0FB2  1D03               	skipz
 11314  0FB3  2FB6               	goto	u4405
 11315  0FB4  30FF               	movlw	255
 11316  0FB5  0252               	subwf	___flmul@temp,w
 11317  0FB6                     u4405:
 11318  0FB6  1C03               	skipc
 11319  0FB7  2FC3               	goto	l3453
 11320  0FB8  307F               	movlw	127
 11321  0FB9  1283               	bcf	3,5	;RP0=0, select bank0
 11322  0FBA  1303               	bcf	3,6	;RP1=0, select bank0
 11323  0FBB  00D1               	movwf	___flmul@prod+3
 11324  0FBC  3080               	movlw	128
 11325  0FBD  00D0               	movwf	___flmul@prod+2
 11326  0FBE  3000               	movlw	0
 11327  0FBF  00CF               	movwf	___flmul@prod+1
 11328  0FC0  3000               	movlw	0
 11329  0FC1  00CE               	movwf	___flmul@prod
 11330  0FC2  2FF3               	goto	l832
 11331  0FC3                     l3453:
 11332  0FC3  1283               	bcf	3,5	;RP0=0, select bank0
 11333  0FC4  1303               	bcf	3,6	;RP1=0, select bank0
 11334  0FC5  0853               	movf	___flmul@temp+1,w
 11335  0FC6  3A80               	xorlw	128
 11336  0FC7  00FF               	movwf	127
 11337  0FC8  3080               	movlw	128
 11338  0FC9  027F               	subwf	127,w
 11339  0FCA  1D03               	skipz
 11340  0FCB  2FCE               	goto	u4415
 11341  0FCC  3001               	movlw	1
 11342  0FCD  0252               	subwf	___flmul@temp,w
 11343  0FCE                     u4415:
 11344  0FCE  1803               	skipnc
 11345  0FCF  2FDC               	goto	l3459
 11346  0FD0  3000               	movlw	0
 11347  0FD1  1283               	bcf	3,5	;RP0=0, select bank0
 11348  0FD2  1303               	bcf	3,6	;RP1=0, select bank0
 11349  0FD3  00D1               	movwf	___flmul@prod+3
 11350  0FD4  3000               	movlw	0
 11351  0FD5  00D0               	movwf	___flmul@prod+2
 11352  0FD6  3000               	movlw	0
 11353  0FD7  00CF               	movwf	___flmul@prod+1
 11354  0FD8  3000               	movlw	0
 11355  0FD9  00CE               	movwf	___flmul@prod
 11356  0FDA  01C7               	clrf	___flmul@sign
 11357  0FDB  2FF3               	goto	l832
 11358  0FDC                     l3459:
 11359  0FDC  1283               	bcf	3,5	;RP0=0, select bank0
 11360  0FDD  1303               	bcf	3,6	;RP1=0, select bank0
 11361  0FDE  0852               	movf	___flmul@temp,w
 11362  0FDF  00C2               	movwf	??___flmul
 11363  0FE0  0842               	movf	??___flmul,w
 11364  0FE1  00CD               	movwf	___flmul@bexp
 11365  0FE2  30FF               	movlw	255
 11366  0FE3  05CE               	andwf	___flmul@prod,f
 11367  0FE4  30FF               	movlw	255
 11368  0FE5  05CF               	andwf	___flmul@prod+1,f
 11369  0FE6  307F               	movlw	127
 11370  0FE7  05D0               	andwf	___flmul@prod+2,f
 11371  0FE8  3000               	movlw	0
 11372  0FE9  05D1               	andwf	___flmul@prod+3,f
 11373  0FEA  184D               	btfsc	___flmul@bexp,0
 11374  0FEB  17D0               	bsf	___flmul@prod+2,7
 11375  0FEC  084D               	movf	___flmul@bexp,w
 11376  0FED  00C2               	movwf	??___flmul
 11377  0FEE  1003               	clrc
 11378  0FEF  0C42               	rrf	??___flmul,w
 11379  0FF0  00C3               	movwf	??___flmul+1
 11380  0FF1  0843               	movf	??___flmul+1,w
 11381  0FF2  00D1               	movwf	___flmul@prod+3
 11382  0FF3                     l832:
 11383  0FF3  0847               	movf	___flmul@sign,w
 11384  0FF4  00C2               	movwf	??___flmul
 11385  0FF5  0842               	movf	??___flmul,w
 11386  0FF6  04D1               	iorwf	___flmul@prod+3,f
 11387  0FF7  0851               	movf	___flmul@prod+3,w
 11388  0FF8  00BD               	movwf	?___flmul+3
 11389  0FF9  0850               	movf	___flmul@prod+2,w
 11390  0FFA  00BC               	movwf	?___flmul+2
 11391  0FFB  084F               	movf	___flmul@prod+1,w
 11392  0FFC  00BB               	movwf	?___flmul+1
 11393  0FFD  084E               	movf	___flmul@prod,w
 11394  0FFE  00BA               	movwf	?___flmul
 11395  0FFF  0008               	return
 11396  1000                     __end_of___flmul:
 11397                           
 11398                           	psect	text52
 11399  1B45                     __ptext52:	
 11400 ;; *************** function __Umul8_16 *****************
 11401 ;; Defined at:
 11402 ;;		line 4 in file "C:\Program Files\Microchip\xc8\v2.32\pic\sources\c90\common\Umul8_16.c"
 11403 ;; Parameters:    Size  Location     Type
 11404 ;;  multiplier      1    wreg     unsigned char 
 11405 ;;  multiplicand    1    0[COMMON] unsigned char 
 11406 ;; Auto vars:     Size  Location     Type
 11407 ;;  multiplier      1    8[COMMON] unsigned char 
 11408 ;;  word_mpld       2    6[COMMON] unsigned int 
 11409 ;;  product         2    4[COMMON] unsigned int 
 11410 ;; Return value:  Size  Location     Type
 11411 ;;                  2    0[COMMON] unsigned int 
 11412 ;; Registers used:
 11413 ;;		wreg, status,2, status,0
 11414 ;; Tracked objects:
 11415 ;;		On entry : 300/800
 11416 ;;		On exit  : 300/0
 11417 ;;		Unchanged: 300/0
 11418 ;; Data sizes:     COMMON   BANK0   BANK1   BANK3   BANK2
 11419 ;;      Params:         2       0       0       0       0
 11420 ;;      Locals:         5       0       0       0       0
 11421 ;;      Temps:          2       0       0       0       0
 11422 ;;      Totals:         9       0       0       0       0
 11423 ;;Total ram usage:        9 bytes
 11424 ;; Hardware stack levels used: 1
 11425 ;; This function calls:
 11426 ;;		Nothing
 11427 ;; This function is called by:
 11428 ;;		___flmul
 11429 ;; This function uses a non-reentrant model
 11430 ;;
 11431                           
 11432                           
 11433                           ;psect for function __Umul8_16
 11434  1B45                     __Umul8_16:
 11435                           
 11436                           ;incstack = 0
 11437                           ; Regs used in __Umul8_16: [wreg+status,2+status,0]
 11438                           ;__Umul8_16@multiplier stored from wreg
 11439  1B45  00F8               	movwf	__Umul8_16@multiplier
 11440  1B46  01F4               	clrf	__Umul8_16@product
 11441  1B47  01F5               	clrf	__Umul8_16@product+1
 11442  1B48  0870               	movf	__Umul8_16@multiplicand,w
 11443  1B49  00F2               	movwf	??__Umul8_16
 11444  1B4A  01F3               	clrf	??__Umul8_16+1
 11445  1B4B  0872               	movf	??__Umul8_16,w
 11446  1B4C  00F6               	movwf	__Umul8_16@word_mpld
 11447  1B4D  0873               	movf	??__Umul8_16+1,w
 11448  1B4E  00F7               	movwf	__Umul8_16@word_mpld+1
 11449  1B4F                     l2839:
 11450  1B4F  1C78               	btfss	__Umul8_16@multiplier,0
 11451  1B50  2B57               	goto	l839
 11452  1B51  0876               	movf	__Umul8_16@word_mpld,w
 11453  1B52  07F4               	addwf	__Umul8_16@product,f
 11454  1B53  1803               	skipnc
 11455  1B54  0AF5               	incf	__Umul8_16@product+1,f
 11456  1B55  0877               	movf	__Umul8_16@word_mpld+1,w
 11457  1B56  07F5               	addwf	__Umul8_16@product+1,f
 11458  1B57                     l839:
 11459  1B57  3001               	movlw	1
 11460  1B58                     u3135:
 11461  1B58  1003               	clrc
 11462  1B59  0DF6               	rlf	__Umul8_16@word_mpld,f
 11463  1B5A  0DF7               	rlf	__Umul8_16@word_mpld+1,f
 11464  1B5B  3EFF               	addlw	-1
 11465  1B5C  1D03               	skipz
 11466  1B5D  2B58               	goto	u3135
 11467  1B5E  1003               	clrc
 11468  1B5F  0CF8               	rrf	__Umul8_16@multiplier,f
 11469  1B60  0878               	movf	__Umul8_16@multiplier,w
 11470  1B61  1D03               	btfss	3,2
 11471  1B62  2B4F               	goto	l2839
 11472  1B63  0875               	movf	__Umul8_16@product+1,w
 11473  1B64  00F1               	movwf	?__Umul8_16+1
 11474  1B65  0874               	movf	__Umul8_16@product,w
 11475  1B66  00F0               	movwf	?__Umul8_16
 11476  1B67  0008               	return
 11477  1B68                     __end_of__Umul8_16:
 11478                           
 11479                           	psect	text53
 11480  005F                     __ptext53:	
 11481 ;; *************** function ___fldiv *****************
 11482 ;; Defined at:
 11483 ;;		line 8 in file "C:\Program Files\Microchip\xc8\v2.32\pic\sources\c90\common\sprcdiv.c"
 11484 ;; Parameters:    Size  Location     Type
 11485 ;;  a               4    0[BANK0 ] unsigned int 
 11486 ;;  b               4    4[BANK0 ] unsigned int 
 11487 ;; Auto vars:     Size  Location     Type
 11488 ;;  grs             4   20[BANK0 ] unsigned long 
 11489 ;;  rem             4   13[BANK0 ] unsigned long 
 11490 ;;  new_exp         2   18[BANK0 ] int 
 11491 ;;  aexp            1   25[BANK0 ] unsigned char 
 11492 ;;  bexp            1   24[BANK0 ] unsigned char 
 11493 ;;  sign            1   17[BANK0 ] unsigned char 
 11494 ;; Return value:  Size  Location     Type
 11495 ;;                  4    0[BANK0 ] unsigned char 
 11496 ;; Registers used:
 11497 ;;		wreg, status,2, status,0, btemp+1
 11498 ;; Tracked objects:
 11499 ;;		On entry : 300/0
 11500 ;;		On exit  : 300/0
 11501 ;;		Unchanged: 0/0
 11502 ;; Data sizes:     COMMON   BANK0   BANK1   BANK3   BANK2
 11503 ;;      Params:         0       8       0       0       0
 11504 ;;      Locals:         0      13       0       0       0
 11505 ;;      Temps:          0       5       0       0       0
 11506 ;;      Totals:         0      26       0       0       0
 11507 ;;Total ram usage:       26 bytes
 11508 ;; Hardware stack levels used: 1
 11509 ;; This function calls:
 11510 ;;		Nothing
 11511 ;; This function is called by:
 11512 ;;		_DHT22_read
 11513 ;;		_calculate_temp_stats
 11514 ;; This function uses a non-reentrant model
 11515 ;;
 11516                           
 11517                           
 11518                           ;psect for function ___fldiv
 11519  005F                     ___fldiv:
 11520                           
 11521                           ;incstack = 0
 11522                           ; Regs used in ___fldiv: [wreg+status,2+status,0+btemp+1]
 11523  005F  0827               	movf	___fldiv@b+3,w
 11524  0060  3980               	andlw	128
 11525  0061  00A8               	movwf	??___fldiv
 11526  0062  0828               	movf	??___fldiv,w
 11527  0063  00B1               	movwf	___fldiv@sign
 11528  0064  0827               	movf	___fldiv@b+3,w
 11529  0065  00A8               	movwf	??___fldiv
 11530  0066  0728               	addwf	??___fldiv,w
 11531  0067  00A9               	movwf	??___fldiv+1
 11532  0068  0829               	movf	??___fldiv+1,w
 11533  0069  00B8               	movwf	___fldiv@bexp
 11534  006A  1BA6               	btfsc	___fldiv@b+2,7
 11535  006B  1438               	bsf	___fldiv@bexp,0
 11536  006C  0838               	movf	___fldiv@bexp,w
 11537  006D  1903               	btfsc	3,2
 11538  006E  287D               	goto	l3771
 11539  006F  0A38               	incf	___fldiv@bexp,w
 11540  0070  1D03               	btfss	3,2
 11541  0071  287A               	goto	l3767
 11542  0072  3000               	movlw	0
 11543  0073  00A7               	movwf	___fldiv@b+3
 11544  0074  3000               	movlw	0
 11545  0075  00A6               	movwf	___fldiv@b+2
 11546  0076  3000               	movlw	0
 11547  0077  00A5               	movwf	___fldiv@b+1
 11548  0078  3000               	movlw	0
 11549  0079  00A4               	movwf	___fldiv@b
 11550  007A                     l3767:
 11551  007A  17A6               	bsf	___fldiv@b+2,7
 11552  007B  01A7               	clrf	___fldiv@b+3
 11553  007C  2885               	goto	l3773
 11554  007D                     l3771:
 11555  007D  3000               	movlw	0
 11556  007E  00A7               	movwf	___fldiv@b+3
 11557  007F  3000               	movlw	0
 11558  0080  00A6               	movwf	___fldiv@b+2
 11559  0081  3000               	movlw	0
 11560  0082  00A5               	movwf	___fldiv@b+1
 11561  0083  3000               	movlw	0
 11562  0084  00A4               	movwf	___fldiv@b
 11563  0085                     l3773:
 11564  0085  0823               	movf	___fldiv@a+3,w
 11565  0086  3980               	andlw	128
 11566  0087  00A8               	movwf	??___fldiv
 11567  0088  0828               	movf	??___fldiv,w
 11568  0089  06B1               	xorwf	___fldiv@sign,f
 11569  008A  0823               	movf	___fldiv@a+3,w
 11570  008B  00A8               	movwf	??___fldiv
 11571  008C  0728               	addwf	??___fldiv,w
 11572  008D  00A9               	movwf	??___fldiv+1
 11573  008E  0829               	movf	??___fldiv+1,w
 11574  008F  00B9               	movwf	___fldiv@aexp
 11575  0090  1BA2               	btfsc	___fldiv@a+2,7
 11576  0091  1439               	bsf	___fldiv@aexp,0
 11577  0092  0839               	movf	___fldiv@aexp,w
 11578  0093  1903               	btfsc	3,2
 11579  0094  28A3               	goto	l3791
 11580  0095  0A39               	incf	___fldiv@aexp,w
 11581  0096  1D03               	btfss	3,2
 11582  0097  28A0               	goto	l3787
 11583  0098  3000               	movlw	0
 11584  0099  00A3               	movwf	___fldiv@a+3
 11585  009A  3000               	movlw	0
 11586  009B  00A2               	movwf	___fldiv@a+2
 11587  009C  3000               	movlw	0
 11588  009D  00A1               	movwf	___fldiv@a+1
 11589  009E  3000               	movlw	0
 11590  009F  00A0               	movwf	___fldiv@a
 11591  00A0                     l3787:
 11592  00A0  17A2               	bsf	___fldiv@a+2,7
 11593  00A1  01A3               	clrf	___fldiv@a+3
 11594  00A2  28AB               	goto	l780
 11595  00A3                     l3791:
 11596  00A3  3000               	movlw	0
 11597  00A4  00A3               	movwf	___fldiv@a+3
 11598  00A5  3000               	movlw	0
 11599  00A6  00A2               	movwf	___fldiv@a+2
 11600  00A7  3000               	movlw	0
 11601  00A8  00A1               	movwf	___fldiv@a+1
 11602  00A9  3000               	movlw	0
 11603  00AA  00A0               	movwf	___fldiv@a
 11604  00AB                     l780:
 11605  00AB  0823               	movf	___fldiv@a+3,w
 11606  00AC  0422               	iorwf	___fldiv@a+2,w
 11607  00AD  0421               	iorwf	___fldiv@a+1,w
 11608  00AE  0420               	iorwf	___fldiv@a,w
 11609  00AF  1D03               	skipz
 11610  00B0  28CA               	goto	l3801
 11611  00B1  3000               	movlw	0
 11612  00B2  00A7               	movwf	___fldiv@b+3
 11613  00B3  3000               	movlw	0
 11614  00B4  00A6               	movwf	___fldiv@b+2
 11615  00B5  3000               	movlw	0
 11616  00B6  00A5               	movwf	___fldiv@b+1
 11617  00B7  3000               	movlw	0
 11618  00B8  00A4               	movwf	___fldiv@b
 11619  00B9  3080               	movlw	128
 11620  00BA  04A6               	iorwf	___fldiv@b+2,f
 11621  00BB  307F               	movlw	127
 11622  00BC  04A7               	iorwf	___fldiv@b+3,f
 11623  00BD                     L10:
 11624  00BD  0831               	movf	___fldiv@sign,w
 11625  00BE  00A8               	movwf	??___fldiv
 11626  00BF  0828               	movf	??___fldiv,w
 11627  00C0  04A7               	iorwf	___fldiv@b+3,f
 11628  00C1  0827               	movf	___fldiv@b+3,w
 11629  00C2  00A3               	movwf	?___fldiv+3
 11630  00C3  0826               	movf	___fldiv@b+2,w
 11631  00C4  00A2               	movwf	?___fldiv+2
 11632  00C5  0825               	movf	___fldiv@b+1,w
 11633  00C6  00A1               	movwf	?___fldiv+1
 11634  00C7  0824               	movf	___fldiv@b,w
 11635  00C8  00A0               	movwf	?___fldiv
 11636  00C9  0008               	return
 11637  00CA                     l3801:
 11638  00CA  0838               	movf	___fldiv@bexp,w
 11639  00CB  1D03               	btfss	3,2
 11640  00CC  28D6               	goto	l3807
 11641  00CD  3000               	movlw	0
 11642  00CE  00A3               	movwf	?___fldiv+3
 11643  00CF  3000               	movlw	0
 11644  00D0  00A2               	movwf	?___fldiv+2
 11645  00D1  3000               	movlw	0
 11646  00D2  00A1               	movwf	?___fldiv+1
 11647  00D3  3000               	movlw	0
 11648  00D4  00A0               	movwf	?___fldiv
 11649  00D5  0008               	return
 11650  00D6                     l3807:
 11651  00D6  0838               	movf	___fldiv@bexp,w
 11652  00D7  00A8               	movwf	??___fldiv
 11653  00D8  01A9               	clrf	??___fldiv+1
 11654  00D9  0829               	movf	??___fldiv+1,w
 11655  00DA  00AB               	movwf	??___fldiv+3
 11656  00DB  0839               	movf	___fldiv@aexp,w
 11657  00DC  0228               	subwf	??___fldiv,w
 11658  00DD  00AA               	movwf	??___fldiv+2
 11659  00DE  1C03               	skipc
 11660  00DF  03AB               	decf	??___fldiv+3,f
 11661  00E0  082A               	movf	??___fldiv+2,w
 11662  00E1  3E7F               	addlw	127
 11663  00E2  00B2               	movwf	___fldiv@new_exp
 11664  00E3  082B               	movf	??___fldiv+3,w
 11665  00E4  1803               	skipnc
 11666  00E5  3E01               	addlw	1
 11667  00E6  3E00               	addlw	0
 11668  00E7  00B3               	movwf	___fldiv@new_exp+1
 11669  00E8  0827               	movf	___fldiv@b+3,w
 11670  00E9  00B0               	movwf	___fldiv@rem+3
 11671  00EA  0826               	movf	___fldiv@b+2,w
 11672  00EB  00AF               	movwf	___fldiv@rem+2
 11673  00EC  0825               	movf	___fldiv@b+1,w
 11674  00ED  00AE               	movwf	___fldiv@rem+1
 11675  00EE  0824               	movf	___fldiv@b,w
 11676  00EF  00AD               	movwf	___fldiv@rem
 11677  00F0  3000               	movlw	0
 11678  00F1  00A7               	movwf	___fldiv@b+3
 11679  00F2  3000               	movlw	0
 11680  00F3  00A6               	movwf	___fldiv@b+2
 11681  00F4  3000               	movlw	0
 11682  00F5  00A5               	movwf	___fldiv@b+1
 11683  00F6  3000               	movlw	0
 11684  00F7  00A4               	movwf	___fldiv@b
 11685  00F8  3000               	movlw	0
 11686  00F9  00B7               	movwf	___fldiv@grs+3
 11687  00FA  3000               	movlw	0
 11688  00FB  00B6               	movwf	___fldiv@grs+2
 11689  00FC  3000               	movlw	0
 11690  00FD  00B5               	movwf	___fldiv@grs+1
 11691  00FE  3000               	movlw	0
 11692  00FF  00B4               	movwf	___fldiv@grs
 11693  0100  01B9               	clrf	___fldiv@aexp
 11694  0101                     l3835:
 11695  0101  301A               	movlw	26
 11696  0102  0239               	subwf	___fldiv@aexp,w
 11697  0103  1803               	btfsc	3,0
 11698  0104  2949               	goto	l3837
 11699  0105  0839               	movf	___fldiv@aexp,w
 11700  0106  1903               	btfsc	3,2
 11701  0107  2925               	goto	l3827
 11702  0108  3001               	movlw	1
 11703  0109  00A8               	movwf	??___fldiv
 11704  010A                     u5005:
 11705  010A  1003               	clrc
 11706  010B  0DAD               	rlf	___fldiv@rem,f
 11707  010C  0DAE               	rlf	___fldiv@rem+1,f
 11708  010D  0DAF               	rlf	___fldiv@rem+2,f
 11709  010E  0DB0               	rlf	___fldiv@rem+3,f
 11710  010F  0BA8               	decfsz	??___fldiv,f
 11711  0110  290A               	goto	u5005
 11712  0111  3001               	movlw	1
 11713  0112  00A8               	movwf	??___fldiv
 11714  0113                     u5015:
 11715  0113  1003               	clrc
 11716  0114  0DA4               	rlf	___fldiv@b,f
 11717  0115  0DA5               	rlf	___fldiv@b+1,f
 11718  0116  0DA6               	rlf	___fldiv@b+2,f
 11719  0117  0DA7               	rlf	___fldiv@b+3,f
 11720  0118  0BA8               	decfsz	??___fldiv,f
 11721  0119  2913               	goto	u5015
 11722  011A  1BB7               	btfsc	___fldiv@grs+3,7
 11723  011B  1424               	bsf	___fldiv@b,0
 11724  011C  3001               	movlw	1
 11725  011D  00A8               	movwf	??___fldiv
 11726  011E                     u5035:
 11727  011E  1003               	clrc
 11728  011F  0DB4               	rlf	___fldiv@grs,f
 11729  0120  0DB5               	rlf	___fldiv@grs+1,f
 11730  0121  0DB6               	rlf	___fldiv@grs+2,f
 11731  0122  0DB7               	rlf	___fldiv@grs+3,f
 11732  0123  0BA8               	decfsz	??___fldiv,f
 11733  0124  291E               	goto	u5035
 11734  0125                     l3827:
 11735  0125  0823               	movf	___fldiv@a+3,w
 11736  0126  0230               	subwf	___fldiv@rem+3,w
 11737  0127  1D03               	skipz
 11738  0128  2933               	goto	u5045
 11739  0129  0822               	movf	___fldiv@a+2,w
 11740  012A  022F               	subwf	___fldiv@rem+2,w
 11741  012B  1D03               	skipz
 11742  012C  2933               	goto	u5045
 11743  012D  0821               	movf	___fldiv@a+1,w
 11744  012E  022E               	subwf	___fldiv@rem+1,w
 11745  012F  1D03               	skipz
 11746  0130  2933               	goto	u5045
 11747  0131  0820               	movf	___fldiv@a,w
 11748  0132  022D               	subwf	___fldiv@rem,w
 11749  0133                     u5045:
 11750  0133  1C03               	skipc
 11751  0134  2944               	goto	l3833
 11752  0135  1737               	bsf	___fldiv@grs+3,6
 11753  0136  0820               	movf	___fldiv@a,w
 11754  0137  02AD               	subwf	___fldiv@rem,f
 11755  0138  0821               	movf	___fldiv@a+1,w
 11756  0139  1C03               	skipc
 11757  013A  0F21               	incfsz	___fldiv@a+1,w
 11758  013B  02AE               	subwf	___fldiv@rem+1,f
 11759  013C  0822               	movf	___fldiv@a+2,w
 11760  013D  1C03               	skipc
 11761  013E  0F22               	incfsz	___fldiv@a+2,w
 11762  013F  02AF               	subwf	___fldiv@rem+2,f
 11763  0140  0823               	movf	___fldiv@a+3,w
 11764  0141  1C03               	skipc
 11765  0142  0F23               	incfsz	___fldiv@a+3,w
 11766  0143  02B0               	subwf	___fldiv@rem+3,f
 11767  0144                     l3833:
 11768  0144  3001               	movlw	1
 11769  0145  00A8               	movwf	??___fldiv
 11770  0146  0828               	movf	??___fldiv,w
 11771  0147  07B9               	addwf	___fldiv@aexp,f
 11772  0148  2901               	goto	l3835
 11773  0149                     l3837:
 11774  0149  0830               	movf	___fldiv@rem+3,w
 11775  014A  042F               	iorwf	___fldiv@rem+2,w
 11776  014B  042E               	iorwf	___fldiv@rem+1,w
 11777  014C  042D               	iorwf	___fldiv@rem,w
 11778  014D  1D03               	btfss	3,2
 11779  014E  1434               	bsf	___fldiv@grs,0
 11780  014F                     l3851:
 11781  014F  1BA6               	btfsc	___fldiv@b+2,7
 11782  0150  296C               	goto	l3853
 11783  0151  3001               	movlw	1
 11784  0152  00A8               	movwf	??___fldiv
 11785  0153                     u5075:
 11786  0153  1003               	clrc
 11787  0154  0DA4               	rlf	___fldiv@b,f
 11788  0155  0DA5               	rlf	___fldiv@b+1,f
 11789  0156  0DA6               	rlf	___fldiv@b+2,f
 11790  0157  0DA7               	rlf	___fldiv@b+3,f
 11791  0158  0BA8               	decfsz	??___fldiv,f
 11792  0159  2953               	goto	u5075
 11793  015A  1BB7               	btfsc	___fldiv@grs+3,7
 11794  015B  1424               	bsf	___fldiv@b,0
 11795  015C  3001               	movlw	1
 11796  015D  00A8               	movwf	??___fldiv
 11797  015E                     u5095:
 11798  015E  1003               	clrc
 11799  015F  0DB4               	rlf	___fldiv@grs,f
 11800  0160  0DB5               	rlf	___fldiv@grs+1,f
 11801  0161  0DB6               	rlf	___fldiv@grs+2,f
 11802  0162  0DB7               	rlf	___fldiv@grs+3,f
 11803  0163  0BA8               	decfsz	??___fldiv,f
 11804  0164  295E               	goto	u5095
 11805  0165  30FF               	movlw	255
 11806  0166  07B2               	addwf	___fldiv@new_exp,f
 11807  0167  1803               	skipnc
 11808  0168  0AB3               	incf	___fldiv@new_exp+1,f
 11809  0169  30FF               	movlw	255
 11810  016A  07B3               	addwf	___fldiv@new_exp+1,f
 11811  016B  294F               	goto	l3851
 11812  016C                     l3853:
 11813  016C  01B9               	clrf	___fldiv@aexp
 11814  016D  1FB7               	btfss	___fldiv@grs+3,7
 11815  016E  2985               	goto	l3863
 11816  016F  30FF               	movlw	255
 11817  0170  0534               	andwf	___fldiv@grs,w
 11818  0171  00A8               	movwf	??___fldiv
 11819  0172  30FF               	movlw	255
 11820  0173  0535               	andwf	___fldiv@grs+1,w
 11821  0174  00A9               	movwf	??___fldiv+1
 11822  0175  30FF               	movlw	255
 11823  0176  0536               	andwf	___fldiv@grs+2,w
 11824  0177  00AA               	movwf	??___fldiv+2
 11825  0178  307F               	movlw	127
 11826  0179  0537               	andwf	___fldiv@grs+3,w
 11827  017A  00AB               	movwf	??___fldiv+3
 11828  017B  082B               	movf	??___fldiv+3,w
 11829  017C  042A               	iorwf	??___fldiv+2,w
 11830  017D  0429               	iorwf	??___fldiv+1,w
 11831  017E  0428               	iorwf	??___fldiv,w
 11832  017F  1903               	skipnz
 11833  0180  1824               	btfsc	___fldiv@b,0
 11834  0181  2983               	goto	l3859
 11835  0182  2985               	goto	l3863
 11836  0183                     l3859:
 11837  0183  01B9               	clrf	___fldiv@aexp
 11838  0184  0AB9               	incf	___fldiv@aexp,f
 11839  0185                     l3863:
 11840  0185  0839               	movf	___fldiv@aexp,w
 11841  0186  1903               	btfsc	3,2
 11842  0187  29B7               	goto	l3873
 11843  0188  3001               	movlw	1
 11844  0189  07A4               	addwf	___fldiv@b,f
 11845  018A  3000               	movlw	0
 11846  018B  1803               	skipnc
 11847  018C  3001               	movlw	1
 11848  018D  07A5               	addwf	___fldiv@b+1,f
 11849  018E  3000               	movlw	0
 11850  018F  1803               	skipnc
 11851  0190  3001               	movlw	1
 11852  0191  07A6               	addwf	___fldiv@b+2,f
 11853  0192  3000               	movlw	0
 11854  0193  1803               	skipnc
 11855  0194  3001               	movlw	1
 11856  0195  07A7               	addwf	___fldiv@b+3,f
 11857  0196  1C27               	btfss	___fldiv@b+3,0
 11858  0197  29B7               	goto	l3873
 11859  0198  0824               	movf	___fldiv@b,w
 11860  0199  00A8               	movwf	??___fldiv
 11861  019A  0825               	movf	___fldiv@b+1,w
 11862  019B  00A9               	movwf	??___fldiv+1
 11863  019C  0826               	movf	___fldiv@b+2,w
 11864  019D  00AA               	movwf	??___fldiv+2
 11865  019E  0827               	movf	___fldiv@b+3,w
 11866  019F  00AB               	movwf	??___fldiv+3
 11867  01A0  3001               	movlw	1
 11868  01A1  00AC               	movwf	??___fldiv+4
 11869  01A2                     u5165:
 11870  01A2  0D2B               	rlf	??___fldiv+3,w
 11871  01A3  0CAB               	rrf	??___fldiv+3,f
 11872  01A4  0CAA               	rrf	??___fldiv+2,f
 11873  01A5  0CA9               	rrf	??___fldiv+1,f
 11874  01A6  0CA8               	rrf	??___fldiv,f
 11875  01A7  0BAC               	decfsz	??___fldiv+4,f
 11876  01A8  29A2               	goto	u5165
 11877  01A9  082B               	movf	??___fldiv+3,w
 11878  01AA  00A7               	movwf	___fldiv@b+3
 11879  01AB  082A               	movf	??___fldiv+2,w
 11880  01AC  00A6               	movwf	___fldiv@b+2
 11881  01AD  0829               	movf	??___fldiv+1,w
 11882  01AE  00A5               	movwf	___fldiv@b+1
 11883  01AF  0828               	movf	??___fldiv,w
 11884  01B0  00A4               	movwf	___fldiv@b
 11885  01B1  3001               	movlw	1
 11886  01B2  07B2               	addwf	___fldiv@new_exp,f
 11887  01B3  1803               	skipnc
 11888  01B4  0AB3               	incf	___fldiv@new_exp+1,f
 11889  01B5  3000               	movlw	0
 11890  01B6  07B3               	addwf	___fldiv@new_exp+1,f
 11891  01B7                     l3873:
 11892  01B7  0833               	movf	___fldiv@new_exp+1,w
 11893  01B8  3A80               	xorlw	128
 11894  01B9  00FF               	movwf	127
 11895  01BA  3080               	movlw	128
 11896  01BB  027F               	subwf	127,w
 11897  01BC  1D03               	skipz
 11898  01BD  29C0               	goto	u5175
 11899  01BE  30FF               	movlw	255
 11900  01BF  0232               	subwf	___fldiv@new_exp,w
 11901  01C0                     u5175:
 11902  01C0  1C03               	skipc
 11903  01C1  29D0               	goto	l3877
 11904  01C2  30FF               	movlw	255
 11905  01C3  1283               	bcf	3,5	;RP0=0, select bank0
 11906  01C4  1303               	bcf	3,6	;RP1=0, select bank0
 11907  01C5  00B2               	movwf	___fldiv@new_exp
 11908  01C6  3000               	movlw	0
 11909  01C7  00B3               	movwf	___fldiv@new_exp+1
 11910  01C8  3000               	movlw	0
 11911  01C9  00A7               	movwf	___fldiv@b+3
 11912  01CA  3000               	movlw	0
 11913  01CB  00A6               	movwf	___fldiv@b+2
 11914  01CC  3000               	movlw	0
 11915  01CD  00A5               	movwf	___fldiv@b+1
 11916  01CE  3000               	movlw	0
 11917  01CF  00A4               	movwf	___fldiv@b
 11918  01D0                     l3877:
 11919  01D0  1283               	bcf	3,5	;RP0=0, select bank0
 11920  01D1  1303               	bcf	3,6	;RP1=0, select bank0
 11921  01D2  0833               	movf	___fldiv@new_exp+1,w
 11922  01D3  3A80               	xorlw	128
 11923  01D4  00FF               	movwf	127
 11924  01D5  3080               	movlw	128
 11925  01D6  027F               	subwf	127,w
 11926  01D7  1D03               	skipz
 11927  01D8  29DB               	goto	u5185
 11928  01D9  3001               	movlw	1
 11929  01DA  0232               	subwf	___fldiv@new_exp,w
 11930  01DB                     u5185:
 11931  01DB  1803               	skipnc
 11932  01DC  29EA               	goto	l802
 11933  01DD  1283               	bcf	3,5	;RP0=0, select bank0
 11934  01DE  1303               	bcf	3,6	;RP1=0, select bank0
 11935  01DF  01B2               	clrf	___fldiv@new_exp
 11936  01E0  01B3               	clrf	___fldiv@new_exp+1
 11937  01E1  3000               	movlw	0
 11938  01E2  00A7               	movwf	___fldiv@b+3
 11939  01E3  3000               	movlw	0
 11940  01E4  00A6               	movwf	___fldiv@b+2
 11941  01E5  3000               	movlw	0
 11942  01E6  00A5               	movwf	___fldiv@b+1
 11943  01E7  3000               	movlw	0
 11944  01E8  00A4               	movwf	___fldiv@b
 11945  01E9  01B1               	clrf	___fldiv@sign
 11946  01EA                     l802:
 11947  01EA  1283               	bcf	3,5	;RP0=0, select bank0
 11948  01EB  1303               	bcf	3,6	;RP1=0, select bank0
 11949  01EC  0832               	movf	___fldiv@new_exp,w
 11950  01ED  00A8               	movwf	??___fldiv
 11951  01EE  0828               	movf	??___fldiv,w
 11952  01EF  00B8               	movwf	___fldiv@bexp
 11953  01F0  1C38               	btfss	___fldiv@bexp,0
 11954  01F1  29F4               	goto	l3889
 11955  01F2  17A6               	bsf	___fldiv@b+2,7
 11956  01F3  29F8               	goto	l804
 11957  01F4                     l3889:
 11958  01F4  307F               	movlw	127
 11959  01F5  00A8               	movwf	??___fldiv
 11960  01F6  0828               	movf	??___fldiv,w
 11961  01F7  05A6               	andwf	___fldiv@b+2,f
 11962  01F8                     l804:
 11963  01F8  0838               	movf	___fldiv@bexp,w
 11964  01F9  00A8               	movwf	??___fldiv
 11965  01FA  1003               	clrc
 11966  01FB  0C28               	rrf	??___fldiv,w
 11967  01FC  00A9               	movwf	??___fldiv+1
 11968  01FD  0829               	movf	??___fldiv+1,w
 11969  01FE  00A7               	movwf	___fldiv@b+3
 11970  01FF  28BD               	goto	L10
 11971  0200                     __end_of___fldiv:
 11972                           
 11973                           	psect	text54
 11974  19F6                     __ptext54:	
 11975 ;; *************** function _DHT22_init *****************
 11976 ;; Defined at:
 11977 ;;		line 3 in file "DHT22.c"
 11978 ;; Parameters:    Size  Location     Type
 11979 ;;		None
 11980 ;; Auto vars:     Size  Location     Type
 11981 ;;		None
 11982 ;; Return value:  Size  Location     Type
 11983 ;;                  1    wreg      void 
 11984 ;; Registers used:
 11985 ;;		wreg
 11986 ;; Tracked objects:
 11987 ;;		On entry : 0/100
 11988 ;;		On exit  : 0/0
 11989 ;;		Unchanged: 0/0
 11990 ;; Data sizes:     COMMON   BANK0   BANK1   BANK3   BANK2
 11991 ;;      Params:         0       0       0       0       0
 11992 ;;      Locals:         0       0       0       0       0
 11993 ;;      Temps:          3       0       0       0       0
 11994 ;;      Totals:         3       0       0       0       0
 11995 ;;Total ram usage:        3 bytes
 11996 ;; Hardware stack levels used: 1
 11997 ;; This function calls:
 11998 ;;		Nothing
 11999 ;; This function is called by:
 12000 ;;		_main
 12001 ;; This function uses a non-reentrant model
 12002 ;;
 12003                           
 12004                           
 12005                           ;psect for function _DHT22_init
 12006  19F6                     _DHT22_init:
 12007                           
 12008                           ;DHT22.c: 4:     TRISCbits.TRISC2 = 0;
 12009                           
 12010                           ;incstack = 0
 12011                           ; Regs used in _DHT22_init: [wreg]
 12012  19F6  1683               	bsf	3,5	;RP0=1, select bank1
 12013  19F7  1303               	bcf	3,6	;RP1=0, select bank1
 12014  19F8  1107               	bcf	7,2	;volatile
 12015                           
 12016                           ;DHT22.c: 5:     PORTCbits.RC2 = 1;
 12017  19F9  1283               	bcf	3,5	;RP0=0, select bank0
 12018  19FA  1507               	bsf	7,2	;volatile
 12019                           
 12020                           ;DHT22.c: 6:     _delay((unsigned long)((100)*(20000000/4000.0)));
 12021  19FB  3003               	movlw	3
 12022  19FC  00F2               	movwf	??_DHT22_init+2
 12023  19FD  308A               	movlw	138
 12024  19FE  00F1               	movwf	??_DHT22_init+1
 12025  19FF  3055               	movlw	85
 12026  1A00  00F0               	movwf	??_DHT22_init
 12027  1A01                     u6577:
 12028  1A01  0BF0               	decfsz	??_DHT22_init,f
 12029  1A02  2A01               	goto	u6577
 12030  1A03  0BF1               	decfsz	??_DHT22_init+1,f
 12031  1A04  2A01               	goto	u6577
 12032  1A05  0BF2               	decfsz	??_DHT22_init+2,f
 12033  1A06  2A01               	goto	u6577
 12034  1A07  2A08               	nop2
 12035  1A08  0008               	return
 12036  1A09                     __end_of_DHT22_init:
 12037  007E                     btemp	set	126	;btemp
 12038  007E                     wtemp0	set	126
 12039                           
 12040                           	psect	config
 12041                           
 12042                           ;Config register CONFIG1 @ 0x2007
 12043                           ;	Oscillator Selection bits
 12044                           ;	FOSC = HS, HS oscillator: High-speed crystal/resonator on RA6/OSC2/CLKOUT and RA7/OSC1
      +                          /CLKIN
 12045                           ;	Watchdog Timer Enable bit
 12046                           ;	WDTE = OFF, WDT disabled and can be enabled by SWDTEN bit of the WDTCON register
 12047                           ;	Power-up Timer Enable bit
 12048                           ;	PWRTE = ON, PWRT enabled
 12049                           ;	RE3/MCLR pin function select bit
 12050                           ;	MCLRE = ON, RE3/MCLR pin function is MCLR
 12051                           ;	Code Protection bit
 12052                           ;	CP = OFF, Program memory code protection is disabled
 12053                           ;	Data Code Protection bit
 12054                           ;	CPD = OFF, Data memory code protection is disabled
 12055                           ;	Brown Out Reset Selection bits
 12056                           ;	BOREN = OFF, BOR disabled
 12057                           ;	Internal External Switchover bit
 12058                           ;	IESO = OFF, Internal/External Switchover mode is disabled
 12059                           ;	Fail-Safe Clock Monitor Enabled bit
 12060                           ;	FCMEN = OFF, Fail-Safe Clock Monitor is disabled
 12061                           ;	Low Voltage Programming Enable bit
 12062                           ;	LVP = OFF, RB3 pin has digital I/O, HV on MCLR must be used for programming
 12063                           ;	In-Circuit Debugger Mode bit
 12064                           ;	DEBUG = 0x1, unprogrammed default
 12065  2007                     	org	8199
 12066  2007  20E2               	dw	8418
 12067                           
 12068                           ;Config register CONFIG2 @ 0x2008
 12069                           ;	Brown-out Reset Selection bit
 12070                           ;	BOR4V = BOR40V, Brown-out Reset set to 4.0V
 12071                           ;	Flash Program Memory Self Write Enable bits
 12072                           ;	WRT = OFF, Write protection off
 12073  2008                     	org	8200
 12074  2008  3FFF               	dw	16383

Data Sizes:
    Strings     155
    Constant    0
    Data        6
    BSS         103
    Persistent  0
    Stack       0

Auto Spaces:
    Space          Size  Autos    Used
    COMMON           14     14      14
    BANK0            80     79      80
    BANK1            80     63      78
    BANK3            96      0      93
    BANK2            96      0       0

Pointer List with Targets:

    FAT32_AppendLine@filename	PTR const unsigned char  size(1) Largest target is 9
		 -> STR_20(CODE[9]), STR_16(CODE[9]), 

    FAT32_AppendLine@line	PTR const unsigned char  size(2) Largest target is 40
		 -> csv(BANK3[40]), STR_17(CODE[22]), 

    SD_WriteBytes@buf	PTR unsigned char  size(2) Largest target is 40
		 -> csv(BANK3[40]), STR_17(CODE[22]), 

    DS3231_ReadTime@time	PTR struct . size(1) Largest target is 7
		 -> main@t(BANK1[7]), 

    clr@t	PTR struct . size(1) Largest target is 7
		 -> main@t(BANK1[7]), 

    Lcd_Write_String@a	PTR const unsigned char  size(1) Largest target is 15
		 -> STR_21(CODE[15]), STR_18(CODE[15]), STR_15(CODE[15]), STR_14(CODE[11]), 
		 -> STR_13(CODE[13]), STR_12(CODE[8]), STR_11(CODE[4]), STR_10(CODE[5]), 
		 -> STR_9(CODE[4]), STR_8(CODE[5]), STR_7(CODE[5]), STR_6(CODE[6]), 
		 -> STR_5(CODE[5]), STR_4(CODE[5]), STR_3(CODE[5]), STR_2(CODE[3]), 
		 -> STR_1(CODE[2]), 

    display_main_screen@t	PTR struct . size(1) Largest target is 7
		 -> main@t(BANK1[7]), 

    sort_temps@arr	PTR float  size(1) Largest target is 24
		 -> calculate_temp_stats@sorted(BANK1[24]), 

    DHT22_read@dht_humedad	PTR float  size(1) Largest target is 4
		 -> main@hum(BANK1[4]), 

    DHT22_read@dht_temperatura	PTR float  size(1) Largest target is 4
		 -> main@temp(BANK1[4]), 


Critical Paths under _main in COMMON

    _main->_FAT32_AppendLine
    _main->_SD_Init
    _main->___awmod
    _main->___lwmod
    _pf->___lwmod
    ___lwmod->___lwdiv
    _p2->___lbmod
    _Lcd_Write_String->_Lcd_Write_Char
    _Lcd_Write_Char->_Lcd_Port
    _Lcd_Set_Cursor->_Lcd_Cmd
    _calculate_temp_stats->___xxtofl
    _sort_temps->___flge
    ___awdiv->___wmul
    _add_temp_to_buffer->___awmod
    ___awmod->___awdiv
    _SD_Init->_SD_Cmd
    _Lcd_Init->_Lcd_Cmd
    _Lcd_Clear->_Lcd_Cmd
    _Lcd_Cmd->_Lcd_Port
    _SD_WriteBytes->_SD_Cmd
    _SD_Cmd->_SD_SPI_Transfer
    _DS3231_ReadTime->_bcd2dec
    _bcd2dec->___bmul
    _DS3231_IsPresent->_I2C_Write
    _DS3231_Init->_I2C_Init
    _DHT22_read->___xxtofl
    ___flmul->___xxtofl
    ___fldiv->___xxtofl

Critical Paths under _main in BANK0

    _main->_display_main_screen
    _pf->___fltol
    ___fltol->___fladd
    _calculate_temp_stats->___fladd
    ___fladd->___flmul
    _add_temp_to_buffer->___awmod
    ___awmod->___awdiv
    _SD_Init->_SD_Cmd
    _FAT32_AppendLine->_SD_WriteBytes
    _SD_WriteBytes->_SD_Cmd
    _DHT22_read->___flmul
    ___flmul->___fldiv

Critical Paths under _main in BANK1

    _main->_calculate_temp_stats
    _display_stats_screen->_pf
    _display_quartiles_screen->_pf
    _display_main_screen->_pf
    _pf->___fltol

Critical Paths under _main in BANK3

    None.

Critical Paths under _main in BANK2

    None.

Call Graph Tables:

 ---------------------------------------------------------------------------------
 (Depth) Function   	        Calls       Base Space   Used Autos Params    Refs
 ---------------------------------------------------------------------------------
 (0) _main                                                33    33      0   79974
                                             32 BANK1     31    31      0
                         _DHT22_init
                         _DHT22_read
                        _DS3231_Init
                    _DS3231_ReadTime
                   _FAT32_AppendLine
                         _FAT32_Init
                          _Lcd_Clear
                           _Lcd_Init
                     _Lcd_Set_Cursor
                     _Lcd_Write_Char
                   _Lcd_Write_String
                            _SD_Init
                            ___awdiv
                            ___awmod
                            ___fladd
                             ___flge
                            ___flmul
                            ___fltol
                            ___lbdiv
                            ___lbmod
                            ___lwdiv
                            ___lwmod
                 _add_temp_to_buffer
               _calculate_temp_stats
                _display_main_screen
           _display_quartiles_screen
               _display_stats_screen
                  _read_button_press
 ---------------------------------------------------------------------------------
 (1) _read_button_press                                    3     3      0      45
                                              0 COMMON     3     3      0
 ---------------------------------------------------------------------------------
 (1) _display_stats_screen                                 0     0      0   12745
                     _Lcd_Set_Cursor
                     _Lcd_Write_Char
                   _Lcd_Write_String
                                 _pf
 ---------------------------------------------------------------------------------
 (1) _display_quartiles_screen                             0     0      0   12567
                     _Lcd_Set_Cursor
                   _Lcd_Write_String
                                 _pf
 ---------------------------------------------------------------------------------
 (1) _display_main_screen                                  9     1      8   14985
                                             78 BANK0      1     1      0
                                             15 BANK1      8     0      8
                     _Lcd_Set_Cursor
                     _Lcd_Write_Char
                   _Lcd_Write_String
                                 _p2
                                 _pf
 ---------------------------------------------------------------------------------
 (2) _pf                                                  10     6      4   10558
                                              5 BANK1     10     6      4
                     _Lcd_Write_Char
                            ___fladd
                             ___flge
                            ___flmul
                            ___fltol
                            ___lwdiv
                            ___lwmod
 ---------------------------------------------------------------------------------
 (3) ___lwmod                                              6     2      4    1071
                                              8 COMMON     6     2      4
                            ___lwdiv (ARG)
 ---------------------------------------------------------------------------------
 (3) ___lwdiv                                              8     4      4     770
                                              0 COMMON     8     4      4
 ---------------------------------------------------------------------------------
 (3) ___fltol                                             11     7      4     457
                                             72 BANK0      6     2      4
                                              0 BANK1      5     5      0
                            ___fladd (ARG)
                            ___flmul (ARG)
 ---------------------------------------------------------------------------------
 (2) _p2                                                   2     2      0    1531
                                              7 COMMON     2     2      0
                     _Lcd_Write_Char
                            ___lbdiv
                            ___lbmod
 ---------------------------------------------------------------------------------
 (3) ___lbmod                                              7     6      1     691
                                              0 COMMON     7     6      1
 ---------------------------------------------------------------------------------
 (3) ___lbdiv                                              5     4      1     618
                                              0 COMMON     5     4      1
 ---------------------------------------------------------------------------------
 (2) _Lcd_Write_String                                     3     3      0     829
                                              6 COMMON     3     3      0
                     _Lcd_Write_Char
 ---------------------------------------------------------------------------------
 (3) _Lcd_Write_Char                                       5     5      0     178
                                              1 COMMON     5     5      0
                           _Lcd_Port
 ---------------------------------------------------------------------------------
 (2) _Lcd_Set_Cursor                                       7     6      1    1180
                                              4 COMMON     7     6      1
                            _Lcd_Cmd
 ---------------------------------------------------------------------------------
 (1) _calculate_temp_stats                                38    38      0   10535
                                             72 BANK0      6     6      0
                                              0 BANK1     32    32      0
                            ___awdiv
                            ___fladd
                            ___fldiv
                             ___flge
                             ___wmul
                           ___xxtofl
                         _sort_temps
 ---------------------------------------------------------------------------------
 (2) _sort_temps                                          16    15      1    2212
                                             12 COMMON     1     0      1
                                              0 BANK0     15    15      0
                             ___flge
 ---------------------------------------------------------------------------------
 (3) ___flge                                              12     4      8    1702
                                              0 COMMON    12     4      8
 ---------------------------------------------------------------------------------
 (2) ___wmul                                               6     2      4     244
                                              0 COMMON     6     2      4
 ---------------------------------------------------------------------------------
 (3) ___fladd                                             20    12      8    2718
                                             52 BANK0     20    12      8
                            ___flmul (ARG)
 ---------------------------------------------------------------------------------
 (2) ___awdiv                                              9     5      4     756
                                              6 COMMON     5     1      4
                                              0 BANK0      4     4      0
                             ___wmul (ARG)
 ---------------------------------------------------------------------------------
 (1) _add_temp_to_buffer                                   5     1      4    1230
                                              8 BANK0      5     1      4
                            ___awmod
 ---------------------------------------------------------------------------------
 (2) ___awmod                                              7     3      4    1056
                                             11 COMMON     3     3      0
                                              4 BANK0      4     0      4
                            ___awdiv (ARG)
 ---------------------------------------------------------------------------------
 (1) _SD_Init                                              6     6      0    1273
                                             12 COMMON     2     2      0
                                              4 BANK0      4     4      0
                             _SD_Cmd
                        _SD_SPI_Init
                    _SD_SPI_Transfer
 ---------------------------------------------------------------------------------
 (2) _SD_SPI_Init                                          0     0      0       0
 ---------------------------------------------------------------------------------
 (1) _Lcd_Init                                             2     2      0     110
                                              4 COMMON     2     2      0
                            _Lcd_Cmd
 ---------------------------------------------------------------------------------
 (1) _Lcd_Clear                                            2     2      0     110
                                              4 COMMON     2     2      0
                            _Lcd_Cmd
 ---------------------------------------------------------------------------------
 (3) _Lcd_Cmd                                              3     3      0     110
                                              1 COMMON     3     3      0
                           _Lcd_Port
 ---------------------------------------------------------------------------------
 (4) _Lcd_Port                                             1     1      0      88
                                              0 COMMON     1     1      0
 ---------------------------------------------------------------------------------
 (1) _FAT32_Init                                           0     0      0       0
 ---------------------------------------------------------------------------------
 (1) _FAT32_AppendLine                                     5     3      2    2050
                                             12 COMMON     2     0      2
                                             20 BANK0      3     3      0
                      _SD_WriteBytes
 ---------------------------------------------------------------------------------
 (2) _SD_WriteBytes                                       16     7      9    1686
                                              4 BANK0     16     7      9
                             _SD_Cmd
                    _SD_SPI_Transfer
 ---------------------------------------------------------------------------------
 (2) _SD_Cmd                                               9     5      4     907
                                              7 COMMON     5     1      4
                                              0 BANK0      4     4      0
                    _SD_SPI_Transfer
 ---------------------------------------------------------------------------------
 (2) _SD_SPI_Transfer                                      7     7      0     115
                                              0 COMMON     7     7      0
 ---------------------------------------------------------------------------------
 (1) _DS3231_ReadTime                                      3     3      0    1476
                                              8 COMMON     3     3      0
                   _DS3231_IsPresent
                           _I2C_Read
                          _I2C_Start
                           _I2C_Stop
                          _I2C_Write
                            _bcd2dec
                                _clr
 ---------------------------------------------------------------------------------
 (2) _clr                                                  1     1      0     319
                                              0 COMMON     1     1      0
 ---------------------------------------------------------------------------------
 (2) _bcd2dec                                              4     4      0     212
                                              4 COMMON     4     4      0
                             ___bmul
 ---------------------------------------------------------------------------------
 (3) ___bmul                                               4     3      1     168
                                              0 COMMON     4     3      1
 ---------------------------------------------------------------------------------
 (2) _I2C_Read                                             4     4      0      93
                                              0 COMMON     4     4      0
                         _SCL_drive0
                        _SCL_release
                         _SDA_drive0
                        _SDA_release
 ---------------------------------------------------------------------------------
 (2) _DS3231_IsPresent                                     2     2      0     115
                                              4 COMMON     2     2      0
                          _I2C_Start
                           _I2C_Stop
                          _I2C_Write
 ---------------------------------------------------------------------------------
 (2) _I2C_Write                                            4     4      0      92
                                              0 COMMON     4     4      0
                         _SCL_drive0
                        _SCL_release
                         _SDA_drive0
                        _SDA_release
 ---------------------------------------------------------------------------------
 (2) _I2C_Stop                                             1     1      0       0
                                              0 COMMON     1     1      0
                        _SCL_release
                         _SDA_drive0
                        _SDA_release
 ---------------------------------------------------------------------------------
 (2) _I2C_Start                                            1     1      0       0
                                              0 COMMON     1     1      0
                         _SCL_drive0
                        _SCL_release
                         _SDA_drive0
                        _SDA_release
 ---------------------------------------------------------------------------------
 (3) _SDA_drive0                                           0     0      0       0
 ---------------------------------------------------------------------------------
 (3) _SCL_drive0                                           0     0      0       0
 ---------------------------------------------------------------------------------
 (1) _DS3231_Init                                          2     2      0       0
                                              1 COMMON     2     2      0
                           _I2C_Init
 ---------------------------------------------------------------------------------
 (2) _I2C_Init                                             1     1      0       0
                                              0 COMMON     1     1      0
                        _SCL_release
                        _SDA_release
 ---------------------------------------------------------------------------------
 (3) _SDA_release                                          0     0      0       0
 ---------------------------------------------------------------------------------
 (3) _SCL_release                                          0     0      0       0
 ---------------------------------------------------------------------------------
 (1) _DHT22_read                                          18    17      1    5993
                                             52 BANK0     18    17      1
                            ___fldiv
                            ___flmul
                           ___xxtofl
 ---------------------------------------------------------------------------------
 (2) ___xxtofl                                            14    10      4     626
                                              0 COMMON    14    10      4
 ---------------------------------------------------------------------------------
 (3) ___flmul                                             26    18      8    2874
                                             26 BANK0     26    18      8
                          __Umul8_16
                            ___fldiv (ARG)
                           ___xxtofl (ARG)
 ---------------------------------------------------------------------------------
 (4) __Umul8_16                                            9     7      2     799
                                              0 COMMON     9     7      2
 ---------------------------------------------------------------------------------
 (2) ___fldiv                                             26    18      8    1729
                                              0 BANK0     26    18      8
                           ___xxtofl (ARG)
 ---------------------------------------------------------------------------------
 (1) _DHT22_init                                           3     3      0       0
                                              0 COMMON     3     3      0
 ---------------------------------------------------------------------------------
 Estimated maximum stack depth 4
 ---------------------------------------------------------------------------------

 Call Graph Graphs:

 _main (ROOT)
   _DHT22_init
   _DHT22_read
     ___fldiv
       ___xxtofl (ARG)
     ___flmul
       __Umul8_16
       ___fldiv (ARG)
       ___xxtofl (ARG)
     ___xxtofl
   _DS3231_Init
     _I2C_Init
       _SCL_release
       _SDA_release
   _DS3231_ReadTime
     _DS3231_IsPresent
       _I2C_Start
         _SCL_drive0
         _SCL_release
         _SDA_drive0
         _SDA_release
       _I2C_Stop
         _SCL_release
         _SDA_drive0
         _SDA_release
       _I2C_Write
         _SCL_drive0
         _SCL_release
         _SDA_drive0
         _SDA_release
     _I2C_Read
       _SCL_drive0
       _SCL_release
       _SDA_drive0
       _SDA_release
     _I2C_Start
     _I2C_Stop
     _I2C_Write
     _bcd2dec
       ___bmul
     _clr
   _FAT32_AppendLine
     _SD_WriteBytes
       _SD_Cmd
         _SD_SPI_Transfer
       _SD_SPI_Transfer
   _FAT32_Init
   _Lcd_Clear
     _Lcd_Cmd
       _Lcd_Port
   _Lcd_Init
     _Lcd_Cmd
   _Lcd_Set_Cursor
     _Lcd_Cmd
   _Lcd_Write_Char
     _Lcd_Port
   _Lcd_Write_String
     _Lcd_Write_Char
   _SD_Init
     _SD_Cmd
     _SD_SPI_Init
     _SD_SPI_Transfer
   ___awdiv
     ___wmul (ARG)
   ___awmod
     ___awdiv (ARG)
   ___fladd
     ___flmul (ARG)
   ___flge
   ___flmul
   ___fltol
     ___fladd (ARG)
     ___flmul (ARG)
   ___lbdiv
   ___lbmod
   ___lwdiv
   ___lwmod
     ___lwdiv (ARG)
   _add_temp_to_buffer
     ___awmod
   _calculate_temp_stats
     ___awdiv
     ___fladd
     ___fldiv
     ___flge
     ___wmul
     ___xxtofl
     _sort_temps
       ___flge
   _display_main_screen
     _Lcd_Set_Cursor
     _Lcd_Write_Char
     _Lcd_Write_String
     _p2
       _Lcd_Write_Char
       ___lbdiv
       ___lbmod
     _pf
       _Lcd_Write_Char
       ___fladd
       ___flge
       ___flmul
       ___fltol
       ___lwdiv
       ___lwmod
   _display_quartiles_screen
     _Lcd_Set_Cursor
     _Lcd_Write_String
     _pf
   _display_stats_screen
     _Lcd_Set_Cursor
     _Lcd_Write_Char
     _Lcd_Write_String
     _pf
   _read_button_press

 Address spaces:
Name               Size   Autos  Total    Cost      Usage
BANK3               60      0      5D       9       96.9%
BITBANK3            60      0       0       8        0.0%
SFR3                 0      0       0       4        0.0%
BITSFR3              0      0       0       4        0.0%
BANK2               60      0       0      11        0.0%
BITBANK2            60      0       0      10        0.0%
SFR2                 0      0       0       5        0.0%
BITSFR2              0      0       0       5        0.0%
BANK1               50     3F      4E       7       97.5%
BITBANK1            50      0       0       6        0.0%
SFR1                 0      0       0       2        0.0%
BITSFR1              0      0       0       2        0.0%
BANK0               50     4F      50       5      100.0%
BITBANK0            50      0       0       4        0.0%
SFR0                 0      0       0       1        0.0%
BITSFR0              0      0       0       1        0.0%
COMMON               E      E       E       1      100.0%
BITCOMMON            E      0       0       0        0.0%
CODE                 0      0       0       0        0.0%
DATA                 0      0     109      12        0.0%
ABS                  0      0     109       3        0.0%
NULL                 0      0       0       0        0.0%
STACK                0      0       0       2        0.0%
EEDATA             100      0       0       0        0.0%


Microchip Technology PIC Macro Assembler V2.32 build 20210201212658 
Symbol Table                                                                                   Wed Nov 19 07:33:37 2025

                     ___fldiv@aexp 0039                       ___fldiv@bexp 0038  
                                pc 0002               ??_add_temp_to_buffer 002C  
                     ___fldiv@sign 0031                     ___bmul@product 0072  
               __size_of_I2C_Start 001B                 __size_of_I2C_Write 0043  
                               l23 1713                                 l19 16F7  
                               _p2 1B02                       ___awdiv@sign 0021  
                               _pf 14A3                                 fsr 0004  
              ___wmul@multiplicand 0072                __Umul8_16@word_mpld 0076  
              __size_of_FAT32_Init 000C                                ?_p2 0070  
                              l103 08D1                                ?_pf 00A5  
                              l226 1CE7                                l170 1A2F  
                              l171 1A33                                l229 1CF4  
                              l237 1032                                l325 1475  
                              l165 1A24                                l166 1A25  
                              l167 1A29                                l431 1ACA  
                              l272 1BDB                                l328 1491  
                              l168 1A2A                                l169 1A2E  
                              l605 105F                                l608 10C5  
                              l624 1F53                                l641 1B85  
                              l802 01EA                                l730 0BA5  
                              l804 01F8                                l724 0B2E  
                              l832 0FF3                                l728 0BC7  
                              l745 0C80                                l780 00AB  
                              l870 11C9                                l766 0D00  
                              l758 0CE8                                l839 1B57  
                              l864 1189                                l877 11DF  
                              l878 11E9                                p2@v 0078  
                              _clr 1A82                                _csv 01C5  
                              pf@f 00A5                                pf@v 00AD  
                              fsr0 0004                                indf 0000  
                     ___awmod@sign 007D                       ___flmul@aexp 0048  
                     ___flmul@bexp 004D                       ___flmul@sign 0047  
                     ___flmul@temp 0052                       ___flmul@prod 004E  
              __size_of_DHT22_init 0013                __size_of_DHT22_read 0143  
                             ??_p2 0077                               ??_pf 007E  
                     ___fltol@exp1 006D                               l3001 109F  
                             l3013 1F05                               l3101 1C81  
                             l3111 1CA2                               l3033 1F3D  
                             l3017 1F0E                               l4011 17A2  
                             l3043 1F66                               l3035 1F4F  
                             l3107 1C97                               l3123 1C0C  
                             l3125 1C1A                               l3133 1C33  
                             l3303 0CB5                               l3223 0BB0  
                             l3215 0B74                               l3151 0AF9  
                             l3321 0CF8                               l3241 0BD5  
                             l3225 0BB2                               l3233 0BC1  
                             l4033 08CD                               l3057 1AE8  
                             l3129 1C28                               l3251 0BF8  
                             l3155 0AFC                               l4051 09BA  
                             l3059 1AF1                               l3325 0CFC  
                             l3157 0B04                               l3069 1B00  
                             l3077 1B6E                               ?_clr 0070  
                             l4223 125B                               l4215 1251  
                             l3175 0B23                               l3503 13AD  
                             l4055 0A06                               l4143 1BA8  
                             l3345 0D26                               l4233 1270  
                             l4217 1258                               l4209 1233  
                             l3249 0BF6                               l3185 0B38  
                             l3505 12ED                               l4057 08FB  
                             l3435 0F79                               l3427 0F45  
                             l3363 0D4B                               l3347 0D28  
                             l4323 15E7                               l4315 15CF  
                             l4307 15BC                               l4251 12B9  
                             l3291 0CA8                               l3259 0C08  
                             l3179 0B26                               l3507 13B3  
                             l4059 0A0E                               l3515 1BB7  
                             l3099 1C73                               l4147 1BAE  
                             l3453 0FC3                               l3429 0F62  
                             l3365 0D4D                               l3349 0D30  
                             l4245 1282                               l3285 0CA1  
                             l3277 0C92                               l3269 0C72  
                             l3293 0CAA                               l3509 12DA  
                             l3439 0F7B                               l3375 0D63  
                             l3367 0D55                               l4239 1280  
                             l3711 005A                               l3703 0047  
                             l3801 00CA                               l3449 0FAD  
                             l2817 1BE4                               l3609 13F6  
                             l4281 1D34                               l3529 1B26  
                             l4441 0331                               l4425 02CB  
                             l3459 0FDC                               l3643 1473  
                             l3627 143A                               l3619 140B  
                             l4283 1D2C                               l4195 1216  
                             l3723 1D7D                               l3707 0052  
                             l3299 0CB3                               l4419 02B8  
                             l3901 1181                               l2909 1CEF  
                             l3565 102D                               l2941 1DD4  
                             l4285 1D43                               l3741 1DA6  
                             l3477 14BC                               l4453 0370  
                             l3807 00D6                               l2839 1B4F  
                             l3911 119C                               l4359 16B8  
                             l3735 1D8A                               l3727 1D84  
                             l3487 1536                               l4623 0797  
                             l4631 07B5                               l4455 0386  
                             l3833 0144                               l3921 11DD  
                             l3913 11AE                               l2961 1E06  
                             l2937 1DCC                               l3737 1D98  
                             l3745 1DB1                               l4465 03C2  
                             l4449 0366                               l4457 0394  
                             l3851 014F                               l3827 0125  
                             l3835 0101                               l3771 007D  
                             l3923 11CE                               l3907 1198  
                             l4299 15A4                               l3659 1AC2  
                             l3853 016C                               l3837 0149  
                             l3773 0085                               l3749 1DB9  
                             l3685 001B                               l4557 05B1  
                             l4469 03DC                               l3863 0185  
                             l3791 00A3                               l3767 007A  
                             l3935 1206                               l2983 19ED  
                             l3695 0023                               l3679 0010  
                             l3873 01B7                               l2969 1E15  
                             l3697 0031                               l4569 061A  
                             l3859 0183                               l3787 00A0  
                             l3963 16E0                               l2979 19E7  
                             l3877 01D0                               l3981 16F5  
                             l2997 1079                               l3967 16DA  
                             l3959 16DE                               l3889 01F4  
                             STR_1 0833                               STR_2 08A8  
                             STR_3 088C                               STR_4 0882  
                             STR_5 0896                               STR_6 087C  
                             STR_7 0891                               STR_8 089B  
                             STR_9 08A0                               u4005 0CD2  
                             u3135 1B58                               u3090 1BE1  
                             u3155 1CB8                               u5005 010A  
                             u3325 1F1E                               u5015 0113  
                             u3271 108A                               u3272 108B  
                             u4305 0F49                               u4225 0E66  
                             u3273 1090                               u3274 1091  
                             u5035 011E                               u3291 10B0  
                             u3275 1096                               u3355 1F3E  
                             u3515 1C82                               u3292 10B1  
                             u3276 1097                               u5045 0133  
                             u4405 0FB6                               u4325 0F54  
                             u3293 10B6                               u3525 1C8E  
                             u3710 0B94                               u3294 10B7  
                             u4415 0FCE                               u3295 10BC  
                             u3455 1B71                               u3535 1C98  
                             u3720 0B95                               u3296 10BD  
                             u4265 0EFA                               u3705 0B88  
                             u4505 137D                               u3385 1F59  
                             u5075 0153                               u4195 0E0D  
                             u5315 11F1                               u5235 11A5  
                             u4515 1396                               u6107 025E  
                             u5165 01A2                               u4605 1A14  
                             u4525 1306                               u3565 1C0F  
                             u6117 0274                               u5175 01C0  
                             u5095 015E                               u4295 0F31  
                             u5255 11C1                               u4535 12E8  
                             u4455 130D                               u3495 1C76  
                             u6207 1B9C                               u6127 029A  
                             u5185 01DB                               u4625 1411  
                             u3905 0C94                               u4705 1AD2  
                             u4465 1328                               u5505 0937  
                             u6217 1CC6                               u3585 1C20  
                             u6137 02B2                               u4395 0F98  
                             u5275 11D6                               u4635 1420  
                             u6307 1FBB                               u3851 0C33  
                             u3843 0C1A                               u3835 0BFC  
                             u3755 0BB6                               u5515 0974  
                             u4555 1BBF                               u6227 1CD5  
                             u3595 1C29                               u6147 02D3  
                             u3860 0C47                               u3852 0C34  
                             u6317 1FD0                               u5445 1C3B  
                             u3861 0C48                               u3853 0C39  
                             u4485 1349                               u5605 0A8E  
                             u6237 1CDF                               u6157 032A  
                             u3862 0C4D                               u3854 0C3A  
                             u6407 149E                               u6327 1FE5  
                             u6247 122B                               u3863 0C4E  
                             u3855 0C3F                               u4495 1363  
                             u5615 0AC6                               u5535 09A3  
                             u6167 038E                               u5384 170C  
                             u3856 0C40                               u5385 170A  
                             u6417 1011                               u6337 1FFA  
                             u6257 12A5                               u5545 09CF  
                             u6177 078F                               u6097 0242  
                             u6507 19D1                               u6427 1039  
                             u6347 1A45                               u6267 1F7F  
                             u4755 0026                               u6187 07AE  
                             u6517 19E2                               u6437 1CFB  
                             u6357 1AAE                               u6277 1F8E  
                             u5565 09EF                               u5485 0903  
                             u6197 07BD                               u6527 16C5  
                             u6447 1D18                               u6367 1ABA  
                             u6287 1F9D                               u4855 1D8D  
                             u4775 0032                               u4695 1ACB  
                             u5495 091D                               u6537 16D1  
                             u6457 1A6D                               u6377 13C7  
                             u6297 1FAC                               u4785 003E  
                             u5585 0A67                               u6547 16E4  
                             u6467 1A76                               u6387 13D5  
                             u4875 1D9E                               u4795 0048  
                             u5595 0A6F                               u6557 16EF  
                             u6477 1A7F                               u6397 13FC  
                             u4885 1DA7                               u6567 16FD  
                             u6487 1A57                               u6577 1A01  
                             u6497 1A60                   _FAT32_AppendLine 1D28  
           ??_calculate_temp_stats 0068                       SD_Init@retry 0026  
              FAT32_AppendLine@len 0036                  ?_Lcd_Write_String 0070  
                             _main 0200                               clr@t 0070  
                  __end_of_SD_Init 12D8                   __end_of_I2C_Init 19E5  
                 __end_of_I2C_Read 1045                               btemp 007E  
                 __end_of_I2C_Stop 1A82                               start 0000  
               ??_Lcd_Write_String 0076                      _SD_WriteBytes 13BA  
            DHT22_read@dht_humedad 0054                    ___fldiv@new_exp 0032  
 __end_of_display_quartiles_screen 1E88                    __end_of_Lcd_Cmd 1AC0  
                ___bmul@multiplier 0073                              ??_clr 0070  
                      ?_SDA_drive0 0070                  ??_DS3231_ReadTime 0078  
                  __end_of_bcd2dec 1A1F                      ___fltol@sign1 006C  
                  __end_of___fladd 0D0B                              ?_main 0070  
                  __end_of___fldiv 0200                    __end_of___awdiv 005F  
                  __end_of___lbdiv 1B02                              STR_10 0887  
                            STR_11 08A4                              STR_20 086B  
                            STR_12 0874                              STR_13 0853  
                            STR_21 0835                              STR_14 0860  
                            STR_15 0826                              STR_16 086B  
                            STR_17 0810                              STR_18 0844  
                  __end_of___awmod 1DBE                    __end_of___lbmod 1B8B  
                  __end_of___flmul 1000                    __end_of___fltol 1F75  
                            _ANSEL 0188                    ___awdiv@divisor 0076  
                  __end_of___lwdiv 1CA7                    __end_of___lwmod 1C38  
                  ___awdiv@counter 0020                       main@last_min 00EC  
                  _temp_buffer_idx 006F            __size_of_Lcd_Set_Cursor 0028  
                   DHT22_read@bits 005C                        ?_SCL_drive0 0070  
                            _fat32 00DF               FAT32_AppendLine@line 007C  
                     main@temp_int 00CC                              main@p 00DE  
                            main@t 00D7                  __end_of_I2C_Start 1A66  
                __end_of_I2C_Write 1D28                              pclath 000A  
                            status 0003                              wtemp0 007E  
                 SD_WriteBytes@buf 002A                   SD_WriteBytes@len 002C  
                  ___lbdiv@divisor 0070                     ?_SD_WriteBytes 0024  
                  ___lbdiv@counter 0073                   __end_of_Lcd_Init 2000  
                 __end_of_Lcd_Port 1A35                    __initialization 07C5  
                     __end_of_main 07C5                  ?_DS3231_IsPresent 0070  
             _display_stats_screen 1E88                 ??_DS3231_IsPresent 0074  
                           ??_main 00C0                 __size_of_Lcd_Clear 0016  
                        I2C_Read@d 0072                          I2C_Read@i 0073  
                     ?_SDA_release 0070                    _SD_SPI_Transfer 1BD8  
                        ??_SD_Init 007C                   ___awdiv@dividend 0078  
                           _ANSELH 0189              SD_SPI_Transfer@result 0076  
                     ??_FAT32_Init 0070                          ??_Lcd_Cmd 0071  
              __size_of_SDA_drive0 0006            __size_of_Lcd_Write_Char 003E  
                           _SD_Cmd 1DBE                   _temp_buffer_full 00E7  
                 __end_of___xxtofl 120F                       ??_DHT22_init 0070  
                     ??_DHT22_read 0055                             _pf$226 00A9  
                        ??_bcd2dec 0074                             ___flge 1045  
                           ___bmul 19E5                __size_of_SCL_drive0 0006  
                        ??___fladd 005C                             ___wmul 1AC0  
                     ?_SCL_release 0070                          ??___fldiv 0028  
                        ??___awdiv 007A                          ??___lbdiv 0071  
                        ??___awmod 007B                          ??___lbmod 0071  
                        ??___flmul 0042                          ??___fltol 00A0  
                        ??___lwdiv 0074                          ??___lwmod 007C  
       calculate_temp_stats@sorted 00A0                       ?_SD_SPI_Init 0070  
            ?_display_stats_screen 0070                   ___awdiv@quotient 0022  
                  ___awmod@divisor 0024                    ___awmod@counter 007C  
                           main@sd 00C9                 __end_of_FAT32_Init 19C8  
                        ?_I2C_Init 0070                          ?_I2C_Read 0070  
               __size_of__Umul8_16 0023                          ?_I2C_Stop 0070  
                    main@view_mode 00CE  __size_of_display_quartiles_screen 0069  
        ?_display_quartiles_screen 0070        __end_of_display_main_screen 116C  
               __end_of_DHT22_init 1A09                 __end_of_DHT22_read 1800  
                 ___lbdiv@dividend 0072                    Lcd_Set_Cursor@a 0077  
                  Lcd_Set_Cursor@b 0074                    Lcd_Set_Cursor@y 0079  
                  Lcd_Set_Cursor@z 0078                  SD_WriteBytes@resp 0031  
                       ___flge@ff1 0070                         ___flge@ff2 0074  
                     ___xxtofl@arg 007A                       ___xxtofl@exp 0079  
                     ___xxtofl@val 0070                    ??_SD_WriteBytes 002D  
                  ___lbmod@divisor 0070            __end_of__initialization 07FC  
                  ___lbmod@counter 0075                  __end_of_Lcd_Clear 1A4B  
                       ___fltol@f1 0068                ___bmul@multiplicand 0070  
                   __pcstackCOMMON 0070                       __pidataBANK1 19A3  
            DHT22_read@rawhumidity 0059           __end_of_FAT32_AppendLine 1D73  
                 ___lbdiv@quotient 0074                         __end_of_p2 1B23  
                       __end_of_pf 1596            __end_of_SD_SPI_Transfer 1C06  
                   _Lcd_Set_Cursor 1BB0                         ??_I2C_Init 0070  
                       ??_I2C_Read 0070                         ??_I2C_Stop 0070  
                   sort_temps@temp 0028                          ?_Lcd_Init 0070  
                        ?_Lcd_Port 0070            calculate_temp_stats@sum 00BA  
                       __pbssBANK0 006F                         __pbssBANK1 00DF  
                       __pbssBANK3 0190                      ??_DS3231_Init 0071  
                          ?_SD_Cmd 0077                    _DS3231_ReadTime 1596  
                __end_of__Umul8_16 1B68           DHT22_read@rawtemperature 0062  
                       __pmaintext 0200                            ?___flge 0070  
                          ?___bmul 0070                            ?___wmul 0070  
                          SD_Cmd@i 0022                            SD_Cmd@r 0021  
           ??_display_stats_screen 007E        __size_of_add_temp_to_buffer 0033  
                     ??_SDA_drive0 0070          __size_of_Lcd_Write_String 0022  
           __end_of_Lcd_Set_Cursor 1BD8                         I2C_Write@i 0073  
                        ?___xxtofl 0070                       ??_SCL_drive0 0070  
                        SD_Cmd@cmd 0023                          SD_Cmd@arg 0077  
                        SD_Cmd@crc 0020                         ??_Lcd_Init 0074  
                       ??_Lcd_Port 0070                            _SD_Init 120F  
                       __stringtab 0800               __size_of_SDA_release 0004  
                   _Lcd_Write_Char 1CA7                            _Lcd_Cmd 1A9F  
                 DHT22_read@result 005B                 __end_of_SDA_drive0 19A3  
                  __size_of_SD_Cmd 0061                          _I2C_Start 1A4B  
    __size_of_calculate_temp_stats 0220                          _I2C_Write 1CE5  
              __end_of_DS3231_Init 19D6                            _bcd2dec 1A09  
                     I2C_Write@ack 0072                    __size_of___flge 0093  
                  __size_of___bmul 0011                            ___fladd 0ADE  
                          ___fldiv 005F                            ___awdiv 0005  
                          ___lbdiv 1AE1                 __end_of_SCL_drive0 199D  
                          ___awmod 1D73                            ___lbmod 1B68  
                          ___flmul 0D0B             display_main_screen@hum 00B3  
                          ___fltol 1EFA                    __size_of___wmul 0021  
                          ___lwdiv 1C6B                            ___lwmod 1C06  
             __size_of_SCL_release 0004                    ?_Lcd_Set_Cursor 0074  
                          __ptext1 1B8B                            __ptext2 1E88  
                          __ptext3 1E1F                            __ptext4 10D8  
                          __ptext5 14A3                            __ptext6 1C06  
                          __ptext7 1C6B                            __ptext8 1EFA  
                          __ptext9 1B02               __size_of_SD_SPI_Init 000B  
                 ?_SD_SPI_Transfer 0070                       __size_of_clr 001D  
                       ??___xxtofl 0074                   ___awmod@dividend 0026  
                          main@h10 00CA          __size_of_DS3231_IsPresent 0013  
                          main@cnt 00C8                            main@hum 00CF  
                          clrloop0 19AA             __end_of_Lcd_Write_Char 1CE5  
          __end_of_DS3231_ReadTime 16BD               end_of_initialization 07FC  
                       ?_I2C_Start 0070                         ?_I2C_Write 0070  
                 DS3231_ReadTime@r 0079                          Lcd_Port@a 0070  
                       _temp_stats 0190                          _PORTAbits 0005  
                        _PORTBbits 0006                          _PORTCbits 0007  
                        _PORTDbits 0008                        ___fladd@grs 0067  
                 ___lbmod@dividend 0074                      ___xxtofl@sign 0078  
                        _TRISAbits 0085                          _TRISBbits 0086  
                        _TRISCbits 0087                          _TRISDbits 0088  
                __size_of_I2C_Init 000F                  __size_of_I2C_Read 0045  
                      ___fldiv@grs 0034                        ___fldiv@rem 002D  
                __size_of_I2C_Stop 001C                    ?_Lcd_Write_Char 0070  
                Lcd_Write_String@a 0078                  Lcd_Write_String@i 0076  
                      ___lbmod@rem 0076                        ___flmul@grs 0049  
                       main@dht_ok 00C7                        _DS3231_Init 19C8  
                       _sort_temps 12D8                     __end_of_SD_Cmd 1E1F  
                _read_button_press 1B8B                          _Lcd_Clear 1A35  
               ?_read_button_press 0070                     __end_of___flge 10D8  
                   __end_of___bmul 19F6                     __end_of___wmul 1AE1  
                 _Lcd_Write_String 1B23                  ?_FAT32_AppendLine 007C  
              ??_read_button_press 0070                 ??_FAT32_AppendLine 0034  
              start_initialization 07C5                        __end_of_clr 1A9F  
            calculate_temp_stats@i 00BF              calculate_temp_stats@n 00BE  
                 ?_DS3231_ReadTime 0070                  __size_of_Lcd_Init 008B  
                __size_of_Lcd_Port 0016                           ??_SD_Cmd 007B  
     __size_of_display_main_screen 0094          __end_of_read_button_press 1BB0  
            __end_of_SD_WriteBytes 14A3                        ??_I2C_Start 0070  
                      ??_I2C_Write 0070                         ?_Lcd_Clear 0070  
                         ??___flge 0078                           ??___bmul 0071  
                         ??___wmul 0074                          __Umul8_16 1B45  
                      __pdataBANK1 00E8                    Lcd_Write_Char@a 0075  
                  Lcd_Write_Char@y 0074           _display_quartiles_screen 1E1F  
                        ___fladd@a 0058                          ___fladd@b 0054  
                        ___fldiv@a 0020                          ___fldiv@b 0024  
         FAT32_AppendLine@filename 0035                          ___flmul@a 003E  
                        ___flmul@b 003A                          ___latbits 0002  
                    __pcstackBANK0 0020                      __pcstackBANK1 00A0  
                __size_of___xxtofl 00A3                   _DS3231_IsPresent 08AB  
                         ?_SD_Init 0070                        _data_sector 00E8  
                    sort_temps@arr 002D                           ?_Lcd_Cmd 0070  
                      ?_sort_temps 007C                        sort_temps@i 002C  
                      sort_temps@j 002E                        sort_temps@n 007C  
                 ___lwdiv@dividend 0072                        I2C_Read@ack 0071  
       __end_of_add_temp_to_buffer 1C6B                   ??_Lcd_Set_Cursor 0075  
                         ?_bcd2dec 0070                           ?___fladd 0054  
                         ?___fldiv 0020                           ?___awdiv 0076  
                         ?___lbdiv 0070                           ?___awmod 0024  
                         ?___lbmod 0070                           ?___flmul 003A  
                         ?___fltol 0068                         ?__Umul8_16 0070  
                         ?___lwdiv 0070                           ?___lwmod 0078  
        DHT22_read@dht_temperatura 0061      __size_of_display_stats_screen 0072  
                        __pstrings 0800       __end_of_calculate_temp_stats 0ADE  
                         SD_Init@i 0025                           SD_Init@r 0024  
                         _I2C_Init 19D6                           _I2C_Read 1000  
                         _I2C_Stop 1A66                      ??_SDA_release 0070  
                 ___lwdiv@quotient 0075                        __size_of_p2 0021  
                      __size_of_pf 00F3                DS3231_ReadTime@time 007A  
                   ___wmul@product 0074         __size_of_read_button_press 0025  
                        clear_ram0 19A9                           Lcd_Cmd@a 0073  
         _calculate_temp_stats$237 00B8                        ??_Lcd_Clear 0074  
                    ??_SCL_release 0070                      ??_SD_SPI_Init 0070  
               DS3231_IsPresent@ok 0075                        __stringbase 080F  
                ___wmul@multiplier 0070             SD_WriteBytes@data_byte 0030  
              __size_of_sort_temps 00E2                   ??_Lcd_Write_Char 0071  
                      DHT22_read@i 0064                        DHT22_read@j 0065  
                         _Lcd_Init 1F75                           _Lcd_Port 1A1F  
         __size_of_SD_SPI_Transfer 002E                   __size_of_SD_Init 00C9  
                   SD_WriteBytes@i 0032           __end_of_Lcd_Write_String 1B45  
                       _FAT32_Init 19BC                __end_of_SDA_release 1997  
                     ?_DS3231_Init 0070                   __size_of_Lcd_Cmd 0021  
              SD_SPI_Transfer@data 0074                         _DHT22_init 19F6  
                       _DHT22_read 16BD                   __size_of_bcd2dec 0016  
                         bcd2dec@b 0077                      I2C_Write@data 0071  
                      ??__Umul8_16 0072                   __size_of___fladd 022D  
                 __size_of___fldiv 01A1                   __size_of___awdiv 005A  
                 __size_of___lbdiv 0021                   __size_of___awmod 004B  
                 __size_of___lbmod 0023                   __size_of___flmul 02F5  
                 __size_of___fltol 007B                   __size_of___lwdiv 003C  
                 __size_of___lwmod 0032            display_main_screen@temp 00AF  
               __end_of__stringtab 0810       read_button_press@last_button 00ED  
              _display_main_screen 10D8                __end_of_SCL_release 1993  
                         ___xxtofl 116C                __end_of_SD_SPI_Init 19BC  
                         _main$327 00C3                    ___lwdiv@divisor 0070  
                  ___lwdiv@counter 0077                           __ptext10 1B68  
                         __ptext11 1AE1                           __ptext20 0005  
                         __ptext12 1B23                           __ptext21 1C38  
                         __ptext13 1CA7                           __ptext30 1D28  
                         __ptext22 1D73                           __ptext14 1BB0  
                         __ptext31 13BA                           __ptext23 120F  
                         __ptext15 08BE                           __ptext40 1CE5  
                         __ptext32 1DBE                           __ptext24 19B1  
                         __ptext16 12D8                           __ptext41 1A66  
                         __ptext33 1BD8                           __ptext25 1F75  
                         __ptext17 1045                           __ptext50 116C  
                         __ptext42 1A4B                           __ptext34 1596  
                         __ptext26 1A35                           __ptext18 1AC0  
                         __ptext51 0D0B                           __ptext43 199D  
                         __ptext35 1A82                           __ptext27 1A9F  
                         __ptext19 0ADE                           __ptext52 1B45  
                         __ptext44 1997                           __ptext36 1A09  
                         __ptext28 1A1F                           __ptext53 005F  
                         __ptext45 19C8                           __ptext37 19E5  
                         __ptext29 19BC                           __ptext54 19F6  
                         __ptext46 19D6                           __ptext38 1000  
                         __ptext47 1993                           __ptext39 08AB  
                         __ptext48 198F                           __ptext49 16BD  
        __size_of_FAT32_AppendLine 004B                   SD_SPI_Transfer@i 0075  
             display_main_screen@t 006E               ?_display_main_screen 00AF  
                    __size_of_main 05C5               _calculate_temp_stats 08BE  
       ??_display_quartiles_screen 007E    read_button_press@current_button 0072  
         __end_of_DS3231_IsPresent 08BE                           main@temp 00D3  
                      _SDA_release 1993                 Lcd_Write_Char@temp 0073  
                      ?_FAT32_Init 0070              ??_display_main_screen 007E  
                 ___lwmod@dividend 007A                       ??_sort_temps 0020  
            ?_calculate_temp_stats 0070                  ??_SD_SPI_Transfer 0070  
                        stringcode 080A           __size_of_DS3231_ReadTime 0127  
                      ?_DHT22_init 0070                        ?_DHT22_read 0054  
                      _SCL_release 198F                        _temp_buffer 01AD  
                      _SD_SPI_Init 19B1                         _SDA_drive0 199D  
               Lcd_Set_Cursor@temp 007A             __Umul8_16@multiplicand 0070  
               _add_temp_to_buffer 1C38                    ___lwmod@divisor 0078  
           __size_of_SD_WriteBytes 00E9                    ___lwmod@counter 007D  
                         stringdir 080A                 __end_of_sort_temps 13BA  
                         stringtab 0800                         _SCL_drive0 1997  
                    ___fladd@signs 0064                ?_add_temp_to_buffer 0028  
              SD_WriteBytes@offset 0028                SD_WriteBytes@sector 0024  
     __end_of_display_stats_screen 1EFA                       ___fladd@aexp 0065  
                     ___fladd@bexp 0066               __Umul8_16@multiplier 0078  
             __size_of_DS3231_Init 000E             add_temp_to_buffer@temp 0028  
                __Umul8_16@product 0074  
